ID,Type,Date,Title,Description,URL
clb1ctrf722090nln0ql3tvm8,BLOGPOST,2022-07-02T00:00:00.000Z,Cómo vivir de la enseñanza - Empezando a enseñar,"La primera opción para trabajar como docente es pertener a alguna institución formal de educación, como las escuelas y las universidades. Pero estas instituciones no son los únicos lugares en donde la gente va a aprender programación (u otro tipo de tecnología); en los últimos años, un número creciente de personas ha acudido a talleres free-range y programas de entrenamiento intensivo. Ya sea como docente contratado, independiente o como parte de una comunidad de práctica vas a tener que empezar de alguna manera. En esta primera entrega te compartimos una serie de ideas justamente para que puedas empezar.",https://yabellini.netlify.app/blog/page/4/
clb1cowd721890nlntbkwd2zz,BLOGPOST,2022-07-09T00:00:00.000Z,Scenario analysis. What to do when thing do not go so well in the classroom?,"Often, as teachers, we encounter complex situations in the classroom. Sometimes we witness discrimination, oppression, escalating arguments, unhealthy dynamics or disruptive students. Sometimes we are so shocked by the situation that we cannot react appropriately and sometimes we do not know what to do.

The solution is education and practice. At the RStudio Instructor Training and Open Life Science Ally Workshop I learned that people who have thought and reflected on such situations are more likely to do something and do it effectively in the real world.

This lesson is intended to provide a friendly and safe environment to discuss situations that might occur in a real-world classroom.

I designed these scenarios based on material from the RStudio Instructor training, the Open Life Science Allies Workshop, and the books How Learning Works and Teaching Tech Together. I used them twice during two Spanish-language instructors' training for The Carpentries.",https://yabellini.netlify.app/blog/2022_teaching_en/03-teaching/
clb1cpvfc21950nlnhkeg3aon,BLOGPOST,2022-07-04T00:00:00.000Z,Cómo vivir de la enseñanza - Dandote a conocer,"En esta tercera entrega de la serie presentamos una serie de puntos a tener encuenta para darte a conocer a tus potenciales clientes, incluido como compartir el material de tus cursos.",https://yabellini.netlify.app/blog/2022_teaching-getting-paid_es/03-teaching-getting-paid/
clb1cr7a822010nlnxr5bwfq6,BLOGPOST,2022-07-03T00:00:00.000Z,Cómo vivir de la enseñanza - Como determinar cuanto cobrar,"Una de las consultas más comunes de las personas que se emepiezan a dedicar a enseñar de forma autónoma es ¿cuánto debo cobrar por mis cursos?, ¿cómo calculo el precio?. En este post una serie de ideas sobre como calcular cuanto cobrar.",https://yabellini.netlify.app/blog/2022_teaching-getting-paid_es/02-teaching-getting-paid/
clb1cuydt23200nlf35f8wxn1,BLOGPOST,2022-06-27T00:00:00.000Z,10 reglas para organizar un Club de Lectura (on-line) exitoso. - Parte II,Segunda entrega de las reglas para organizar un club de lectura con encuentros sincónicos on-line.,https://yabellini.netlify.app/blog/2022_metadocencia_club_lectura_t3/12-bookclubt3/
clb1cvs6o14040onk9agezrtr,BLOGPOST,2022-06-24T00:00:00.000Z,10 reglas para organizar un Club de Lectura (on-line) exitoso.,"La primera experiencia del Club de Lectura de Metadocencia, dejó un enorme saldo positivo para compartir. Entre los pedidos de los asistentes, se reiteró la idea de elaborar una guía sobre cómo organizar un Club de Lectura. Este post es la respuesta a ese pedido. Primera entrega.",https://yabellini.netlify.app/blog/2022_metadocencia_club_lectura_t3/11-bookclubt3/
clb1cxod301930on4ogymnxlm,BLOGPOST,2021-11-26T00:00:00.000Z,The Latin America Community at useR! 2021,"One of the main goals of useR! 2021 edition was to have a global reach and increase the participation of people from regions and countries that generally have a minor participation in the conference.

In this blog post we show you how the Latin American participation was from the point of view of people from the region.",https://user2021.r-project.org/blog/2021/11/26/latines_at_user/
clb1dcfxs22730nln2ryalfmh,BLOGPOST,2022-06-19T00:00:00.000Z,Experiences teaching on-line - Organizing a practical class online,"A 100% hands-on class means no exposure to new material and no lectures. Instead, we use the entire class to exercise and resolve doubts synchronously and online. ",https://yabellini.netlify.app/blog/2022_teaching_en/02-teaching/
clb1ddmfv22790nlnqwfkr594,BLOGPOST,2022-06-19T00:00:00.000Z,Experiencias enseñando on-line - Organizando una clase práctica online,Una clase 100% práctica significa que no hay exposición de nuevo material y no se dicta una lección. Toda la clase se utiliza para realizar ejercitación y resolver dudas de forma sincrónica y online. ,https://yabellini.netlify.app/blog/2022_teaching_es/02-teaching/
clb1deo1c22850nln1zjrwu3w,BLOGPOST,2022-05-25T00:00:00.000Z,Traducción de los contenidos de MetaDocencia,"Durante el año 2021 algunos docentes de Brasil tomaron los cursos de MetaDocencia, específicamente el Introducción al ABC para enseñar on-line. Al finalizar el curso algunas de estas personas expresaron en voz alta y en las encuestas de feedback, que sería muy útil tener el material en portugués para poder enseñar estos cursos a más docentes brasileños. En el equipo de coordinación, colaboradores y asesores habíamos empezado a discutir como podíamos ayudar a otros países que no hablan español a aprovechar y usar nuestros materiales, asi que esta propuesta podía ser una manera de dar unos primeros pasos en ese sentido.",https://yabellini.netlify.app/blog/2022_traduccion_portugues/
clb1djs0623030nlnantscmn7,BLOGPOST,2022-05-09T00:00:00.000Z,Experiencias enseñando on-line - trecientos,Detalle de la organización y herramientas de una clase on-line predominantemente teórica con más de 300 estudiantes conectados,https://yabellini.netlify.app/blog/2022_teaching_es/01-teaching/
clb1dlywy23090nln0orh46bh,SPEAKING,2022-05-08T00:00:00.000Z,Club de Lectura de Enseñar Tecnología en Comunidad,"Resumen del club de lectura, sus objetivos, cronograma y dinámica.",https://yabellini.netlify.app/blog/2022_metadocencia_club_lectura_t3/10-bookclubt3/
clb1dh9nt23920nlfvk0hpreu,BLOGPOST,2022-05-23T00:00:00.000Z,Leyendo muchos archivos markdown de varias carpetas y extrayendo datos de su YAML,"Necesitaba leer mas de 200 archivos markdown todos ubicados en diferentes carpetas y recuperar información de su YAML. Aqui el detalle de como hice esta tarea.

I needed to read more than 200 markdown files all located in different folders and retrieve information from their YAML. Here is the detail of how I did this task.",https://yabellini.netlify.app/blog/2022_leyendo_archivos_yaml/
clb1dis4s24000nlfq7g64ofn,BLOGPOST,2022-05-17T00:00:00.000Z,Metadocencia: Nurturing educators in Spanish-speaking research communities,"Last Year Paola Corrales and Yanina Bellini Saibene members from the MetaDocencia community offered the workshop From Spreadsheet to R at the Research Software Camp - Beyond the Spreadsheet. Later today (17 May 2022, they’re teaching the same workshop but in Spanish (Desde las Hojas de Cálculo a R) at the Research Software Camp - Next Steps in Coding, for the benefit of Spanish-speaking research communities. In this blog post, they tell us more about MetaDocencia.",https://www.software.ac.uk/blog/2022-05-17-metadocencia-nurturing-educators-spanish-speaking-research-communities
clb1dknth24240nlf33s5lqo3,BLOGPOST,2022-05-03T00:00:00.000Z,Experiences teaching on-line - 300 (three hundred),"Details of the design, organization and tools used in a predominantly theoretical online class with more than 300 connected students.",https://yabellini.netlify.app/blog/2022_teaching_en/01-teaching/
clb1dndus14770onk1fwcd0qj,BLOGPOST,2022-03-21T00:00:00.000Z,Conclusiones del primer encuentro del Club de Lectura,"En el primer encuentro del Club de Lectura, analizamos el capítulo Modelos mentales y evaluación formativa. Durante la presentación de Yanina Bellini Saibene surgieron comentarios y experiencias de cada participante que resignificaron el contenido desarrollado en el primer capítulo del libro Enseñando Tecnología en Comunidad.",https://yabellini.netlify.app/blog/2022_metadocencia_club_lectura_t3/02-bookclubt3/
clb1dosic14830onk4arhp9ih,BLOGPOST,2022-04-02T00:00:00.000Z,Tercer encuentro del Club de Lectura. Arquitectura cognitiva y aprendizaje Individual,"Esta vez la cita estuvo a cargo de Elio Campitelli y Yanina Bellini quienes, tomando las sugerencias de los asistentes a los encuentros previos, comenzaron con actividades para desarrollar los principales conceptos de los capítulos Arquitectura cognitiva y Aprendizaje individual.",https://yabellini.netlify.app/blog/2022_metadocencia_club_lectura_t3/04-bookclubt3/
clb1dqyoo14890onkx2xtf08y,BLOGPOST,2022-04-18T00:00:00.000Z,Quinto encuentro del Club de lectura. La pedagogía del contenido.,"En intercambios que se presentan cada vez más interesantes y profundos, el quinto encuentro del Club de lectura sobre el libro Enseñar tecnología en Comunidad presentó experiencias y ejercicios que llenaron de sentidos los dos capítulos analizados: Conocimiento de la pedagogía del contenido y Enseñar como un arte performativo.",https://yabellini.netlify.app/blog/2022_metadocencia_club_lectura_t3/06-bookclubt3/
clb1drtez14950onkwpwlgp2y,BLOGPOST,2022-04-24T00:00:00.000Z,Sexto encuentro del Club de lectura. Enseñando en persona y on-line.,"A medida que avanzan los encuentros de nuestro Club de Lectura, parece que el tiempo pasa más rápido y una hora es escaso para compartir todas las experiencias de la enseñanza y lo que surge del libro Enseñar tecnología en Comunidad

En el sexto encuentro se analizaron los capítulos “En el salón de clase” y “Enseñar en línea” que tomaron un tono diferente después de haber vivido dos años de pandemia en el mundo.

A cargo de Ernesto y Yanina, las experiencias compartidas sobre la forma en la que enseñan o enseñaron en línea cada participante del encuentro, tomaron relevancia en el marco de los conceptos del libro de Greg Wilson. ",https://yabellini.netlify.app/blog/2022_metadocencia_club_lectura_t3/07-bookclubt3/
clb1do29o02840on4f23z4qvs,BLOGPOST,2022-03-28T00:00:00.000Z,"Mapas conceptuales, una herramienta de múltiples formas y usos","El segundo encuentro de nuestro primer Club de Lectura tuvo mucha actividad y trabajo en equipo. Además de analizar el capítulo “Pericia y memoria” donde se desarrolla, principalmente el concepto de mapas conceptuales, compartimos experiencias con esta herramientas y múltiples recursos para crear mapas conceptuales.

A cargo de Pao Corrales y Yanina Bellini Saibene, la dinámica de este encuentro fue una puesta en común sobre los conceptos principales del capítulo y ejercicios que se realizaron de manera individual primero y en grupos después.",https://yabellini.netlify.app/blog/2022_metadocencia_club_lectura_t3/03-bookclubt3/
clb1dpn3w02900on4nzzp1z6w,BLOGPOST,2022-04-09T00:00:00.000Z,Cuarto Encuentro del Club de Lectura Enseñando Tecnología en Comunidad,"En este nuevo encuentro, a cargo de Pao y Jesi se analizaron los capítulos Conocimiento de la pedagogía del contenido y Enseñar como un arte performativo cuyo contenido puede leerse desde aquí: https://teachtogether.tech/es/index.html#s:pck y https://teachtogether.tech/es/index.html#s:performance

Tal como viene sucediendo en los en los encuentros anteriores, el intercambio y las actividades en grupos fueron enriquecedores y sumaron visiones desde distintas áreas donde pueden aplicarse los principios del libro Enseñar Tecnología en Comunidad.",https://yabellini.netlify.app/blog/2022_metadocencia_club_lectura_t3/05-bookclubt3/
clb1dsyku02960on4ihdcjl55,BLOGPOST,2022-05-03T00:00:00.000Z,"Septimo encuentro del Club de lectura. Comunidad, comunicación y reuniones","El último encuentro antes del gran cierre del Club de lectura sobre el libro Enseñar Tecnología en Comunidad, tuvo mucho intercambio de experiencias y aportes sobre tres capítulos que pueden analizarse en el espacio educativo, pero también en espacios de trabajo y comunidades de prácticas. Estuvo a cargo de Alejandra y Elio.",https://yabellini.netlify.app/blog/2022_metadocencia_club_lectura_t3/08-bookclubt3/
clb1dtt0u03020on4r0pfkzl5,BLOGPOST,2022-05-08T00:00:00.000Z,Cada vez que enseño aprendo algo nuevo - Greg Wilson,"El cierre del primer club de Lectura de Metadocencia tuvo como invitado al autor del libro Teaching Tech Together (Enseñar Tecnología en Comunidad en español). En un intercambio profundo y abierto, indagamos sobre las razones para enseñar y los desafíos de la enseñanza online después de la pandemia.",https://yabellini.netlify.app/blog/2022_metadocencia_club_lectura_t3/09-bookclubt3/
clb1dvzzo23210nlnkiu0qjpo,BLOGPOST,2022-04-28T00:00:00.000Z,Notas adhesivas cuando enseñas (on-line),"Las notas adhesivas un recurso que se usa en el salon de clase para conocer el estado de tus estudiantes, distribuir tu atención de manera justa y recibir feedback de tus estudiantes. Veamos como son las “notas adhesivas digitales”.",https://yabellini.netlify.app/blog/2022_notas_adhesivas_es/
clb1dvb5923150nlnny2jnoqf,BLOGPOST,2022-04-28T00:00:00.000Z,Sticky notes when teaching (on-line),"Sticky notes are a resource to use in the classroom to know the status of your students, distribute your attention fairly and receive feedback from your students. Let’s see what “digital sticky notes” look like.",https://yabellini.netlify.app/blog/2022_notas_adhesivas_en/
clb1dxlox23270nlnzql2rbms,BLOGPOST,2022-04-16T00:00:00.000Z,Reunión de sprint por chat,Trabajo a distancia con muchos equipos. Usamos plataformas de chat de texto donde tenemos reuniones. Aquí explico una forma de realizar una reunión en Slack basada en el chat de texto.,https://yabellini.netlify.app/blog/2022_meeting_chat-based_sprint_es/
clb1dyc5j24390nlfjglybkmr,BLOGPOST,2022-04-16T00:00:00.000Z,Chat-based sprint meeting,I work remotely with a lot of teams. We use text chat platforms where we have meetings. Here I explain a way to run a Slack meeting based on text chat.,https://yabellini.netlify.app/blog/2022_meeting_chat-based_sprint_en/
clb1dz8wa24450nlfaxmuf298,BLOGPOST,2022-04-15T00:00:00.000Z,Enseñando programación,"Una serie de reglas simples para enseñar a programar, resumidas del libro Enseñar Tecnología en Comunidad.",https://yabellini.netlify.app/blog/2022_teaching_programming/
clb1e0t8o24510nlfa06s9bqn,BLOGPOST,2022-03-01T00:00:00.000Z,MiR Community Highlight: Yanina Noemí Bellini Saibene,"I am very grateful to the MiR community for the opportunity to share my experience as a researcher and Latin American woman.

Access to the blog post: https://mircommunity.com/blog/mir-community-highlight-yanina-noem%C3%AD-bellini-saibene/",https://mircommunity.com/blog/mir-community-highlight-yanina-noem%C3%AD-bellini-saibene/
clb1e2pv015010onkkh3yy783,BLOGPOST,2022-02-19T00:00:00.000Z,Building inclusive communities. The Latin American R Community,"On February 19 I participated in a panel called “Building inclusive communities” Hosted by AsiaR. 
I shared the live panel with Heather Turner and Iman Al Hasani. anani Ravi and Adithi R Upadhya host the event and moderate the panel.
The idea of the panel was to share the experience of the growth of the R community in Latin America, so I made a time line with the last 5 years rescuing the most important milestones (of which I have been part as an organizer, as an assistant or enjoying them as a member of the community).
Milestones in the R community in Latin America
",https://yabellini.netlify.app/blog/2022_asiar_buildingcommunities/
clb1e4enx15070onkm4iju673,BLOGPOST,2022-02-13T00:00:00.000Z,My participation at Gaps & Opportunities for Inclusive Multilingual Data Science,"My name is Yanina Bellini Saibene, I am a Latin American cis woman, my native language is Spanish and I learned English as a consequence of wanting to learn to code. I come from a lower middle class family and we couldn’t afford the cost of learning other languages. But libraries and free school were my tool to learn. I have a degree in computer science and a master’s degree in data mining. I am a scientist. I am also a teacher. And I am not a professional translator. However I am part of several communities of practice where we have done collaborative and voluntary translations from English to Spanish. For example, guides to participate in the communities, lessons on programming tools, and books, such as Teaching Tech Together and R for Data Science. We have created R packages where the documentation and data are in Spanish and have encouraged other communities to accept packages and papers in our language for review. I have also been part of the organization of trilingual conferences, such as LatinR and conferences where we accepted talks in any language, such as useR! 2021. I co-founded MetaDocencia (which means MetaTeaching in English), where we create teaching materials in Spanish and are translating them into Portuguese. Due to my personal and community path, I consider that having the material in native language is a fundamental and necessary (but not sufficient) condition to give access to knowledge and to allow the creation of new knowledge. Translations are one of the tools to achieve this. Another tool is to have these conversations. Many thanks to The Turing Way for inviting me to be part of it.",https://yabellini.netlify.app/blog/2022_ttw_translations/
clb1e5cwp15130onksxhg6ou7,SPEAKING,2022-01-01T00:00:00.000Z,How 2021 went?,Once again we come to the end of a complex year. Reflecting on what happened is a way to improve in the future (or so I hope). This is my summary of my highs of this 2021.,https://yabellini.netlify.app/blog/2021_how2021went_en/
clb1e620g03100on460edze9w,BLOGPOST,2022-01-01T00:00:00.000Z,¿Cómo fue el 2021?,Nuevamente llegamos al final de un año complejo. Reflexionar sobre lo que pasó es una forma de poder mejorar en el futuro (o eso al menos espero). Este es mi resumen de mis momentos seleccionados de este 2021.,https://yabellini.netlify.app/blog/2021_how2021went_es/
clb1e7eu403160on4wlspuvqj,BLOGPOST,2021-12-31T00:00:00.000Z,List of events in which I participated this year,Reviewing what I did during 2021 I put together this list with the 53 events in which I participated as a speaker or organizer.,https://yabellini.netlify.app/blog/2021_eventlist_en/
cl8uau2nu772515uu1qa5vngh,SPEAKING,2021-01-21T00:00:00.000Z,"On programming, teaching, and building interactive tutorials with learnr","Teaching R is part of my activities as a community organizer, an RStudio Certified Instructor, a conference chair, and a researcher. Since 2019, I use the learnr package to generate interactive tutorials to teach R synchronously and asynchronously. The addition of the Tutorials panel in RStudio IDE and the need for virtual classes made the use of this package even more interesting. In this talk, I will tell you how to generate interactive tutorials, how to add pedagogical tools to them, what other packages you can use with {learnr} and show multilingual examples.",https://resources.rstudio.com/resources/rstudioglobal-2021/on-programming-teaching-and-building-interactive-tutorials-with-learnr/
cl8uayikh10200msj15yh97d3,SPEAKING,2021-01-21T00:00:00.000Z,Aprendiendo {learnr} - Tutoriales interactivos ,"Sitio con recursos (paquetes, blog post, videos, tutoriales, etc) en español sobre {learnr}, un paquete del lenguaje de programación R para generar tutoriales interactivos.

Este tipo de tutoriales son muy útiles para clases remotas, sincrónicas o asincrónicas y como ayuda de un paquete de R.
",https://learning-learnr.netlify.app/
cl8ub0zb010260msjj1f4bvjl,SPEAKING,2022-09-30T00:00:00.000Z,"rOpenSci, infraestructura para una ciencia abierta en Agrometeorología","Keynote en la Reunión Argentina de Agrometerología 2022 donde presento que hacemos en rOpenSci, los paquetes de nuestra suite relacionados con la agrometeorología y además menciono paquetes argentinos para la disciplina.",https://yabellini.netlify.app/talk/keynote_rada_2022/
cl8ub2dxt12420ms7q3w7o3v8,SPEAKING,2022-08-13T00:00:00.000Z,From Excel to R,Do you wonder why even use #rstats when there is #microsoftexcel?. In this talk I show the benefits and differences between the two. Organize by R-Ladies Gaborone.,https://yabellini.netlify.app/talk/r-ladies_gaborone_2022/
cl8ub7uoc18460mp63lq91j1d,SPEAKING,2022-08-09T00:00:00.000Z,"Towards More Equitable Open Science Events: Assessing Tools, Techniques, and Frameworks for Inclusion/Exclusions","Event Fund Seminar Series for grantees and CS&S affiliates / Online (Global). Multilingual events
Working towards cognitive justice
",https://yabellini.netlify.app/talk/css_2022/
cl8ub902b186716qyl618gsjl,SPEAKING,2022-08-01T00:00:00.000Z,Logrando el cambio que queremos de a una conferencia a la vez | Achieving the change we want one conference at a time,"Achieving the change we want one conference at a time.

Conferences are spaces to learn, update, meet, connect with more people, and share our work. They can help define career paths and create lasting collaborations and new opportunities. However, the participation and opportunities available at a conference are not equal for all people due to aspects unrelated to their academic and professional quality. In this talk, I will share concrete actions we can take to change the landscape of the events we organize to make them more inclusive and diverse. I will share concrete examples of the application of these practices in local to international events, both in face-to-face, virtual and hybrid modalities, and the results obtained after 20 years of organizing them. I hope these experiences will allow us to start a conversation to rethink how to overcome the current challenges and generate options to increase inclusion and diversity in conferences. I invite you to change the world one conference at a time. Slowly but steadily.",https://yabellini.netlify.app/talk/keynote_carpentrycon_2022/
cl8ubas7l774915uu4n1vbnne,SPEAKING,2022-07-31T00:00:00.000Z,Como Carpentries me ayudó a diseñar una lección online para 300 estudiantes | How The Carpentries helped me design an online lesson for 300 students,"The Buenos Aires Grain Exchange invited me to give one of the classes of its Educational Program on Agricultural Estimates and New Technologies that it carries out with NASA Harvest involving secondary agricultural schools in Argentina. My class was one of the last in the program’s schedule and was a single two-hour meeting. The platform has a campus for asynchronous interaction and makes the materials available and Zoom for the synchronous session.

The objectives of my lesson are to explain concepts related to new information and communication technologies applied to agriculture, focusing on the use of remote sensors for agricultural estimations. Before my class, the students saw what agricultural estimates are and how we can use satellite images to make them.

So far, this class looks similar to other online courses where I am a guest. But now comes the exciting part of this case: the number of students is 300. The student’s teachers attend the class too. The other detail is that they can connect one to one (one device, one student) and one too many. I will share how the teaching tools that Carpentries used to teach helped me to design an interactive class where active learning and teaching happened with a predominantly theoretical topic and three hundred people participating. Finally, I will mention my tools and provide templates for the material and student feedback.",https://yabellini.netlify.app/talk/lightning_talk_carpentrycon_2022/
cl8ube2vh775515uuvam1655p,SPEAKING,2022-07-06T00:00:00.000Z,"Geotecnologías, BigData, Aprendizaje automático y emergencias agropecuarias","En esta charla presento aplicaciones prácticas de geotecnologías en la nube para realizar seguimiento de emergencias agropecuarias. En esta se enfoca en inundaciones y que tipo de tecnología utilizamos para compartir y procesar los datos y construir los modelos.
Seminario de Aplicación al Ambito público - Maestría en Ciencia de Datos - Univ. de San Andrés
",https://yabellini.netlify.app/talk/seminarioaplicacionespublicas_2022/
cl8uc3rpw78210mozrqvu24ij,SPEAKING,2022-06-10T00:00:00.000Z,Comunidades de práctica. Desarrollando capacidades en ciencia de datos en América Latina,I mention the history of the R Community development in Latin America and how people can participate and contribute.,https://yabellini.netlify.app/talk/wisd_la_plata_2022/
clb2q2ww521521anhegs8pupu,SPEAKING,2022-09-15T00:00:00.000Z,GitHub Stars Latin American Panel,I was invited to Octogatos Conf 2022 as GitHub Starts to the Stars panel.,https://sessionize.com/octogatosconf22
clb3n7zj3270816oih9jsabye,OPEN_SOURCE_PROJECT,2022-05-02T00:00:00.000Z,[Open Course] From Spreadsheets to R,"This course is intended for people who use spreadsheets for data manipulation and have never programmed but would like to learn how to work with R. Therefore, it starts from the beginning: why use R? and where to start?

It is also available in Spanish: De planillas de cálculo a R - https://yabellini.netlify.app/courses/deplanillasdecalculoar/

Este curso está dirigido a personas que utilizan hojas de cálculo para la manipulación de datos y que nunca han programado, pero que les gustaría aprender a trabajar con R. Por lo tanto, comienza desde el principio: ¿por qué utilizar R? y ¿por dónde empezar?",https://yabellini.netlify.app/courses/fromspreadsheettor/
clb3na3ev271416oijj81xavh,OPEN_SOURCE_PROJECT,2022-02-28T00:00:00.000Z,[Open Course] - Ciencia de Datos para el Turismo,"La ciencia de datos es una disciplina que ha brindado nuevas y maravillosas posibilidades a muchas industrias por medio de la explotación de datos. Junto con estas posibilidades, también ha traído consigo cambios y desafíos constantes. La industria del turismo no es una excepción. En este taller realizaremos una introducción al concepto de ciencia de datos y su proceso. Introduciremos el lenguaje de programación R como la caja de herramientas principales para poder llevar adelante cada tarea y etapa de este proceso.",https://yabellini.netlify.app/courses/cd_turismo_2021/
clb3ndxk9272016oi8livqeze,OPEN_SOURCE_PROJECT,2022-08-31T00:00:00.000Z,[Open Course] Introduction to interactive tutorials,"Objectives

To introduce the {learnr} and {gradethis} packages and show how to use it to create interactive tutorials. These interactive tools allow the students to run R code directly in the tutorial, to answer to questions and to receive immediate feedback.
Intended public of this course

When we designed this workshop, we had in mind Josefina, Francisco and Alex as our learner personas.

    Josefina: teaches R at University. She is interested in giving automated feedback to the R exercises given to her students.

    Francisco: is a professional developer and wants to explore the interactive tutorials as possible part of the help and documentation of his packages.

    Alex: wants to develop tutorials to publish them as shiny applications so that their students could start right away with R without painful installations.

It is also available in Spanish: https://yabellini.netlify.app/courses/tutorialesinteractivos_intro/",https://yabellini.netlify.app/courses/interactive_tutorials_intro/
clb3nfyq9272616oi1g3ir2re,OPEN_SOURCE_PROJECT,2022-09-01T00:00:00.000Z,[Open Course] - Version Control. Primeros pasos de Git con GitHub y R,"Contenido:

    Qué es el control de versiones.
    Qué es git, que diferencia tiene con GitHub.
    Cuales son los estados de un archivo que tiene control de versiones.
    Cuales son los comandos de git para cambiar esos estados.
    Como tener control de versiones en un proyecto de RStudio y GitHUb.
    Cómo aplico los comandos de git desde RStudio.

Los materiales presentan un video con el taller completo, incluyendo conceptos teóricos y práctica con código.",https://yabellini.netlify.app/courses/git_rstudio_course/
clb3n8zwv275416p86w5xnkge,SPEAKING,2022-09-12T00:00:00.000Z,[Open Course] Intro al sensoramiento Remoto utilizando R aplicado al agro,Curso introductorio al lenguaje R y al ecosistema espacial con foco en el paquete rgee y sus aplicaciones agropecuarias,https://yabellini.netlify.app/courses/agri_remote_sensing/
clb3nbw1w276016p8tb8sb6hp,OPEN_SOURCE_PROJECT,2022-05-31T00:00:00.000Z,[Open Course] How to teach programming online,"To introduce techniques and good practices to design your programming courses and evaluate students.

During this online workshop:

    We will show you how to design your programming courses in an efficient and productive way.

    We will talk about the utility of peer-review and the importance of feedback. We will discuss how to implement these practices.

    We will present different types of evaluations. For example, fill-in the blanks, faded examples, etc.

    We will recap good programming practices and how to promote them among your students.

    We will present the Live Coding practice. We will see examples that will help you to recognize details to take into account.

During this workshop, we will illustrate the concepts using examples written in R and Python.",https://yabellini.netlify.app/courses/teach_programming/
cladyhcoc417816ml9oi9bbqy,SPEAKING,2022-11-04T00:00:00.000Z,rOpenSci. Bringing the best parts of academic peer-review to research software,"I present the code peer review process for scientific software we implement at rOpenSci at the Notebooks Now! Workshop. Elevating Computational Notebooks as Primary Elements of the Scientific Record.  I show rOpenSci's process using GitHub and Automation.
https://data.agu.org/notebooks-now/",https://yabellini.netlify.app/talk/
cladyjzl050720npnoss6cg4n,SPEAKING,2022-11-03T00:00:00.000Z,I’ve got a little black Notebook with my code in | Tengo una pequeña notebook negra con mi código en ella,I present examples of the use of Notebooks for teaching and research at the Notebook Now! Workshop on elevating Computational Notebooks as Primary Elements of the Scientific Record.,https://yabellini.netlify.app/talk/notebooksnow_agu_2022/
cladymuv351000mmji28iol3b,SPEAKING,2022-10-18T00:00:00.000Z,rOpenSci. Open Source Software Community,I present rOpenSci and the Champions Program at the Abuja R User Group.,https://yabellini.netlify.app/talk/ropensci_champion_abuja_2022/
cladyr8zc418416mlqp3bmvix,EVENT_ORGANIZATION,2022-11-01T00:00:00.000Z,Mentoring & training program for Scientific Open Source Champions,"Champions programs are designed to identify, recognize, and reward emerging leaders within a community. The rOpenSci Champions Program is part of a series of activities and projects we are carrying out to ensure our research software serves everyone in our communities, which means that it needs to be sustainable and open, and built by and for all groups.

On this call Santosh and Emanuele will share their experience of being champions in their communities. We will highlight the benefits of being part of a champions program for you and for your community, what kind of learning, activities and opportunities an open source community champions program provides. Yani will present the details of our Champion Program and answer all your question about it.",https://ropensci.org/commcalls/oct2022-champions/
clb3njzq835540mnodz8goyb6,OPEN_SOURCE_PROJECT,2022-06-01T00:00:00.000Z,[Open Course] - Introducción al ABC para enseñar (y hacer otras cosas) online,"Curso corto con métodos para organizar eventos on-line activos. Se enseñan las herramientas usandolas:
-    usamos un documento compartido para resolver ejercicios,
 -   hicimos pausas cada hora,
 -  no enseñamos solas,
 -  no le enseñamos a sillas vacías,
 -  las ayudantes estuvieron atentas al chat y resolvieron problemas técnicos y consultas,
 -  silenciamos temprano, silenciamos seguido,
 -  mostramos el mapa al inicio del evento, explicando el código de conducta, pidiendo permiso para grabar, sacar fotos y guardar el chat y explicando las licencias para compartir y usar el material.
 - hablamos de accesibilidad de materiales y eventos.",https://yabellini.netlify.app/courses/introalabc_corto/
cladyxsif419516mlb2cxqdjb,SPEAKING,2022-10-14T00:00:00.000Z,Cómo ganarse la vida enseñando R,"Serie de ideas sobre como empezar a ser una educadora autónoma, como calcular cuanto cobrar, como hacerte conocer y compartir tu material manteniendo tu autoría.",https://yabellini.netlify.app/talk/latinr_2022_teachandgetpaid/
cladyyxtr420116mlr2t5h1lw,SPEAKING,2022-10-13T00:00:00.000Z,10 reglas para organizar un Club de Lectura (on-line) exitoso,Diez puntos relevantes que ordenan las ideas ganadas de la experiencia de organizar un club de lectura on-line exitoso como una guía potencial para quienes quieran realizar este tipo de evento.,https://yabellini.netlify.app/talk/latinr_2022_book_club/
clb3nljpl36220nos1r1igxrd,OPEN_SOURCE_PROJECT,2022-06-01T00:00:00.000Z,[Open Course]-Introduction to online teaching essentials,"To introduce basic good practices for classroom (or seminar, workshop, talk) management using Zoom or a similar online meeting platform. Every detail of the workshop, from the demonstration of interest and pre-registration form to the feedback request at the end of the workshop, including its execution using Zoom, is a demonstration of the strategies that can be adopted or adapted to any synchronous teaching.

During this online workshop:

    We will demonstrate how to contact and prepare students to join a synchronous class

    We will demonstrate how to manage an up-to-20-person synchronous virtual classroom using Zoom

    We will see examples of how to create a positive environment for our audience

    We will have an introduction to the pedagogical concepts of:
        Designing classes keeping the audience that will be receiving the material in mind (learning personas)
        Outlining a course content using concept maps
        Formative evaluation with diagnostic power approximately every 15 minutes to know if your students are following the class and correct them on the fly when you detect that something is not clear to most of them
        Participation in a joint collaborative document to take notes or solve formative assessments
        Other bite-sized, evidence-based, and easy-to-implement pedagogical tools
        Asking your audience for feedback after each class and the importance of including both positive and negative feedback

    We will present key sources, in increasing order of complexity, from which we will continue to learn pedagogical practices
",https://yabellini.netlify.app/courses/intro-abc-online/
cladz3pzr40080mm1pvaza707,SPEAKING,2022-10-13T00:00:00.000Z,Sistema de consulta de datos e información agrometeorológica y agroclimática para la provincia de La Pampa,"Paper (and talk) on LatinR 2022| Conferencia Latinoamericana sobre Uso de R en Investigación + Desarrollo / Online (Latinoamérica)

By Juan Pablo Ferrandez, Natalia Gattinoni, Romina Nahir Mezher, María José Pizarro, Lorena Verónica Carreño, Rosario Olguín Paez, María Laura Belmonte and Yanina Noemi Bellini Saibene",https://yabellini.netlify.app/talk/latinr_2022_shiny_agromet/
cladz5bzp51140mmjfwqiym7q,SPEAKING,2022-08-09T00:00:00.000Z,Collaborative translations,"Tips from our experience translating Tech & Education materials into Spanish. presented with Natalia Morandeira at 

CarpentryCon 2022 / Online (Global)",https://yabellini.netlify.app/talk/panel_carpentrycon_2022/
cladza9kc51360mmj787rbhl4,SPEAKING,2022-08-09T00:00:00.000Z,rOpenSci.Convertite en una campeona del desarrollo de paquetes de R,I spoke about rOpenSci and the Champions Program,https://yabellini.netlify.app/talk/ropensci_champion_baires_2022/
cladzbprh40140mm1awnra4w4,SPEAKING,2022-05-12T00:00:00.000Z,Lo que todo el mundo en Ciencia de Datos debe saber sobre enseñar y aprender,"Las personas que hacen ciencia de datos aprenden constantemente tecnologías nuevas y en rápida evolución. A menudo se encuentran en un papel de enseñanza, ya sea mentoreando, generando tutoriales, escribiendo artículos, dando charlas, o incluso enseñando más formalmente en universidades, sin estar formalmente preparados para ese papel. En esta charla, revisaremos estrategias prácticas, basadas en evidencia, para organizar y diseñar lecciones y materiales, explicar los conceptos al nivel de tus estudiantes, usar ejemplos relevantes, comprobar la comprensión y conectar con tus estudiantes, de modo que puedan ser más efectivos la próxima vez que debas enseñar",https://yabellini.netlify.app/talk/wisd_buenos_aires_2022/
cladzfoy140200mm1sa56vge5,SPEAKING,2022-02-20T00:00:00.000Z,Datos y digitalización del sector agropecuario,I was ionvited to talk about data and digitalization on the agricultural sector on the Data Latam podcast. Episodio 67. Una conversación con Yanina Bellini,https://youtu.be/JUBySmXqwc4
cladzi9mu40260mm1s42i5fcv,SPEAKING,2022-02-11T00:00:00.000Z,Gaps & Opportunities for Inclusive Multilingual Data Science,"Panellists for this fireside chat come from diverse backgrounds and experiences across academia, industry and communities in research and data science where the translation aspect is one of their main focus areas. As members of multiple open sciences and research groups across the Global South and North, they will explore a range of questions and they will bring their combined perspectives as community builders, educators, trainers, researchers and engineers working on projects at both local and global scales.",https://yabellini.netlify.app/talk/ttw_firechat_2022/
cladzd4fw420716mll9h107pn,SPEAKING,2022-03-16T00:00:00.000Z,What Everyone In Data Science Should Know About Teaching And Learning,"Data scientists, programmers, statisticians are constantly learning new and rapidly evolving technologies. They often find themselves in a teaching role, either as mentors, generating tutorials, writing blog posts, giving talks, or even teaching more formally at universities or boot camps, without being formally prepared for that role. In this talk, we will review practical, evidence-based strategies for organizing and designing your lessons and materials, explaining concepts at the level of your students, using relevant examples, checking understanding, and connecting with students so that you can be more effective the next time you find yourself in a teaching position.",https://yabellini.netlify.app/talk/ebeb_lacsc_2022/
cladzha2o50980npn78vf4o2u,SPEAKING,2022-02-19T00:00:00.000Z,Building inclusive communities,"The idea of the panel was to share the experience of the growth of the R community in Latin America, so I made a timeline with the last five years, rescuing the most important milestones (of which I have been part as an organizer, as an assistant or enjoying them as a member of the community).",https://yabellini.netlify.app/talk/asiar_2022/
cladzn0m9175719nl0y44yprf,SPEAKING,2022-02-05T00:00:00.000Z,Internal R packages for Open Science in Agrometeorology,Presentation of the Agromet and SIGA R packages developed by INTA on FOSDEM'22 / Online (Europe),https://yabellini.netlify.app/talk/fosdem_2022/
cladzvv9g176319nl00xhx2sq,ARTICLE_PUBLICATION,2022-07-21T00:00:00.000Z,Ten simple rules to host an inclusive conference,"Conferences are spaces to meet and network within and across academic and technical fields, learn about new advances, and share our work. They can help define career paths and create long-lasting collaborations and opportunities. However, these opportunities are not equal for all. This article introduces 10 simple rules to host an inclusive conference based on the authors’ recent experience organizing the 2021 edition of the useR! statistical computing conference, which attracted a broad range of participants from academia, industry, government, and the nonprofit sector. Coming from different backgrounds, career stages, and even continents, we embraced the challenge of organizing a high-quality virtual conference in the context of the Coronavirus Disease 2019 (COVID-19) pandemic and making it a kind, inclusive, and accessible experience for as many people as possible. The rules result from our lessons learned before, during, and after the organization of the conference. They have been written mainly for potential organizers and selection committees of conferences and contain multiple practical tips to help a variety of events become more accessible and inclusive. We see this as a starting point for conversations and efforts towards building more inclusive conferences across the world. * Translated versions of the English abstract and the list of rules are available in 10 languages in S1 Text: Arabic, French, German, Italian, Japanese, Korean, Portuguese, Spanish, Tamil, and Thai.",https://journals.plos.org/ploscompbiol/article?id=10.1371/journal.pcbi.1010164#sec006
clae14lh604300nkn820xbfrj,BLOGPOST,2022-03-15T00:00:00.000Z,Un club de lectura para seguir aprendiendo a enseñar,"El objetivo fue encontrarnos en un club de lectura es poder analizar cada capítulo del libro Enseñar Tecnología en Comunidad, realizar los ejercicios propuestos y generar nuevos aprendizajes y construcciones en comunidad.

Fueron ocho encuentros semanales (de una hora de duración) donde una o varias personas presentarán los capítulos y otra persona moderadora se encargará de llevar adelante cada encuentro de manera organizada para desarrollar el contenido y trabajar en los ejercicios. 

Como cierre, tuvimos un encuentro con el autor, Greg Wilson con intérprete en español.",https://yabellini.netlify.app/blog/2022_metadocencia_club_lectura_t3/10-bookclubt3/
clae1lswv177319md83sgb642,SPEAKING,2022-04-23T00:00:00.000Z,Generando tutoriales interactivos con el paquete {learnr},"Organizado con MetaDocencia y R-Ladies Resistencia Corrientes, con Paola Corrales dictamos este workshop de 2-3 horas donde enseñamos a generar tutoriales interactivos usando learnr y gradethis.",https://yabellini.netlify.app/courses/tutorialesinteractivos_intro/
clae2o1bx08180nnm6ri29ofm,SPEAKING,2022-04-29T00:00:00.000Z,Enabling Inclusive Research Conferencing in the ‘Post-Pandemic Era’,"Enabling Inclusive Research Conferencing in the ‘Post-Pandemic Era’. Fireside Chat Series
This event is co-hosted by The Turing Way, MetaDocencia and Frictionless Data
Event facilitators/co-moderators: Anne Lee Steele and Lilly Winfree.
Co-organizer: Yanina Bellini Saibene

",https://pad.sfconservancy.org/p/ttw-fireside-chat-apr2022
claemquas433716mldhla8v8m,EVENT_ORGANIZATION,2022-03-10T00:00:00.000Z,The Carpentries - Instructor Training,"El curso está pensado para cualquier persona que esté interesada en mejorar sus habilidades como docente. En particular este curso está orientado a personas que quieran convertirse en instructores de Software Carpentry, Library Carpentry, y Data Carpentry, dictar talleres y contribuir a los materiales de The Carpentries. Para participar en este curso no es necesario que estés dando clases actualmente pero si que te interese hacerlo y quieras mejorar tus habilidades como docente. El curso se dará en español pero muchos de los materiales están en inglés. Haremos todo lo posible para que quienes no manejen inglés puedan participar de la misma manera. ",https://yabellini.github.io/2022-05-10-ttt-online-spanish/
claemsym2434316ml95lzkmaj,SPEAKING,2022-03-10T00:00:00.000Z,Taller learnr - R-Ladies BA,"El objetivo de este curso es introducir a las personas que participan al paquete {learnr} de R y como utilizarlo para generar tutoriales interactivos que permitan a los y las estudiantes escribir y ejecutar código R directamente desde el tutorial, contestar preguntas y recibir feedback inmediato. Organizado con R-Ladies Buenos Aires y MetaDocencia.",https://yabellini.netlify.app/courses/tutorialesinteractivos_intro/
claen6vgv53100mmjyuju4fl4,SPEAKING,2022-05-17T00:00:00.000Z,Desde las hojas de cálculo a R,"Hosted as part of Software Sustenaibility Institute Research Software Camp: Next Steps in Coding
https://yabellini.netlify.app/courses/deplanillasdecalculoar/",https://www.youtube.com/watch?v=qOpXUo6epr0
claeneym719560nnrvkn5pkvc,SPEAKING,2022-05-28T00:00:00.000Z,"Bueno, bonito y barato: reportes reproducibles con Rmarkdown",Taller dicatdo con Pao Corrales sobre como transformar tus script de R en reportes de rmarkdown.,https://t.co/rF9rdTN0GB
claeoacpw40900mpq8itvx30a,EVENT_ORGANIZATION,2022-06-20T00:00:00.000Z,useR! Conference 2022 ,"useR! 2022
The R User Conference
All-virtual • Global
June 20-23, 2022
I was Chair of the conference's Program Committee and part of the global organizing team.  We reach 1000+ registered people from around the world to talk and share about using R in research, development, and industry.
",https://user2022.r-project.org/
claeobbn610680nnmirfj43wr,EVENT_ORGANIZATION,2022-06-23T00:00:00.000Z,Bug Barbecue,"The Bug Barbecue (Bug BBQ) is a global, online event spread over 24 hours, in which new and experienced contributors can help to address open bugs in R. It tooke place Thursday, June 23 - Friday, June 24. 2022.  I host the Bug BBQ on my timezone.",https://contributor.r-project.org/events/bug-bbq
claeofqa5315116nqx3ii1g04,EVENT_ORGANIZATION,2022-10-10T00:00:00.000Z,LatinR 2022|  Conferencia Latinoamericana sobre Uso de R en Investigación + Desarrollo,"La quinta versión de la conferencia se llevó a cabo en línea, entre los días 10 y 14 de octubre. Al igual que las ediciones anteriores, los días previos a la conferencia se realizarán tutoriales sobre diferentes temas vinculados a R. Este año la convocatoria estará abierta para presentaciones orales y tutoriales. Fui co-chair de la conferencia.",https://latin-r.com/
claijnm0m58280mpq6yqaezxe,OPEN_SOURCE_PROJECT,2021-08-01T00:00:00.000Z,useR! Knowledgebase,"The useR! knowledgebase’s goal is to build and maintain resources for organizing the useR! conferences. It was started as part of the Google Season of Docs project in 2021 (Proposal) and gathers information compiled by former useR! organizing teams and members of Forwards, the R Foundation taskforce on women and other under-represented groups.",https://rconf.gitlab.io/userknowledgebase/main/index.html
clb29lbl0220215pi8ylgp6ff,OPEN_SOURCE_PROJECT,2022-09-01T00:00:00.000Z,Champions Program — A mentoring & training program for Scientific Open Source Champions,"Research software should serve everyone in our communities, which means it needs to be sustainable, open, and built by and for all groups. Currently, however, there is a dismaying lack of diversity in open source communities in general and the R / research software community in particular. Developers in the R community are overwhelmingly white, male, and from a handful of countries. That disappointing lack of diversity is potentially detrimental to the sustainability, utility and productivity of projects.

The rOpenSci Champions Program is for people from historically and systematically excluded groups who are interested in contributing to rOpenSci and the broader open source and open science communities.

The rOpenSci Champion Program is part of a series of activities and projects we are carrying out to ensure our research software serves everyone in our communities ",https://ropensci.org/champions/
clb29qz2b221215pidmfogi5o,BLOGPOST,2022-11-23T00:00:00.000Z,"Conociendo a las estrellas del universo R: comunidad R, intercambiar y aprender","Esta es la primera entrega de nuestra serie de entrevistas “Conociendo a las estrellas del universo R”. Tenemos como objetivo introducir los grupos de trabajo y las personas que están detrás del desarrollo del software y paquetes que muchos utilizamos y que se encuentran disponibles en R-Universe. Queremos resaltar y conocer diferentes proyectos alrededor del mundo, el trabajo que hacen, sus procesos y usuarios. Iniciamos nuestro recorrido en Argentina y con un equipo que utiliza R y desarrolla paquetes de R en el estado Argentino (no dejes de ver el vídeo con extractos de la entrevista).",https://ropensci.org/blog/2022/11/23/r-universe-stars-1-es/
clb29qar820421amampws03dl,BLOGPOST,2022-11-23T00:00:00.000Z,"Meeting the stars of the R-universe: R Community, Exchange and Learn ","This is the first post of our interview series “Meeting the stars of the R-universe”. We aim to introduce the working groups and people behind the development of software and packages many of us use and which are available through the R-Universe. We want to highlight and explore different teams and projects around the world, the work they do, their processes and users. We begin our journey in Argentina with a team that uses R and develops R packages for the Argentinean State. Be sure to watch the video at the end with excerpts from the interview.",https://ropensci.org/blog/2022/11/23/r-universe-stars-1-en/
clb29suuf20611amam3e46vzh,BLOGPOST,2022-10-20T00:00:00.000Z, Become a Mentor for rOpenSci Champions! ," By Yanina Bellini Saibene
🔗
rOpenSci is seeking mentors to support our inaugural cohort of rOpenSci Champions!

The rOpenSci Champions Program is for people from historically and systematically excluded groups who are interested in contributing to rOpenSci and the broader ecosystem of open source and open science communities. After receiving training, mentors will work with Champions to develop their project, which can be one of the following options:
-   Create a new package;
-   Go through the review process with an R package they have already developed;
-   Serve as a reviewer for the rOpenSci software peer review system.

Mentors may also support Champions with delivering other activities including: giving a talk, writing blog posts, and teaching other community members.",https://ropensci.org/blog/2022/10/20/mentors-champions-program/
clb29u77g19221anh7dyjmp8y,BLOGPOST,2022-09-22T00:00:00.000Z,¡Anunciamos el programa de Campeones y Campeonas de rOpenSci! ,"En rOpenSci, reconocemos que existe una consternadora falta de diversidad en el ecosistema de las comunidades de software de investigación y de código abierto. La Comunidad R no es una excepción; las personas que realizan el desarrollo de software son abrumadoramente blancas, hombres y de un puñado de países. Esta decepcionante falta de diversidad es potencialmente perjudicial para la sostenibilidad, la utilidad y la productividad de los proyectos.

También sabemos que las comunidades de práctica pueden impulsar un cambio significativo. Comprendemos la importancia de apoyar a una cohorte diversa de personas, que colaboran en todos los aspectos de la creación de software de investigación y que son líderes de nuestra comunidad, mientras se esfuerzan por transformar nuestro ecosistema para mejor.

Este programa de Campeones y Campeonas de rOpenSci forma parte de una serie de actividades y proyectos que estamos llevando a cabo para garantizar que nuestro software de investigación esté al servicio de todas las personas de nuestras comunidades, lo que significa que debe ser sustentable, abierto y construido por y para todos los grupos.",https://ropensci.org/blog/2022/09/22/launch-champions-program-es/
clb29uyxy19281anhwcxmbrtr,BLOGPOST,2022-09-22T00:00:00.000Z,Announcing the rOpenSci Champions Program!,"Champion programs are designed to identify, recognize, and reward passionate community members.

At rOpenSci, we recognize that there is a dismaying lack of diversity in the ecosystem of research software and open source communities. The R Community is no exception; its developers are overwhelmingly white, male, and from a handful of countries. This disappointing lack of diversity is potentially detrimental to the sustainability, utility and productivity of projects.

We also know that communities of practice can drive meaningful change. We understand the importance of supporting a diverse cohort of community leaders and contributors to all aspects of research software creation as they strive to transform our ecosystem for the better.

The rOpenSci Champion Program is part of a series of activities and projects we are carrying out to ensure our research software serves everyone in our communities, which means that it needs to be sustainable and open, and built by and for all groups.",https://ropensci.org/blog/2022/09/22/launch-champions-program/
clb29w8f418601alg5zxkf8g3,BLOGPOST,2022-07-12T00:00:00.000Z,rOpenSci Code of Conduct Update ,"We are pleased to announce the release of Version 2.4 of our Code of Conduct with changes based on the feedback of our community.
🔗
What’s new?

    Greater detail about acceptable and unacceptable behaviors in online settings.
    First translation of the text to Spanish.

You can access now the last version full-text in English and Spanish.

We welcome your feedback by email to conduct at ropensci.org.

As always our Code of Conduct uses community sources to improve. For these changes, we have consulted and adapted the useR! 2021 Code of Conduct.",https://ropensci.org/blog/2022/07/12/coc-update/
clb2a1bmz19391anh8iu1qwkr,OPEN_SOURCE_PROJECT,2022-06-01T00:00:00.000Z,Traducción al español de La Guía del Viajero al Aprendizaje Automático Responsable,"Fui invitada por el autor de este libro a revisar la traducción que se había hecho del español. Siempre disfruto haciendo estos trabajos porque tengo la oportunidad de conocer nuevas personas y aprender nuevos temas.

El libro además de un lenguaje claro y ejemplos prácicos usando el lenguaje R cuenta con caricaturas que hacen su lectura amena e interesante.

El resultado es un muy buen texto para ingresar al mundo del aprendizaje automático con una mirada responsable sobre la construcción de estos modelos.",https://yabellini.netlify.app/project/rml_es/
clb2a2epp221815piidwvg8wz,OPEN_SOURCE_PROJECT,2022-05-31T00:00:00.000Z,MetaDocencia en una caja Paquete 1. Como enseñamos nuestros cursos,"English

At MetaDocencia we collaboratively develop open, reusable and accessible resources to foster effective teaching practices. This guide aims to present the process we went through to create and develop MetaDocencia. The guide is organized in packages and this MetaDocencia in a box, package one focuses on the process of “How we teach our courses”. I was the main writer of this package.
Español

En MetaDocencia desarrollamos colaborativamente recursos abiertos, reutilizables y accesibles para fomentar prácticas de enseñanza eficaces. Esta guía tiene como objetivo presentar el proceso que llevamos adelante para crear y desarrollar MetaDocencia. La guía está organizada en paquetes y este paquete uno de MetaDocencia en una caja se focaliza en el proceso “Cómo enseñamos nuestros cursos”. Yo fui la escritoria principal de este paquete.",https://yabellini.netlify.app/project/metadocenciaenunacaja/
clb2au23a25530nos00kmnw2p,OPEN_SOURCE_PROJECT,2022-07-01T00:00:00.000Z,learnR4free - Aprendiendo R gratis,"In this website you can find all sorts of resources (books, videos, interactive websites, papers) to learn R. Some of the resources are beginner-friendly and start with the installation process.
What does free in learnR4free mean?

Free in this case means that the monetary cost for the learner is zero. There are some resources that ask for donations, and there are some resources that provide some of the material or learning opportunities for free and for the rest they charge. On this website, I only list resources that are fully free. In other words, any learner who pays and who does not pay have access to the same materials and opportunities.

I maintain the list of Spanish resources on this site.",https://yabellini.netlify.app/project/learnr4free/
clb2b739626040nosk1nadkth,VIDEO_PODCAST,2019-08-04T00:00:00.000Z,Ciencia de Datos con el Radar Meteorológico,"

Entrevista en Amucan sobre el radar meteorológico y la ciencia de datos con Mauro Marmirolli
",https://youtu.be/JUBySmXqwc4
clb2b1n0q235516p8tlxgmth3,VIDEO_PODCAST,2022-02-20T00:00:00.000Z,Datos y digitalización del sector agropecuario,Episodio 67. Una conversación con Yanina Bellini,https://youtu.be/JUBySmXqwc4
clb2b3t9p236716p8maz36826,VIDEO_PODCAST,2021-06-04T00:00:00.000Z,Episodio 27 del podcast AgroVision.,"Episodio 27 del podcast AgroVision. 
Los datos reducen mucho la incertidumbre al tomar decisiones",https://open.spotify.com/episode/7cDJJo6OcAhswDyjE0noYe?si=gS-6jmW2TSGw2tjqcVIW7g
clb1bn7oc21680nln1lrqo8ws,EVENT_ORGANIZATION,2021-07-05T00:00:00.000Z,useR! 2021 The R Conference,"I was one of the global coordinators of the conference.  We reach 1800+ attendees from 5 continents.

useR! conferences are non-profit conferences organized by community volunteers for the community, supported by the R Foundation. Attendees include R developers and users who are data scientists, business intelligence specialists, analysts, statisticians from academia and industry, and students. The useR! 2021 conference will be the first R conference that is global by design, both in audience and leadership. Leveraging a diversity of experiences and backgrounds helps us to make the conference accessible and inclusive in as many ways as possible and to grow the global community of R users giving new talents access to this amazing ecosystem. Being virtual makes the conference more accessible to minoritized individuals and we strive to leverage that potential. We pay special attention to the needs of people with a disability to ensure that they can attend and contribute to the conference as conveniently as possible. Going fully virtual and global allows us to reimagine what an R conference can offer to presenters and attendees from across the globe and from diverse backgrounds.",https://user2021.r-project.org/
clb1bta4921790nln7eu2hx8s,EVENT_ORGANIZATION,2021-11-08T00:00:00.000Z,LatinR 2021| Conferencia Latinoamericana sobre Uso de R en Investigación + Desarrollo,"La cuarta versión de la conferencia se llevó a cabo en línea,  en la segunda semana de Noviembre. Al igual que las ediciones anteriores, los días previos a la conferencia se realizaron tutoriales sobre diferentes temas vinculados a R. Fui co-chair de la conferencia.",https://latin-r.com/
clb2ezzsb20191anhzir2n5lu,BLOGPOST,2022-11-29T00:00:00.000Z,Haciendo revisiones con GitHub,Paso a paso con videos para realizar una revisión usando GitHub,https://yabellini.netlify.app/blog/2022-11-29-review_github_es/
clb1cac27193516oir4hpn1n4,BLOGPOST,2022-11-27T00:00:00.000Z,Call for Tutorials - The form,"he purpose of this blog post is to help the organizers to create a a useful application form for the call for tutorials. The submissions form can be simple or includes several fields, which vary in their complexity.

I have already suggested that the call for tutorials be separated from the general conference call because the type of information required is different. For tutorials, it is essential to request information that contemplates the pedagogical aspects of the proposal.

When deciding what type of data to request, remember that this information will feed the rubric for evaluating the proposals. Therefore, it is essential that no information is missing and that we do not request data we will not use.

This article will give you a detailed insight into each field and explain the meaning of its content.",https://yabellini.netlify.app/blog/2022_tutorials_series/04-tutorials/
clb1c568v190416oikgtkp29o,EVENT_ORGANIZATION,2022-11-16T00:00:00.000Z, Creating fulfilling volunteer opportunities in open source software communities,"November call, the theme was working with volunteers. Yanina Bellini Saibene (rOpenSci) moderated a discussion between Saranjeet Kaur (RSE Asia Association) and Melissa Mendonça (NumPy, SciPy, Matplotlib, and Pandas) with brief comments from Yared Abera Ergu (The Carpentries in Africa). The panelists addressed a range of topics, including:

    The types of volunteer positions available in their communities
    What motivates their volunteers
    Problems with common approaches to volunteer labor and potential solutions
",https://www.cscce.org/2022/11/22/novembers-community-call-recap-community-managers-share-their-strategies-for-engaging-volunteers/
clb1cazbt18770mno96ni4dls,BLOGPOST,2022-11-26T00:00:00.000Z,Call for Tutorials - More resources,We mentioned that the tutorial session can be one of the ways attendees gain value from a conference. This is only true if the conference and its tutorials are accessible and friendly to as many people as possible. And this must be worked on from the very conception of the conference.,https://yabellini.netlify.app/blog/2022_tutorials_series/03-tutorials/
clb1ccip518830mnorl5asjfj,BLOGPOST,2022-11-13T00:00:00.000Z,A map of my readers,"Generating content is time-consuming and making it bilingual takes even more time. So with the intention of using my time in the best possible way, I started asking myself if the effort of writing in Spanish and English is something that is useful to other people, besides me. In this blog post, I show how to create a map of your readers using web statistics and #rstats.",https://yabellini.netlify.app/blog/2022-11-13-maps-with-r/
clb1cf23g18890mno7m8p4h0s,BLOGPOST,2022-10-15T00:00:00.000Z,Cosas que pasaron en las aulas virtuales y como las resolvimos - Entrega 3,"Reemplazos digitales de elementos y prácticas presenciales

Durante la pandemia le enseñé como enseñar online a mas de 800 docentes.

En esos encuentros muchos docentes decian que era dificil para ellos poder emular el aula presencial en la virtualidad. Y muchos reflexionaban que al no tener la experiencia de haber sido estudiante en clases online, no se imaginaban como ser un docente en ese contexto.

En esta última entrega de “Cosas que han salido mal en las aulas virtuales y como las resolvimos” vamos a repasar herramientas y técnicas para enseñar on-line que pueden reemplazar o digitalizar herramientas y técnicas que usamos en el aula presencial.",https://yabellini.netlify.app/blog/2022_teaching_es/06-teaching/
clb1cgpk118950mno65kz1qj4,BLOGPOST,2022-10-14T00:00:00.000Z,Cosas que pasaron en las aulas virtuales y como las resolvimos - Entrega 2,En esta serie de blog posts voy a dar detalles de cómo enseñé on-line en diferentes situaciones durante la pandemia del COVID-19.  En esta segunda entrega de Cosas que pasaron en las aulas virtuales y como las resolvimos  veremos diferents situaciones con las plataformas de videoconferencias.,https://yabellini.netlify.app/blog/2022_teaching_es/05-teaching/
clb1chkif19070mno79gcqnt9,BLOGPOST,2022-10-13T00:00:00.000Z,Cosas que pasaron en las aulas virtuales y como las resolvimos - Entrega 1,"Desde que tuvimos que iniciar a dar clases y realizar eventos online nos encontramos con todo un nuevo mundo de posibilidades de cosas que podían ir mal o al menos no como lo esperábamos.

La idea de esta serie es compartir situaciones ocurridas en clases y eventos on-line y como las resolvimos.
Primera entrega: infraesctuctura",https://yabellini.netlify.app/blog/2022_teaching_es/04-teaching/
clb1ckq8q18100nos5f5c76qu,BLOGPOST,2022-09-13T00:00:00.000Z,How to Participate with rOpenSci,"This blog post is intended to help you get started in rOpenSci community by highlighting some key links and activities. If you have questions, please get in touch with our Community Manager, Yanina Bellini Saibene by email or schedule a meeting. We are here for you as you begin your journey with our community. Welcome! Where do I get started? Glad you asked! rOpenSci fosters a culture that values open and reproducible research using shared data and reusable software.",https://ropensci.org/blog/2022/09/13/contributing-ropensci/
clb1cdhhm17890noso4dd5f9a,BLOGPOST,2022-11-06T00:00:00.000Z,The Call for Tutorials Proposal,"The conference tutorial session is one of the ways for attendees to get more out of the conference experience. Students, young professionals, and seasoned experts alike all can benefit from a hands-on learning experience with in-depth content prepared especially for this occasion.",https://yabellini.netlify.app/blog/2022_tutorials_series/02-tutorials/
clb1ce6cb17950nosswkn1qif,BLOGPOST,2022-10-24T00:00:00.000Z,Organizing Tutorials,"Tutorials, workshops, and training sessions can take many forms at conferences and events. As an organizer, you will have to plan and make decisions to provide a quality experience for attendees and teachers. There are many ways and tools to accomplish this goal.

In this first post, we will develop a mental model of what is involved in organizing the training session of an event.",https://yabellini.netlify.app/blog/2022_tutorials_series/01-tutorials/
clb1clqxd209016p8deao3s0w,BLOGPOST,2021-09-13T00:00:00.000Z,Cómo participar en rOpenSci,"Esta entrada del blog pretende ayudarte a iniciarte en la comunidad rOpenSci destacando algunos links y actividades clave. Si tienes alguna pregunta, no dudes en ponerte en contacto con nuestra Community Manager, Yanina Bellini Saibene por correo electrónico o programa una reunión con ella. Estamos a tu disposición para que comiences tu camino con nuestra comunidad. ¡Te damos la bienvenida! ¿Por dónde empiezo? rOpenSci fomenta una cultura que valora la investigación abierta y reproducible utilizando datos compartidos y software reutilizable.",https://ropensci.org/blog/2022/09/13/contributing-ropensci-es/
clb1cnug6201316oiosw4aeds,BLOGPOST,2022-07-10T00:00:00.000Z,Análisis de escenarios. ¿Qué podemos hacer cuando las cosas no van tan bien en el aula?,"A menudo, como docentes, nos encontramos con situaciones complejas en el aula. A veces somos testigos de discriminación, opresión, discusiones que escalan, dinámicas que no son saludable o estudiantes disruptivos. A veces, estamos tan asombrados por la situación que no podemos reaccionar adecuadamente y otras veces no sabemos que hacer.

La solución es la educación y la práctica. En el entrenamiento de Instructores de RStudio y en el Taller para Aliadas de Open Life Science aprendí que las personas que han pensado y reflexionado sobre situaciones de este tipo tienen más probabilidades de hacer algo y de hacerlo con eficacia en el mundo real.

Esta lección tiene como objetivo proveer un entorno amigable y seguro para discutir situaciones que pueden ocurrir en un aula del mundo real.

Diseñé estos escenarios basados en material del entrenamiento de Instructores de RStudio, el Taller para Aliadas de Open Life Science y los libros Cómo funciona el aprendizaje y Enseñar Tecnología en Comunidad. Los utilicé dos veces durante dos entrenamientos en español para instructores de The Carpentries.",https://yabellini.netlify.app/blog/2022_teaching_es/03-teaching/
ckp47ofji178562f00fr6cfhli,EVENT_ORGANIZATION,2020-06-20T00:00:00.000Z,Introduction to online teaching essentials,"I teach a 3 hours workshop to introduce basic good practices for classroom management using Zoom or a similar online meeting platform. Every detail of the workshop, from the demonstration of interest and pre-registration form to the feedback request at the end of the workshop, including its execution using Zoom, is a demonstration of the strategies that can be adopted or adapted to any synchronous teaching.",https://www.metadocencia.org/en/curso/intro-abc-online/
ckp471l6i169232f0014dhz0ec,EVENT_ORGANIZATION,2020-10-03T00:00:00.000Z,Teaching on-line essentials,"We are going to introduce basic good practices for managing the online classroom. Every detail of the workshop, starting with the pre-registration form until the return request after the workshop is finished, passing through the execution of the workshop, are a demonstration of strategies that can be adopted or adapted to any teaching task that happens interacting simultaneously with students. During the workshop we will have a demonstration of how to contact and prepare students to join the synchronous class, how to manage a virtual classroom of 20 people using Zoom, we will see examples to create a positive environment and we will have an introduction to pedagogical concepts of focused class design in the audience, schematization of content with concept maps, formative evaluation with diagnostic power, participation in a collaborative document to take notes and solve formative evaluations and other pedagogical tools based on evidence and easy to implement.",https://www.meetup.com/es/rladies-santa-rosa/events/273506766/
ckp47na9u177262f0031jwwgx1,EVENT_ORGANIZATION,2020-06-18T00:00:00.000Z,Introduction to online teaching essentials,"I teach a 3 hours workshop to introduce basic good practices for classroom management using Zoom or a similar online meeting platform. Every detail of the workshop, from the demonstration of interest and pre-registration form to the feedback request at the end of the workshop, including its execution using Zoom, is a demonstration of the strategies that can be adopted or adapted to any synchronous teaching.",https://www.metadocencia.org/en/curso/intro-abc-online/
ckp471kqd168822f00hoh7f4zn,EVENT_ORGANIZATION,2021-05-05T00:00:00.000Z,BoF Measure Impact in Educational Events,I co-organize a Birds of Feather about measuring impact in educational events,https://csvconf.com/
ckp471l6n169252f00ppaavfc1,SPEAKING,2020-07-01T00:00:00.000Z,Cómo hacer una reunión virtual inolvidable (sin morir en el intento),"Although it is not possible to meet in person, the magic of R-Ladies does not stop and makes virtual encounters possible. In this meetup we will tell you some tips and tools so that any interactive virtual event (for example, class, workshop or online panel) is a success without additional stress when doing it. If you organize R-Ladies meetups, you will find where and how to access the infrastructure that will allow you to organize online meetups for your chapter. If you do not organize R-Ladies meetups, you will also find useful material for all kinds of online events that you organize or participate in.

These contents are brought to us by Latin American R-Ladies, mostly certified to teach by RStudio Education and The Carpentries. Most are also part of MetaDocencia, an organization that since the end of March has held more than 25 interactive workshops teaching online teaching to more than 300 Spanish-speaking teachers with excellent results. They all have vast experience telecommuting and teaching online.",https://www.meetup.com/es/rladies-santa-rosa/events/271529806/
ckp47b2va172232f00of9w9lmi,EVENT_ORGANIZATION,2020-10-30T00:00:00.000Z,49 Jornadas Argentinas de Informática e Investigación Operativa,"I was chair of the 49 Jaiio. Since 1961, the JAIIOs, Argentine Computer Conference, organized by the Sociedad Argentina de Informática (SADIO), have been held, where papers published in Annals are presented in parallel sessions, research results and experiences in the field of Computer Science are discussed on different topics, also developing conferences and meetings with the assistance of Argentine and foreign researchers, students and professionals.

The JAIIOs are organized as a set of separate symposia, each dedicated to a specific topic, lasting one or two days, in such a way as to allow the interaction of their participants.",https://49jaiio.sadio.org.ar/
ckp471l8m169532f001ulrykkv,EVENT_ORGANIZATION,2020-10-07T00:00:00.000Z,LatinR -> Conferencia Latinoamerica de R para Investigación y Desarrollo,"On October 2017, Laura Acion and I were contacted by R-Foundation Conference Committee because they were interested in the emergence of academic-focused R events in regions not currently covered by useR!. In less than a week, we had organized our first videoconference to start thinking about how to face the challenge. This quick response was not the result of mere luck, but the consequence of a year in which the R community — through its local RUGs and social media presence— grew stronger in South America. By mid November everything was set up: a name, a place, a date, and a motivated international organizing committee. The first edition took place in Buenos Aires, Argentina, the second in Santiago de Chile, Chile. and the third was virtual because of COVID.  I'm one of the founder and the co-chair of this conference.",https://github.com/LatinR/presentaciones-LatinR2020
ckp47hmmw173442f00u10mm2ol,SPEAKING,2020-06-12T00:00:00.000Z,RStudio Instructor Certification Webinar,I shared my experience doing the certification as a Tidyverse RStudio instructor for the Minnorities in R. community.,https://youtu.be/582tMkPvloU
ckp47tbe4181562f00l0nwe6ji,VIDEO_PODCAST,2020-06-26T00:00:00.000Z,Mujeres en STEAM - ¿Quién es Yanina Bellini Saibene?,Interview (video and posdcast) about my career made by Las De Sistemas.,https://youtu.be/_SmnmK6DgOg
ckp47v79u183122f0071q3n1bo,VIDEO_PODCAST,2021-02-03T00:00:00.000Z,Cadena de datos Episodio 37. Entrevista a Yanina Bellini Saibene,I was interview by the Cadena de Datos podcast.,https://youtu.be/5usE2w2v33E
ckp471kym169032f00ljoh6js1,SPEAKING,2021-04-27T00:00:00.000Z,Facilitating discussions around DEI ,"I was part of a panel about Facilitating discussions around Diversity, Equity and Inclusion. ",https://www.cscce.org/event/dei-sig-facilitating-discussions-around-dei/
ckp471ktc168982f000gjc772o,EVENT_ORGANIZATION,2021-03-22T00:00:00.000Z,Como enseñar a programar on-line,I co-teach in a 3 hours workshop How to teach to code on-line.  MetaDocencia workshop.,https://www.metadocencia.org/curso/programar/
ckp471ky8169022f0019sp5h21,EVENT_ORGANIZATION,2021-03-20T00:00:00.000Z,Intro al ABC para enseñar on-line,I co-teach a 3 hours workshop on Teaching on-line essentials.,https://www.metadocencia.org/curso/intro-abc-online/
ckp471l86169352f0090xczz04,EVENT_ORGANIZATION,2020-12-07T00:00:00.000Z,R-Ladies 2020 and TidyModels,Closing event of the year for R-Ladies in Argentina. Free and Open.,https://rladiesenargentina.github.io/Resumen_meetups_2020/
ckp471l8c169372f00be7ximhk,OPEN_SOURCE_PROJECT,2020-10-29T00:00:00.000Z,Red de radares de INTA,"Series of packages, libraries, algorithms and models for the administration and opening of the data of the meteorological radar network of the INTA of Argentina",https://github.com/INTA-Radar
ckp471kqe168842f00v8tllyco,EVENT_ORGANIZATION,2021-04-24T00:00:00.000Z,Cómo enseñar a programar online,I co-teach a 3 hours workshop on How to teach to code online.  Free. Organized with MetaDocencia.,https://www.metadocencia.org/curso/programar/
ckp471lar169682f004ursytza,SPEAKING,2021-02-12T00:00:00.000Z,Comunidades de práctica - Mujeres que inspiran,I talk about communities of practice in a panel with other women about sisterhood in the tech world organized by Científicas de Ecuador.,https://twitter.com/CientificasEC
ckp471lar169692f000d7ys1v9,EVENT_ORGANIZATION,2021-02-26T00:00:00.000Z,Intro al ABC para enseñar on-line,Co-teaching How to teach on-line essential. 3 hours workshop.  Free and open. Organized by MetaDocencia.,https://www.metadocencia.org/curso/intro-abc-online/
ckp477x0o171052f00qp0yex7s,HACKATHON,2020-11-03T00:00:00.000Z,Procesando datos espaciales con R,I gave a workshop of an hour and a half on how to analyze spatial data from R and was a jury of the Hackathon.,https://desafiosagtech.com/
ckp471la6169632f00c0hy1kox,SPEAKING,2021-05-14T00:00:00.000Z,Aplicaciones de Ciencias de Datos en el sector agropecuario,I give a talk about Data Science applied to the agricultural sector,https://congreso.see-ec.org/
ckp471l83169332f00ymgqoi01,SPEAKING,2020-11-12T00:00:00.000Z,Hacia una red de práctica sobre comunidades de práctica,I was part of a panel on communities of practice where I presented R-Ladies and MetaDocencia.,https://www.youtube.com/watch?v=7faW466eccM
ckp471l8h169422f00urexsd6y,EVENT_ORGANIZATION,2020-10-02T00:00:00.000Z,Generando tutoriales interactivos con el paquete learnr,"In this tutorial we introduce the learnr package to generate interactive tutorials. The idea of ​​a rmarkdown document that allows you to walk through content, answer questions, and run code for immediate feedback is very powerful. Especially if that tutorial can be available as a package or as a website or in RStudio. If you have remote or asynchronous classes, if you have a package and want to take the help to another level, if you have initial students and do not want them to suffer the installation of the tools, an interactive tutorial can help you.",https://www.meetup.com/es/rladies-santa-rosa/events/273513242/
ckp471l83169342f008cb4iuhl,OPEN_SOURCE_PROJECT,2021-01-31T00:00:00.000Z,AgroMet,Set of functions for calculating hydrological climatic indices and statistics from tidy data. It includes a function to graph georeferenced results and cartographic information and to download data from SIGA.,https://github.com/AgRoMeteorologiaINTA
ckp471l5q169222f00rbbb09e6,EVENT_ORGANIZATION,2020-07-24T00:00:00.000Z,Predictive modeling with text using tidy data principles - useR! 2020 tutorial,"As part of the organizing team of useR! 2020 and from R-Ladies in Argentina, we organized and hosted this tutorial that had several accessibility measures such as close caption",https://www.meetup.com/es/rladies-santa-rosa/events/271927045/
ckp471la6169592f00g964ypql,SPEAKING,2021-05-01T00:00:00.000Z,Ciencia de datos aplicada al sector agropecuario,I show use cases with link to github repo with code about data science applied in agricultural problems,https://twitter.com/wids_lapaz
ckp471l86169362f00vd3n6fn2,SPEAKING,2020-12-12T00:00:00.000Z,¿Qué es un poster?,I gave a talk in the framework of R-Ladies La Paz and other communities of practice explaining what a poster is and how to make it as training for a group of undergraduate students who would participate in a poster contest with their research and data analysis.,https://twitter.com/rladieslapaz
ckp471l83169322f00kqunhgbd,OPEN_SOURCE_PROJECT,2021-03-01T00:00:00.000Z,Suelos del INTA,"Series of packages, libraries, databases, websites and mobile applications for the administration and opening of the soil data of the Argentine Republic",https://github.com/INTA-Suelos
ckp471lah169642f00qypeo1yx,SPEAKING,2021-03-10T00:00:00.000Z,La ciencia de datos al servicio del sector agropecuario,I delivery a free and open talk about applied Data Science in the agricultural sector,https://www.austral.edu.ar/cienciasempresariales/conocimiento-e-impacto/austral-en-linea/webinars-2021/
ckp471l2r169112f000ajmafjt,SPEAKING,2020-05-18T00:00:00.000Z,Primeros pasos con GIT,"We are going to take the first steps with GIT. What is it, what is it for and how can I use it from RStudio.",https://www.meetup.com/es/rladies-santa-rosa/events/270668823/
ckp471kqf168852f0062zc6gyn,EVENT_ORGANIZATION,2021-05-08T00:00:00.000Z,Aprendé a hacer ejercicios interactivos de R con learnr.,"I co-teach a course to build interactive tutorial to teach how to code. Organize with RenBaires R User Group in Buenos Aires, Argentina and MetaDocencia.",https://www.meetup.com/es/renbaires/events/277921094/
ckp471lbf169732f00963igg64,SPEAKING,2021-02-11T00:00:00.000Z,Geotecnologías aplicadas al sector agropecuario,"I talk about the use of getechnology, big data, ML and IA applied to remote sensing on the agricultural sector.",https://youtu.be/k3rS2vIZaLc
ckp471l2q169102f00egc6n7lj,SPEAKING,2020-11-17T00:00:00.000Z,Taller de Imagenes satelitales para uso agropecuario,I teach a 3 ours workshop for young rural area students about the use of remote sensing data.,https://inta.gob.ar/eventos/uso-y-analisis-de-imagenes-satelitales-en-el-agro
ckp471l3i169182f00biyqu2s3,EVENT_ORGANIZATION,2021-04-28T00:00:00.000Z,R-Ladies+ Invita a useR!,"Meta meetup organize with other R-Ladies Chapters to invite to useR! explaining all the Accesibility, Equity and Inclusion effort made for the 2021 conf",https://www.meetup.com/es/rladies-santa-rosa/events/277740852/
ckp471la6169622f00a7vbctz1,SPEAKING,2021-01-21T00:00:00.000Z,"On programming, teaching, and building interactive tutorials with learnr","Teaching R is part of my activities as a community organizer, an RStudio Certified Instructor, a conference chair, and a researcher. Since 2019, I use the learnr package to generate interactive tutorials to teach R synchronously and asynchronously. The addition of the Tutorials panel in RStudio IDE and the need for virtual classes made the use of this package even more interesting. In this talk, I will tell you how to generate interactive tutorials, how to add pedagogical tools to them, what other packages you can use with {learnr} and show multilingual examples.",https://www.rstudio.com/resources/rstudioglobal-2021/on-programming-teaching-and-building-interactive-tutorials-with-learnr/
ckp47lxw3174722f00k3h98rb7,EVENT_ORGANIZATION,2020-05-16T00:00:00.000Z,Intro al ABC para enseñar on-line,"I teach a 3 hours workshop to introduce basic good practices for classroom management using Zoom or a similar online meeting platform. Every detail of the workshop, from the demonstration of interest and pre-registration form to the feedback request at the end of the workshop, including its execution using Zoom, is a demonstration of the strategies that can be adopted or adapted to any synchronous teaching.",https://www.metadocencia.org/curso/intro-abc-online/
ckp471kqd168832f00rddmaevv,OPEN_SOURCE_PROJECT,2021-04-30T00:00:00.000Z,Enseñar Tecnología en Comunidad,I lead the volunteer and colaborative translation of Teaching Tech Together,https://teachtogether.tech/
clkx76fp007200opav8mtq45p,SPEAKING,2022-12-02T00:00:00.000Z,rOpenSci. Ciencia abierta reproducible,Seminarios Web de la Plataforma Estadística del INTA / Online (Argentina),https://yabellini.netlify.app/talk/ropensci_pae_inta_2022/
clkwngf1n38750on7tdbu9x3m,BLOGPOST,2022-12-22T00:00:00.000Z,Twenty-four and a half years,"A review of my work at the Instituto Nacional de Tecnología Agropecuaria, INTA, Argentina.",https://yabellini.netlify.app/blog/2022-12-21-inta/
clkwnjchp38880on7ilxkehpw,BLOGPOST,2022-12-26T00:00:00.000Z,Another lap around the Sun,"This year was full of emotions, difficult decisions, and important changes. Reflecting on what happened will help me to improve.",https://yabellini.netlify.app/blog/2022-12-31-year-in-review/
clkwnl73r315417nkcrwuiwtm,BLOGPOST,2022-12-26T00:00:00.000Z,Otra vuelta al sol,"Este fue un año muy cargado de emociones, decisiones difíciles y cambios importantes. Reflexionar sobre lo ocurrido, me ayudará a mejorar.",https://yabellini.netlify.app/blog/2022-12-31-year-in-review_es/
clkwnpcf601681aqeho5vj8wg,BLOGPOST,2023-01-07T00:00:00.000Z,TidyTuesday - Bring Your Own Data Week!,"Last month I resigned from my position at INTA and did a review of some of the things I did in the 24+ years as a researcher. As this is the Bring Your Own Data Week for TidyTuesday I decide to write a blog post explaining how to make a heat map with all the publications of which I have a record during those 24+ years (and at academic work we keep track of everything, so I have a lot of publications to play with).",https://yabellini.netlify.app/blog/2023-01-07-tidytuesday/
clkwoi7ry31610nnuma76eik4,ARTICLE_PUBLICATION,2023-06-01T00:00:00.000Z,Multilingual Data Science: Ten Tips to Translate Science and Tech Content,"Chapter 16 in the Data Science by Design Anthology Vol. 2: Our Environment. A collection of work by data designers, artists, and scientists. ISBN: 979-8-218-20191-3.",http://datasciencebydesign.org/blog/multilingual-data-science
clkwztskm37641ap2njsqkdny,BLOGPOST,2023-07-27T00:00:00.000Z,Diez consejos rápidos para enseñar con programación (participativa) en vivo (en línea),"La programación participativa en vivo y la programación en vivo son estrategias eficaces para enseñar a programar, ya que permite que les estudiantes vean el proceso de pensamiento de quien enseña y sus técnicas de resolución de problemas en tiempo real mientras programan. Además, posibilitan una enseñanza activa al permitir a los y las profesores/as seguir los intereses, las preguntas y los comentarios de sus estudiantes. Sin embargo, con el cambio a las aulas virtuales, tenemos que adaptar estas prácticas docentes al contexto online.

En este artículo, comparto mis diez consejos basados en mi experiencia en la enseñanza de la codificación en línea utilizando codificación participativa en vivo.",https://yabellini.netlify.app/blog/2022_teaching_es/07-teaching/
clkwzuwkv36890nr0wfdq65qb,BLOGPOST,2023-05-20T00:00:00.000Z,What have I been reading?,Since late 2021 I started reading in English to learn the language. Here is the list of book I have been reading.,https://yabellini.netlify.app/blog/2023-05-20-books/
clkwzvw0036950nr07l87by94,BLOGPOST,2023-05-15T00:00:00.000Z,Why do I teach?,"I have been teaching since I was 15 years old. It is my favorite thing in the world. On university teachers' day in Argentina, some reflections on why I teach.",https://yabellini.netlify.app/blog/2023-05-15-proffesor/
clkwzwto437701ap2tbv32c7e,BLOGPOST,2023-05-06T00:00:00.000Z,In pursuit of a VISA,"It took me eight months, $950, and 200 hours of work to obtain a VISA from Argentina to the United States. I missed three events in 2022, losing opportunities and affecting my mood and motivation. VISA processes are very different for each person, but there is a correlation between the difficulty level and your origin, strongly penalizing people from the global south.We must take into account these differences to design and change how we organize events, conferences, and team activities. It is essential to ensure participation.",https://yabellini.netlify.app/blog/2023-05-06-visa/
clkx000r437010nr0xl1rb1t3,EVENT_ORGANIZATION,2023-04-17T00:00:00.000Z,"CSV,Conf","What is csv,conf?

csv,conf is a community event for datamakers from all around the world. At csv,conf, we get together to discuss open data, and how data can be used to solve problems across open source, journalism, science, government, and beyond! Over two days, attendees will have the opportunity to learn about ongoing work, share skills, exchange ideas (and stickers!) and kickstart collaborations. The rest of the week will be dedicated to parallel events featuring open data and open scholarship initiatives, communities, and projects. We welcome you to join us for the 7th year! 

 csv,conf,v7 will be held in Buenos Aires (Argentina) from April 19 to 20, 2023.

csv,conf is a community event for datamakers from all around the world. At csv,conf, we get together to discuss open data, and how data can be used to solve problems across open source, journalism, science, government, and beyond!

csv,conf is a community conference that is about more than just comma-separated-values - it brings together a diverse group to discuss topics including data sharing, data ethics, data analysis and more. Over two days, attendees will have the opportunity to learn about ongoing work, share skills, exchange ideas (and stickers!) and kickstart collaborations. The rest of the week will be dedicated to parallel events featuring open data and open scholarship initiatives, communities, and projects. We will be soon sharing more updates about the program and ticket registration, follow us on Twitter @CSVconference to stay tuned.

This is a very special edition as it’s the first time the event takes place in the Southern hemisphere. We hope this will encourage and increase the participation of the Latin American community in the conference, as we know there’s a strong open movement in the region. Previous conferences took place in Berlin, Portland and online. Check our YouTube channel to watch previous years’ talks.

If you are passionate about data and its application to society, this is the conference for you! The call for session proposals is open until November 25, 2022, and we encourage talks about new and interesting ways of using data (like how a plain-text file format led to a crossword scandal or how a spreadsheet turned into a critical data infrastructure to monitor COVID-19 infections).

We are happy to answer all questions you may have or offer any clarifications if needed. Feel free to reach out to us on csv-conf-coord@googlegroups.com, on Twitter @CSVconference, or our dedicated community Slack channel.

We are committed to diversity and inclusion, and strive to be a supportive and welcoming environment to all attendees. To this end, we encourage you to read the Conference Code of Conduct that we will be enforcing.

Last but not least, csv,conf is a group effort to put on a non-profit, community conference with dozens of people putting in time, including but not limited to the 2023 organizing team:

Elaine Wong, Canadian Broadcasting Corporation

SherAaron Hurt, The Carpentries

Marisa Miodosky, Open Heroines

Julieta Millan, Universidad de Buenos Aires

Gabi Mejias, DataCite

Lilly Winfree, data.world

Naomi Penfold, Invest in Open Infrastructure

Lai Yi Ohlsen, Measurement Lab

Yanina Bellini Saibene, rOpenSci

Sara Petti, Open Knowledge Foundation

Milagros Miceli, DAIR & Weizenbaum Institute

Patricio Del Boca, Open Knowledge Foundation

John Chodacki, California Digital Library

We look forward to hosting you in Buenos Aires next year!",https://csvconf.com/
clkx00us937070nr04zm4ha0f,BLOGPOST,2023-04-06T00:00:00.000Z,"Csv,Conf,v7 in Buenos Aires, Argentina","I enjoy organizing conferences, congresses, and events where people come together to share what they do.

As it is an activity that requires a lot of energy and continuous work, and I generally do it in my free time, this year I am participating in the organization of only two conferences (I have organized five confs in a year, so two is a pretty low number).

I would like to tell you about one of these conferences, the CSV,Conf,v7",https://yabellini.netlify.app/blog/2023-04-06-pre-csv-conf/
clkx0273t31040nmk9gugg5uc,BLOGPOST,2023-03-17T00:00:00.000Z,A beautiful lesson,"What is the best way to share a lesson so that others can use it, adapt it, understand it?",https://yabellini.netlify.app/blog/2023-03-17-beautiful-lesson/
clkx062vb04030opamum8lo00,BLOGPOST,2023-02-25T00:00:00.000Z,A year in The Carpentries' Executive Council,Reflextion on my participation as member of the Carpentries Executive Council,https://yabellini.netlify.app/blog/2023-02-25-the_carpentries/
clkx08nxw04140opaafdk3zfv,BLOGPOST,2023-01-20T00:00:00.000Z,Ten quick tips for teaching with (participatory) live coding (online),"Live coding and participatory live coding are effective strategies for teaching programming, as they allow students to see the instructor’s thought process and problem-solving techniques in real time while programming. Moreover, it enables active teaching by allowing teachers to follow their learners’ interests, questions, and feedback. However, with the shift to virtual classrooms, we need to adapt these teaching practices to the online context.

In this blog post, I share my ten tips based on my experience teaching coding online using live coding.",https://yabellini.netlify.app/blog/2022_teaching_en/04-teaching/
clkx0a06m44840opglbjszqp7,BLOGPOST,2023-08-04T00:00:00.000Z,rOpenSci Champions Pilot Year: Training Wrap-Up,"By Yanina Bellini Saibene, Camille Santistevan, Maya Sanghvi, Lou Woodley, Maëlle Salmon, Mauro Lepore, Heather Turner, Pao Corrales

Our first cohort of the rOpenSci Champions Program has now completed the first phase of their training. One of the goals of this program was to ensure that all participants gained new skills and understanding. We wanted to support Champions and Mentors, but also those who applied to the program but were not selected. Therefore we ensured that all groups had access to different training opportunities.

In this article, we share the curriculum created for the Champions, Mentors, and non-selected applicants, as well as what we learned during this pilot.",https://ropensci.org/blog/2023/08/04/champions-program-training/
clkx0b09n44900opgvgaxza68,BLOGPOST,2023-01-27T00:00:00.000Z,Pequeños científicos,Recordando mi participación en la feria de ciencias cuando estaba en secundaria.,https://yabellini.netlify.app/blog/2023-01-22-little_scientists-es/
clkx0br1344010on7tkuragaf,BLOGPOST,2023-01-27T00:00:00.000Z,Little Scientists,Remembering my participation in the science fair when I was in secondary school.,https://yabellini.netlify.app/blog/2023-01-22-little_scientists/
clkx0el1845030opgxxm1luif,BLOGPOST,2023-01-18T00:00:00.000Z,Call for Tutorials - Review. Series Organizing Tutorials,"In this blog post, you will learn about the process of review the proposals and an example rubric for the review",https://yabellini.netlify.app/blog/2022_tutorials_series/05-tutorials/
clkx7eo4741680nr004e3qrd0,SPEAKING,2023-02-16T00:00:00.000Z,rOpenSci Champions Program. A mentoring & training program for Scientific Open Source Champions,A presentation about lessons learned on the first steps of organizing rOpenSci Champions program for EuroBio Imaging,https://yabellini.netlify.app/talk/2023_eurobioimaging/
clkx7cx2242451ap2a4d1v83e,SPEAKING,2023-02-09T00:00:00.000Z,Multilingual Publishing,Presentation of the tools and work we are doing at rOpenSci to make multilingual publications. We show how we use and R Package to create a Pull Request with an automatic translations using DeepL API and review this translation by a two people and then merge to the language version of the book.  Bioconductor ,https://yabellini.netlify.app/talk/2023_bioconductor/
clkx8ofmn44321ap22b7qi30a,SPEAKING,2023-02-23T00:00:00.000Z,rOpenSci. Reproducible Open Science for (and by) All,"Summary of rOpenSci activities that helps reproducibility and diverse contributions. 
Toronto Workshop on Reproducibility / Hybrid (Global). University of Toronto.",https://yabellini.netlify.app/talk/2023_torontoworkshopreproducibility/
clkx8qby743760nr0e8ejr5yk,SPEAKING,2023-04-20T00:00:00.000Z,Tell me who you hang out with and I’ll tell you who you are: a collaborative analysis using social network analysis.,"Communities of practice are spaces where people share knowledge and contribute to individual and group objectives. Knowing the different types of community members, the different ways they can participate, what kind of collaborations exist, and among whom is an important input to understand the community and to be able to take actions to improve differents aspects of the community, like members' engagement, reach a wider audience, and increase diversity, among other. In this talk, we will present an analysis of rOpenSci networks since its inception to recognize types and themes of collaborations, actors in those collaborations, and sub-communities, among other aspects. We will explain how we collect the information to feed the networks (e.g. blog post authoring, event organization, package authoring, package review, among others), how we process it, and what kind of community management actions we can take based on the results obtained. All the source code and the data that can be public will be shared on a repository.  CSV,Conf,V7",https://yabellini.netlify.app/talk/2023_csv_conf/
clkx8rd1c43820nr0zs0d4d2f,SPEAKING,2023-05-10T00:00:00.000Z,Programming for Science,A talk for OLS-7 cohort about coding style and testing in software for research. ,https://yabellini.netlify.app/talk/
clkyf8j8l18820opahe7yxdru,BLOGPOST,2023-02-21T00:00:00.000Z,rOpenSci Champions Program Kick off,"We’re happy to report on the first couple of months in our first run of the rOpenSci Champions Program. In September 2022, we launched the program, advertising for both mentors and mentees to apply.

We received a total of 102 applications from 31 different countries. Seventy-four applications were for champions and twenty eight for mentors. We are very grateful to everyone who took the time to apply to our program.

More details in the blog post!",https://ropensci.org/blog/2023/02/21/champions-program-kick-off/
clkyfa78s21731aqeqsb9h4eb,BLOGPOST,2023-02-21T00:00:00.000Z,Puntapié inicial de nuestro programa de campeonas y campeones," ¡El programa de campeones arrancó con todo este 2023!

Nos complace informar sobre los dos primeros meses de nuestro primer programa de campeones y campeonas. En septiembre de 2022 hicimos el lanzamiento del programa, anunciando el llamado a aplicar a personas que quisieran participar.

Recibimos un total de 102 solicitudes de 31 países diferentes. Setenta y cuatro solicitudes eran para campeones o campeonas y veintiocho para tareas de mentoreo. La comunidad de rOpenSci está muy agradecida con todas las personas que se han interesado y aplicaron a nuestro programa.

Más detalles en el blog post!",https://ropensci.org/es/blog/2023/02/21/champions-program-kick-off-es/
clkyfdg7b21791aqeoulr786k,BLOGPOST,2022-11-16T00:00:00.000Z,Canales de comunicación de rOpenSci: Twitter,"Twitter es una de las plataformas y redes sociales preferidas por la comunidad de R y por las comunidades de datos, ciencia abierta e investigación. Desde el comienzo de rOpenSci hemos utilizado Twitter para conectarnos con nuestra comunidad y otras comunidades similares, para compartir lo que hacemos y para formar parte de las conversaciones en torno a los temas importantes para nuestra misión.

Nuestro objetivo es proporcionar un espacio seguro y amigable para todas las personas que son parte de nuestra comunidad, y esto influye en cómo elegimos los espacios que utilizamos para interactuar.

Por ello, nos preocupan los recientes cambios anunciados por Twitter (como la reducción o pérdida de la moderación de contenidos, entre otras cosas) que pueden hacer que se convierta en un lugar menos seguro y accesible para nuestra comunidad.

Continuar leyendo en el  blog post.",https://ropensci.org/es/blog/2022/11/16/mastodon-es/
clkyfhwmk57160nntyg0zcy2s,BLOGPOST,2022-11-16T00:00:00.000Z,rOpenSci’s Communication Channels: Twitter,"Twitter is one of the preferred social media platforms and networks for the R community and for the data, open science and research communities. Since the beginning of rOpenSci we have used Twitter to connect with our community and other parallel communities, to share what we do, and to be part of conversations around the topics important to our mission.

We aim to provide a safe and friendly space for everyone in our community, and this influences how we choose which spaces we use to interact with our community members.

We’re therefore concerned about recent changes announced by Twitter (such as a reduction or loss of content moderation, among other things) which may lead to it becoming a less safe and accessible place for our community.

Read more in the blog post",https://ropensci.org/blog/2022/11/16/mastodon-en/
clb29jt3920341ama3a7pjg8r,OPEN_SOURCE_PROJECT,2022-09-01T00:00:00.000Z,Multilingual Publishing,"Open Source and Open Science are global movements, but most of their material and resources are published in English. Non-English speakers face a significant barrier to being part of these movements.

We are embarking on an effort to translate rOpenSci’s material on best practices for software development, code review, and contribution to open source projects beyond the English language. As part of this effort we also develop guidelines for translating open source resources to a wider audience.

Publishing multilingual resources can lower the barrier to access to knowledge, help democratize access to quality resources and increase the possibilities of contributing to software and open science projects.

The project’s documentation will be useful to extend this effort to other languages and for other communities and projects with translation efforts.",https://ropensci.org/multilingual-publishing/
clkyfjxub56300nnugtv75dqg,BLOGPOST,2023-01-12T00:00:00.000Z,Agrandando nuestra comunidad con publicaciones multi-idioma,"Nos agrada anunciar que, con el aporte de Chan Zuckerberg Initiative, NumFOCUS y R Consortium, estamos comenzando el proceso de traducir los materiales de rOpenSci sobre buenas prácticas de desarrollo de software, revisión de código y contribución a proyectos de código abierto al español. Como parte de este esfuerzo, también estamos desarrollando guías y herramientas para traducir recursos de código abierto y alcanzar una mayor audiencia.",https://ropensci.org/es/blog/2023/01/12/multilingual-publishing-es/
clkyfn0fg56360nnuvvxzfb0i,BLOGPOST,2023-01-12T00:00:00.000Z,Expanding our Community through Multilingual Publishing,"We are excited to announce that, with the support of the Chan Zuckerberg Initiative, NumFOCUS, and the R Consortium, we have begun the process of translating rOpenSci’s materials on best practices for software development, code review, and contribution to open source projects into Spanish. As part of this effort, we are also developing guidelines and tools for translating open source resources to reach a wider audience.",https://ropensci.org/blog/2023/01/12/multilingual-publishing-en/
clkyfsm7f56420nnuhmnrdelv,BLOGPOST,2023-02-28T00:00:00.000Z,"Aprender, ayudar y compartir. El método de ThinkR para crear una comunidad cada vez más grande y amigable de R","Este es el segundo artículo de nuestra serie de entrevistas “Conociendo a las estrellas del universo R”. Nuestro objetivo es presentar a los grupos de trabajo y a las personas que están detrás del desarrollo de software y paquetes que utilizamos y que están disponibles a través del R-Universe. Queremos destacar y explorar diferentes equipos y proyectos de todo el mundo, el trabajo que realizan, sus procesos y las personas que usan sus desarrollos.

Continuamos nuestro viaje en Francia con Sébastien Rochette, experto en R de ThinkR, una empresa centrada en la enseñanza y la formación, así como en el desarrollo de paquetes R de código abierto. No dejes de ver el vídeo al final con extractos de la entrevista.",https://ropensci.org/es/blog/2023/02/28/r-universe-stars-2-es/
clkyftp5n57330nntvvrsq4tv,BLOGPOST,2023-02-28T00:00:00.000Z,Meeting the Stars of the R-universe: ThinkR’s Approach to Contributing to a Growing and Friendly R Community,"This is the second post of our interview series “Meeting the stars of the R-universe”. We aim to introduce the working groups and people behind the development of software and packages many of us use and which are available through the R-universe. We want to highlight and explore different teams and projects around the world, the work they do, their processes and users.

We continue our journey in France with Sébastien Rochette, R Expert at ThinkR, a company focused on teaching and training as well as developing open source R packages. Be sure to watch the video at the end with excerpts from the interview.",https://ropensci.org/blog/2023/02/28/r-universe-stars-2-en/
clkyfui1y57390nnt8b58kife,BLOGPOST,2023-02-28T00:00:00.000Z,"Enseigner, aider et partager. L’approche de ThinkR pour contribuer à la croissance d’une communauté R conviviale","Ceci est le deuxième article de notre série d’entretiens “Rencontre les stars de l’univers R”. Notre objectif est de présenter les groupes de travail et les personnes qui se cachent derrière le développement des logiciels et des paquets que nous utilisons et qui sont disponibles dans le R-univers. Nous voulons mettre en avant et explorer différentes équipes et projets du monde entier, le travail qu’ils font, leurs processus et les personnes qui utilisent leurs développements.

Nous poursuivons notre voyage en France avec Sébastien Rochette, expert R chez ThinkR une entreprise axée sur l’enseignement et la formation, ainsi que sur le développement de paquets R open source. N’oublie pas de regarder la vidéo à la fin avec des extraits de l’interview.",https://ropensci.org/fr/blog/2023/02/28/r-universe-stars-2-fr/
clkyfwfvn57450nntucg75xyk,BLOGPOST,2023-03-30T00:00:00.000Z,Conociendo a las estrellas del Universo R: Investigando nuestro cerebro con la magia del universo R,"Un nuevo artículo de nuestra serie de entrevistas “Conociendo a las estrellas del universo R”. Nuestro objetivo es presentar a los equipos y personas que están detrás del desarrollo de software y paquetes que utilizamos y que están disponibles a través del R-universe. Queremos destacar y explorar diferentes equipos y proyectos de todo el mundo, el trabajo que realizan, sus procesos y usuarios. Nuestra tercera parada es Noruega para hablar con Athanasia Monika Mowinckel.

Trabajar con el cerebro humano necesita de software específico y desarrollos complejos. Sin embargo R aparece como la forma natural de organizar y compartir cientos de datos que necesitan ser analizados y el Universo R como el lugar más amigable para compartir e invitar a colaborar.",https://ropensci.org/es/blog/2023/03/30/r-universe-stars-3-es/
clkyfx9dm56480nnubsk41wu7,BLOGPOST,2023-03-30T00:00:00.000Z,Meeting the Stars of the R-Universe: Researching Our Brain with the Magic of the R-Universe,"A new post of our interview series “Meeting the stars of the R-universe”. We aim to introduce the teams and people behind the development of software and packages many of us use and which are available through the R-Universe. We want to highlight and explore different teams and projects around the world, the work they do, their processes and users. Our third stop is Norway to talk with Athanasia Monika Mowinckel. Be sure to watch the video at the end with excerpts from the interview.

Working with the human brain requires specific software and complex developments. However R appears to be the natural way to collect and analyze the huge amount of data needed, and the R-Universe the most friendly place to share and invite collaborations.",https://ropensci.org/blog/2023/03/30/r-universe-stars-3-en/
clkyg3j8611040opo8njzuqu5,BLOGPOST,2023-06-06T00:00:00.000Z,"Conociendo a las estrellas del Universo R: PEcAn, un proyecto de código abierto para cuidar el planeta","Un nuevo artículo de nuestra serie de entrevistas “Conociendo a las estrellas del universo R”. Nuestro objetivo es presentar a los equipos y personas que están detrás del desarrollo de software y paquetes que utilizamos y que están disponibles a través del R-universe. Queremos destacar y explorar diferentes equipos y proyectos de todo el mundo, el trabajo que realizan, sus procesos y usuarios. Nuestra tercera parada es Estados Unidos para hablar con representantes del proyecto PEcAn. No te olvides de mirar el video al final del artículo con extractos de la entrevista.",https://ropensci.org/es/blog/2023/06/06/r-universe-stars-4-es/
clkyg4e2e64821ap2db39e4uu,BLOGPOST,2023-07-06T00:00:00.000Z,"Meeting the Stars of the R-Universe: PEcAn, an Open Source Project to Take Care of the Planet","A new post of our interview series “Meeting the stars of the R-universe”. We aim to introduce the teams and people behind the development of software and packages many of us use and which are available through the R-Universe. We want to highlight and explore different teams and projects around the world, the work they do, their processes and users. Our third stop is the United States to talk with members of the PEcAn project. Be sure to watch the video at the end with excerpts from the interview.",https://ropensci.org/blog/2023/06/06/r-universe-stars-4-en/
clkyg6dg664881ap2hpzutquj,BLOGPOST,2023-06-14T00:00:00.000Z,Los canales de comunicación de rOpenSci para un intercambio seguro y amigable,"Tal como lo anticipamos en noviembre del 2022 los cambios aplicados en Twitter han generado un espacio menos seguro y amigable para nuestra comunidad. Es por eso que a partir de Junio de 2023, dejaremos de interactuar en esa plataforma. Mantendremos la cuenta con la esperanza de poder volver cuando Twitter vuelva a ser un espacio seguro y solidario, pero mientras tanto centraremos nuestros esfuerzos de comunicación en otros lugares.",https://ropensci.org/es/blog/2023/06/14/ropensci-communication-channels-es/
clkygh2su57510nntqwy88f90,BLOGPOST,2023-06-14T00:00:00.000Z,rOpenSci’s Communication Channels for Safe and Friendly Exchange,"As we anticipated in November 2022 the changes implemented by Twitter have generated a less safe and friendly space for our community. That is why from June 2023, we will stop interacting on this platform. We will maintain the account in hopes that we can return when Twitter is once again a safe and supportive space, but in the meanwhile will focus our communication efforts elsewhere.",https://ropensci.org/blog/2023/06/14/ropensci-communication-channels-en/
clkyglkxf63310nr06r4plr2z,BLOGPOST,2023-07-14T00:00:00.000Z,¡Convocatoria abierta para la presentación de candidaturas al Programa de Campeonas y Campeones de rOpenSci!,"¡Nos complace abrir la convocatoria para la segunda cohorte de Campeonas/es y Mentoras/es para el Programa de rOpenSci 🎉 ! Este programa continuará apoyando nuestro objetivo de identificar, reconocer y recompensar a los miembros apasionados de la comunidad que ayudan a la comunidad a crecer y mejorar.

Este programa de Campeones y Campeonas de rOpenSci forma parte de una serie de actividades y proyectos que estamos llevando a cabo para garantizar que nuestro software de investigación esté al servicio de todas las personas de nuestras comunidades, lo que significa que debe ser sustentable, abierto y construido por y para todos los grupos.",https://ropensci.org/es/blog/2023/07/14/launch-champions-program-es/
clkygmcix65601ap2et97x9my,BLOGPOST,2023-07-14T00:00:00.000Z,Open Call for rOpenSci Champions Program Applications!,"We are pleased to open the call for the second cohort of Champions and Mentors for the rOpenSci Champions Program 🎉 ! This program will continue to support our goal of identifying, recognizing, and rewarding passionate community members who help the community grow and improve.

The Champions Program is part of a series of activities and projects we are carrying out to ensure our research software serves everyone in our communities, which means that it needs to be sustainable and open, and built by and for all groups.",https://ropensci.org/blog/2023/07/14/call-champions-program/
clkyh01zb57570nntwf8bg71a,BLOGPOST,2023-06-15T00:00:00.000Z,How do you measure the impact of a champions program?,"How do you measure the impact of a champions program? This was the central question of a working session at CZI’s Accelerating Open Science in Latin America workshop, convened by rOpenSci’s Community Manager Yani Bellini Saibene and attended by CSCCE’s Founder and Director, Lou Woodley.",https://ropensci.org/blog/2023/06/15/ropensci-champions-impact-en/
clkyhl3wy57460nnujd6oro18,BLOGPOST,2023-01-06T00:00:00.000Z,rOpenSci Code of Conduct Annual Review,"This report presents our annual review of the rOpenSci Code of Conduct, reporting process, and internal guidelines for handling reports and enforcement.",https://ropensci.org/blog/2023/01/06/conduct2023/
clkyhn3k551000nopxyqtml6g,BLOGPOST,2023-01-06T00:00:00.000Z,rOpenSci 2022 Code of Conduct Transparency Report,"The rOpenSci community is supported by our Code of Conduct with a clear description of unacceptable behaviors, instructions on how to make a report, and information on how reports are handled. We, the Code of Conduct Committee, are responsible for receiving, investigating, deciding, enforcing and reporting on all reports of potential violations of our Code. We are committed to transparency with our community while upholding the privacy of people who experience or report incidents.",https://ropensci.org/blog/2023/01/06/transparency2022/
clkyi1hkl66201ap2meeen2tc,OPEN_SOURCE_PROJECT,2023-06-01T00:00:00.000Z,[Open Course] Enseñando Tecnología en Comunidad,"Enseñando tecnología en comunidad. Consejos prácticos para enseñar aplicando la ciencia del aprendizaje y la enseñanza es un curso que introduce la enseñanza basada en evidencia científica para personas con formación técnica.

Está basado en los materiales del libro Enseñar Tecnología en Comunidad (Teaching Tech Together) de Greg Wilson (2019). Esta obra está bajo licencia Atribución-CompartirIgual 4.0 Internacional (CC BY-SA 4.0).
¿Cómo citar este trabajo?
Yanina Bellini Saibene, & Paola Corrales. (2023, June 29). Enseñando tecnología en comunidad. Consejos prácticos para enseñar aplicando la ciencia del aprendizaje y la enseñanza. Zenodo. https://doi.org/10.5281/zenodo.8097003",https://yabellini.netlify.app/courses/t3es/
clkyi594a48530nnls12wkr7b,OPEN_SOURCE_PROJECT,2023-03-17T00:00:00.000Z,Mentorship Training and Orientation. rOpenSci Champions Program,"This course is part of the rOpenSci Champion Program’s mentor training and orientation.

Mentors play a vital role in the rOpenSci Champions Program by helping select the first cohort of Champions and advising and inspiring their mentees. Mentors will also connect their mentees to people, programs, and organizations; recommend, resources, readings, training, and experiences; and provide feedback on the mentee’s project.

Learning goals of the training:

What does a mentor do? 
How can I actively listen to my Fellow?
How can I ask effective questions?
How do I give good feedback?
How do I set expectations for myself and the Fellow?
What are useful tools when guiding someone through a project?
How the program is organize?
",https://ropensci-training.github.io/ropensci-mentors/
clkyi7n0248590nnl6k5uoo9z,OPEN_SOURCE_PROJECT,2023-05-17T00:00:00.000Z,[Open Course] De planillas de cálculo a R,"Este curso está dirigido a personas que utilizan hojas de cálculo para la manipulación de datos y que nunca han programado, pero que les gustaría aprender a trabajar con R. Por lo tanto, comenzamos por el principio: ¿por qué usar R? y ¿por dónde empezar?

Proponemos trabajar con R de forma ordenada y reproducible. Por ello, presentamos un flujo de trabajo que permite a quienes realicen este curso aplicar buenas prácticas de programación, trabajar de forma colaborativa y presentar su trabajo en un único documento que incluya el análisis y los resultados.

Siempre que podamos, mencionaremos cómo lo que proponemos resolver con R también se puede hacer con hojas de cálculo y las ventajas y desventajas de cada enfoque.

En cada sección incluimos actividades junto con ejemplos. Queremos que estos ejercicios sean realistas para que cualquiera pueda encontrar similitudes en sus propios datos y pueda aplicar lo aprendido a otras situaciones.",https://yabellini.netlify.app/courses/deplanillasdecalculoar/
clkzi32xa61210nopdwrt1w8l,SPEAKING,2023-08-02T00:00:00.000Z,Building the rOpenSci Community of Practice,I have the opportunity to share about rOpenSci and our projects with members of the Tampa Bay Estuary Program Open Science Subcommittee.,https://ropensci.org/events/tbep-2023/
clkzi5eb459670nnlw3kkylfr,ARTICLE_PUBLICATION,2023-06-27T00:00:00.000Z,DEI Tip Sheet: Virtual event accessibility guiding questions,"This tip sheet explores 12 guiding questions to help improve the accessibility of your next virtual event; from the very earliest planning stages, through communications and marketing, to event hosting, follow-up, and evaluation. The tip sheet was co-created by CSCCE staff and members of our community of practice, and compliments our four-part guidebook on using virtual events to facilitate community building.",https://zenodo.org/record/8043909
clkziajif68700nntj22pgfv5,EVENT_ORGANIZATION,2023-01-31T00:00:00.000Z,{targets} in Action,"The {targets} package is a pipeline tool for Statistics and data science in R. With {targets}, you can maintain a reproducible workflow without repeating yourself. {targets} learns how your pipeline fits together, skips costly runtime for tasks that are already up to date, runs only the necessary computation, supports implicit parallel computing, abstracts files as R objects, and shows tangible evidence that the results match the underlying code and data.

On this call Will, Eric and Joel will share their experience putting {targets} into action. Eric will share with us Using {targets} with HPC and Joel will talk about Using {targets} for bioinformatics pipelines, then Will will demonstrate Debugging {targets} pipelines.",https://ropensci.org/commcalls/jan2023-targets/
clkzidks468470nnu4ruvz643,EVENT_ORGANIZATION,2023-06-28T00:00:00.000Z,A Journey through Arrow in R,"Apache Arrow is a software development platform for building high performance applications that process and transport large data sets. It is designed to improve the performance of data analysis methods, and to increase the efficiency of moving data from one system or programming language to another.

In this community call moderated by Stephanie Hazlitt, our speakers, Nic Crane and Jonathan Keane, will lead us through the Arrow R package.",https://ropensci.org/commcalls/jun2023-arrow/
clkzifjdr68760nntjcguw9z3,EVENT_ORGANIZATION,2023-07-25T00:00:00.000Z,Mentoring & training program for Scientific Open Source Champions,"Champions programs are designed to identify, recognize, and reward emerging leaders within a community. The rOpenSci Champions Program is part of a series of activities and projects we are carrying out to ensure our research software serves everyone in our communities, which means that it needs to be sustainable and open, and built by and for all groups.

On this call Beatriz Milz, Victor Ordu and Carolina Pradier will share their experience of being rOpenSci mentors and champions. We will highlight the benefits of being part of the program for you and for your community, what kind of learning, activities and opportunities an open source community champions program provides. Yani will present the details of our Champion Program and answer all your question about it.",https://ropensci.org/commcalls/july2023-championprogram/
clkziygxs68820nntas7rf98v,EVENT_ORGANIZATION,2023-06-19T00:00:00.000Z,Enseñar Tecnología en Comunidad,Curso con docentes de The Bridge Bootcamp. Cuatro encuentros de tres horas enseñando conceptos de la ciencia de la enseñanza y aprendizaje para poder enseñar mejor temas tecnológicos.,https://yabellini.netlify.app/courses/t3es/
clkzj1luy68530nnu4kf7up5d,EVENT_ORGANIZATION,2023-05-02T00:00:00.000Z,Spring Cleaning for R packages and Scripts,"This month we’re focusing on the theme Spring Cleaning* with Steffi LaZerte, rOpenSci’s community assistant who forgets all too often to spring clean her own packages 😱.

* For those of us in the Northern Hemisphere and Fall Cleaning for our Southern friends.

Come for the full 2 hrs or only as long as you need!",https://ropensci.org/events/coworking-2023-05/
cll1fqjn382110nopq3c73s08,EVENT_ORGANIZATION,2023-01-24T00:00:00.000Z,rOpenSci Mentoring & training program for Scientific Open Source Champions. Kickoff meeting 1.,"Primera reunión para los campeones, campeonas, mentores y mentoras del programa de campeones y campeonas de rOpenSci.",https://yabellini.netlify.app/talk/2023_kickoff_meting_1/
cll1frjxs80790nnld2oh2k72,EVENT_ORGANIZATION,2023-01-27T00:00:00.000Z,rOpenSci Mentoring & training program for Scientific Open Source Champions. Kickoff Meeting 2,"Segunda reunión para los campeones, campeonas, mentores y mentoras del programa de campeones y campeonas de rOpenSci.",https://yabellini.netlify.app/talk/2023_kickoff_meting_2/
cll1fsrtg80850nnlw91kyyan,EVENT_ORGANIZATION,2023-07-31T00:00:00.000Z,Nerdearla,I was jury of the Data Track for the 2023 edition.,https://nerdear.la/
cll1fy1ec80910nnl352tvfbv,EVENT_ORGANIZATION,2023-05-19T00:00:00.000Z,Developing Software Together (training for champions program applicants),"It is a three-hour course on how to use Git and GitHub to collaboratively develop open-source software with the R language. It’s organized for the Champions program of rOpenSci.

Trainers

Paola Corrales: rOpenSci Champion. Trainer and instructor for The Carpentries and RStudio certified instructor. R-Ladies Global Team.

Yanina Bellini Saibene: rOpenSci Community Manager. Trainer and instructor for The Carpentries and RStudio certified instructor. R-Ladies Global Team.
",https://ropensci.org/events/2023-05-19-developing-software-together/
cll1g08pn80970nnl2sq66d1m,EVENT_ORGANIZATION,2023-05-18T00:00:00.000Z,How to contribute to base R (champions training),"This workshop was a 60-minute walk-through of how to contribute to base R. It included how to contribute to a bug, confirm a bug, diagnose a bug, and propose a fix to code/documentation.

The workshop presented tools and strategies to find a bug to work on and discussed which features make a bug good for a first-timer. Using real bug reports, participants practiced identifying good first issues. Then the process of debugging code/documentation was introduced in a collaborative exercise. Participants were briefly shown how to propose a bug fix by commenting on Bugzilla or creating a patch using GitHub. Finally, pointers and resources were shared.

This training was developed and taught by Heather Turner.",https://ropensci.org/events/2023-05-18-how-to-contribute-base-r/
cll1g29bt95480nnuonegep3u,EVENT_ORGANIZATION,2023-04-04T00:00:00.000Z,How rOpenSci performs peer-review,"This one-hour workshop was for people wanting to try the rOpenSci review process, particularly for Champions planning to send a package to review or become reviewers. We reviewed the way we communicate, build, and review software with selected examples and resources, with some time for questions and comments.

This training was developed for the Champion Program and taught by Mauro Lepore.",https://ropensci.org/events/2023-04-04-how-ropensci-review/
cll1g37mr95540nnuhqo3htva,EVENT_ORGANIZATION,2023-03-23T00:00:00.000Z,Package Development: Not Rocket Science (champions training),"This two-hour workshop was for R users who had already developed or contributed to packages or had taken the “Package Development: The Mechanics workshop”. It was intended for Champions planning to develop a package or submit it for review and who wanted to learn several tips and tricks on package development. Ideally, participants attended with a package of their own to use as a playground.

This training was developed for the Champion Program and taught by Maëlle Salmon.",https://ropensci.org/events/2023-03-23-pkg-dev-not-rocket-science-champions/
cll1g50sq95500nnt537poe0k,EVENT_ORGANIZATION,2023-03-14T00:00:00.000Z,Package Development: the Mechanics (champions training),"In this two-hour session with a live demo, an rOpenSci trainer demystified the creation of R packages. R packages are mostly well-organized folders, with automatic tools to help, such as usethis. This workshop was intended for Champions planning to develop a package who had not previously developed or contributed to packages.

This training was developed for the Champions Program and taught by Maëlle Salmon.",https://ropensci.org/events/2023-03-14-pkg-dev-mechanics-champions/
cll1g9p8m82170nopd8ffcjmb,EVENT_ORGANIZATION,2023-02-21T00:00:00.000Z,rOpenSci Champions Program. Mentorship Training and Orientation,"Mentors developed their mentoring skills during this training and orientation, which covered active listening, effective questioning, and giving feedback. They received resources for their mentoring roles, such as the Mentors’ Guidelines, Meeting Templates, and details of the logistics of the Champions Program.

This training was mandatory for all Mentors. It was developed for the Champions Program and taught by Yanina Bellini Saibene.",https://ropensci.org/events/2023-03-01-mentor-orientation/
cll1h8mwv107111ap265b6o6jw,VIDEO_PODCAST,2023-08-04T00:00:00.000Z,Let's Talk Community with Yanina Bellini Saibene,We speak with Yanina Belline Saibene about her experience in communities.,https://blog.dataumbrella.org/yanina-community
clli4pj1y0004u701eojd1ycg,SPEAKING,2023-05-08T00:00:00.000Z,"Charla abierta con Thomas Dohmke, CEO de GitHub",Fui parte del panel como GitHub Star donde Thomas Dohmke visitó Buenos Aires y presentó copilot. ,https://msevents.microsoft.com/event?id=2550716757
clkyhq2uo51060nopu58ley9k,BLOGPOST,2022-06-21T00:00:00.000Z,"Introducing rOpenSci new Community Manager, Yanina Bellini Saibene"," Hello! I am Yanina Bellini Saibene, your new community manager.

I’m so excited to join rOpenSci in this role, and support such an important project in open science and in the R Community.

When I saw the call for the position, I thought that my over 20 years of experience as a community builder, teacher, and researcher aligned perfectly with it.

I believe in the power of open science at the service of people, that education is the best tool we have to improve lives, and that the most effective way to make changes is as part of a community. rOpenSci combines my passion for open software and open science with my favorite programming language and community. I am particularly excited by our new project to empower community leaders from historically excluded groups and looking forward to playing a role in its development. I have worked to improve diversity, equity, and inclusion throughout my career, both because I am a member of groups that are historically excluded from science and because it’s the right thing to do.",https://ropensci.org/blog/2022/06/21/introducing-yanina/
clkyhtycw59960on7tmyo0kb2,BLOGPOST,2022-06-20T00:00:00.000Z,"Presentamos a la nueva Community Manager de rOpenSci, Yanina Bellini Saibene","¡Hola! Soy Yanina Bellini Saibene, tu nueva Community Manager.

Estoy muy entusiasmada de unirme a rOpenSci con este rol y así poder apoyar un proyecto tan importante en la ciencia abierta y en la Comunidad R.

Cuando vi la convocatoria para el puesto, pensé que mis más de 20 años de experiencia trabajando en comunidades, siendo profesora e investigadora se alineaban perfectamente.

Creo en el poder de la ciencia abierta al servicio de las personas, que la educación es la mejor herramienta que tenemos para mejorar nuetras vidas, y que la forma más eficaz de hacer cambios es siendo parte de una comunidad. rOpenSci combina mi pasión por el software libre y la ciencia abierta con mi lenguaje de programación y mi comunidad favoritas. Estoy especialmente entusiasmada con nuestro nuevo proyecto para capacitar a las y los líderes comunitarios de grupos históricamente excluidos y estoy muy entusiasmada por desempeñar un papel en su desarrollo. He trabajado para mejorar la diversidad, la equidad y la inclusión a lo largo de mi carrera, no solo porque pertenezco a grupos históricamente excluidos de la ciencia, si no porque es lo correcto, lo que se debe hacer.",https://ropensci.org/es/blog/2022/06/21/introducing-yanina-es/
clli5rgd50005rm012m9udq9o,EVENT_ORGANIZATION,2023-10-18T00:00:00.000Z,LatinR 2023| Conferencia Latinoamericana sobre Uso de R en Investigación + Desarrollo,"On October 25, 2017, an announcement was made on the R User Group (RUG) Organizers Slack: the R Foundation Conference Committee was interested in the emergence of academic-focused R events in regions not currently covered by useR! In less than a week, we had organized our first videoconference to start thinking about how to face the challenge. This quick response was not the result of mere luck, but the consequence of a year in which the R community — through its local RUGs and social media presence— grew stronger in South America. By mid November everything was set up: a name, a place, a date, and a motivated international organizing committee. The first edition took place in Buenos Aires, Argentina and the second in Santiago de Chile, Chile. After the virtual editions between 2020 and 2022, this year the latinamerican R community will meet up in Montevideo, Uruguay.",https://latin-r.com/
clli5tpmm0004ts01z3vruoin,SPEAKING,2023-08-08T00:00:00.000Z,Campeonas del software libre para ciencia,"Presentación sobre el programa de campeonas de rOpenSci a los capítulos de R-Ladies Buenos Aires y Santa Rosa de Argentina.
",https://yabellini.netlify.app/talk/2023_r-ladies-cp/
clli5wjyg0003ps01pcij2cl6,OPEN_SOURCE_PROJECT,2023-08-12T00:00:00.000Z,[Open Course] - Gestión de Datos,"Gestión de Datos

Ante la necesidad de cualquier persona que practique la ciencia de datos de manipular distintos volúmenes de datos, la gestión de los mismos cobra gran importancia. En esta materia abordaremos el tema de la gestión de datos desde el punto de vista teórico y práctico, incluyendo estudios de casos y actividades para brindarles las herramientas necesarias para continuar con su formación.
Programa sintético

    Sistemas de bases de Datos.
    Diseño y administración de Sistemas de Bases de Datos.
    Escalabilidad, eficiencia y efectividad.
    Modelado y calidad de datos.
    Modelos de datos: Modelo Entidad-Relación, Modelo Relacional.
    Lenguajes de Sistemas de Gestión de Bases de Datos. Álgebra Relacional, Cálculo Relacional.
    El lenguaje estándar SQL.
    Diseño de Bases de Datos Relacionales. Teoría formal de la Normalización de esquemas relacionales. Integridad. Seguridad. Recuperación. Concurrencia. Optimización.
    El lenguaje de programación R.
    Nociones de minería de datos.

Objetivos

Los objetivos de la materia son:

    Adquirir nociones sobre la generación y origen de los datos, formas de almacenamiento y su organización.
    Identificar distintos diseños de bases de datos.
    Desarrollar modelos de datos.
    Manipular bases de datos utilizando el lenguaje SQL.
    Aplicar las nociones de SQL adquiridas en aplicaciones con el lenguaje R.

Licencia

Esta obra está bajo licencia Atribución-NoComercial 4.0 Internacional (CC BY-NC 4.0).
¿Cómo citar este trabajo?

Yanina Bellini Saibene, & Paola Corrales. (2023, August 12). Gestión De Datos. Zenodo. https://doi.org/10.5281/zenodo.8242069",https://yabellini.github.io/gestiondedatos/
cm3ou8nb6000akd01t64rfu2b,EVENT_ORGANIZATION,2024-10-01T00:00:00.000Z,Nerdearla Argentina y Mexico,"In both events, my task was to review talk proposals. ",https://nerdear.la/en/
clp7kdsbo000iru01w81vtjuk,EVENT_ORGANIZATION,2023-10-31T00:00:00.000Z,R in Government,"In this community call, our panelists will share their experiences and examples of projects with R at different levels of government and in different countries.
We invite you to learn about the challenges and lessons learned from our panelists and attendees in their efforts to make their government data, processes, and analyses more open and reproducible.",https://ropensci.org/commcalls/oct2023-government/
clp7j4kfx000ipt01suvccfai,BLOGPOST,2023-11-06T00:00:00.000Z,The rOpenSci Multiverse,"The R-Universe is used by professionals from different fields, although they all pursue the same objective: to offer their R packages in a simple and accessible way.
At rOpenSci we work to provide tools that facilitate access to data and research software generated with good software development practices and in a friendly community. With the R-Universe platform we basically seek to present the entire #rstats universe so that anyone can find the most suitable package to solve a problem.
In the R-Universe we find very diverse packages. From teams analyzing statistical data in the Argentine state to research on the human brain in Norway.
In this blog post, we summarize the interviews of the series Meeting the stars of the R-Universe and bring you five examples of organizations and teams that choose the R-Universe to facilitate access and promote community sharing of data and software.",https://ropensci.org/blog/2023/11/06/r-universe-stars-finale/
clp7j61lc000jpt010x3gotic,BLOGPOST,2023-09-26T00:00:00.000Z,How to translate a Hugo blog post with babel down,"As part of our multilingual publishing project, and with funding from the R Consortium, we’ve worked on the R package babeldown for translating Markdown-based content using the DeepL API. In this tech note, we’ll show how you can use babeldown to translate a Hugo blog post!",https://ropensci.org/blog/2023/09/26/how-to-translate-a-hugo-blog-post-with-babeldown/
clp7j7u68000kpt01abdp3onf,BLOGPOST,2023-09-19T00:00:00.000Z,Attract Contributors with 'help wanted' Issues,"Maintaining a package can be a lonesome activity, which sometimes poses a problem if you prefer team work or if you encounter a very thorny-for-you problem. Beside belonging to a supportive community of maintainers (like rOpenSci 😉), for collaborative help and commiseration you can try to build a community of contributors around your package! In this post, we’ll explore one tool helping you towards that goal: “help wanted” issues, with which your repository could attract and retain new developers! We’ll discuss what “help wanted” issues are, four steps for soliciting external help, and remind you that this can be a beneficial process, even if you don’t end up attracting help.",https://ropensci.org/blog/2023/09/19/help-wanted/
clp7j935b002ipw01eiokgutn,BLOGPOST,2023-09-15T00:00:00.000Z,Meeting the Stars of the R-Universe: The R-Universe Against Diseases.,"A new post of our interview series “Meeting the stars of the R-universe”. We aim to introduce the teams and people behind the development of software and packages many of us use and which are available through the R-Universe. We want to highlight and explore different teams and projects around the world, the work they do, their processes and users. This stop is at the United Kingdom to talk with members of the Centre for Global Infectious Disease Analysis. Be sure to watch the video at the end with excerpts from the interview.
Infectious diseases continue to generate multiple problems in human health. The pandemic experience taught us the importance of research to fight epidemics. Today we will meet a team of developers who use the R-Universe to host packages that help in this work.",https://ropensci.org/blog/2023/09/15/r-universe-stars-5-en/
clp7jc2k7000eqj01p1g02eu1,BLOGPOST,2023-10-13T00:00:00.000Z,Three currencies of payment for our work,Any activity we perform pays us in different currencies. As managers and leaders we must take care of that balance in the three currencies of payments. Especially with volunteer work.,https://yabellini.netlify.app/blog/2023-10-13-three-payments/
clp7jd2b8000fqj01x1hfdps6,BLOGPOST,2023-11-05T00:00:00.000Z,"LatinR 2023, meeting again in person","A summary of the in-person LatinR 2023 conference in Montevideo, Uruguay",https://yabellini.netlify.app/blog/2023-11-05-latinr-2023/
clp7jiyrm000hqj01sv6behsk,BLOGPOST,2023-09-26T00:00:00.000Z,Cómo traducir un artículo de blog de Hugo con Babeldown,"Como parte de nuestro proyecto editorial multilingüe y con financiación del Consorcio R hemos trabajado en el paquete R babeldown para traducir contenido basado en Markdown utilizando la API de DeepL. En esta nota técnica, mostraremos cómo puedes utilizar babeldown para traducir un artículo de blog que utiliza Hugo.",https://ropensci.org/es/blog/2023/09/26/c%C3%B3mo_traducir_una_entrada_de_blog_de_hugo_con_babeldown/
clp7jgw5r000fpc016aeu2uw9,BLOGPOST,2023-11-06T00:00:00.000Z,El multiverso de rOpenSci,"El Universo R es utilizado por profesionales de distintos ámbitos, aunque todos persiguen el mismo objetivo: ofrecer sus paquetes de R de manera simple y accesible.
Desde rOpenSci trabajamos para ofrecer herramientas que faciliten el acceso a datos y software de investigación generado con buenas prácticas de desarrollo de software y en una comunidad amigable. Con la plataforma Universo R básicamente buscamos presentar todo el universo #rstats para que cualquiera pueda encontrar el paquete más adecuado para resolver un problema.
En el Universo R encontramos paquetes muy diversos. Desde equipos que analizan datos estadísticos en el estado argentino a investigaciones sobre el cerebro humano en Noruega.
En este artículo resumimos las entrevistas de la serie Conociendo a las estrellas del universo R, les traemos cinco ejemplos de organizaciones y equipos que eligen el Universo R para facilitar el acceso y promover el intercambio de datos y software en comunidad.",https://ropensci.org/es/blog/2023/11/06/r-universe-stars-finale-es/
clp7jjv1s0003ql01n74c4o77,BLOGPOST,2023-09-15T00:00:00.000Z,Conociendo a las estrellas del Universo R: El universo R contra las enfermedades.,"Un nuevo artículo de nuestra serie de entrevistas “Conociendo a las estrellas del universo R”. Nuestro objetivo es presentar a los equipos y personas que están detrás del desarrollo de software y paquetes que utilizamos y que están disponibles a través del R-universe. Queremos destacar y explorar diferentes equipos y proyectos de todo el mundo, el trabajo que realizan, sus procesos y usuarios. En esta parada vamos al Reino Unido para hablar con representantes del Centre for Global Infectious Disease Analysis. No te olvides de mirar el video al final del artículo con extractos de la entrevista.
Las enfermedades infecciosas siguen generando múltiples problemas en la salud humana. La experiencia de la pandemia nos enseñó la importancia de las investigaciones para luchar contra las epidemias. Hoy conoceremos a un equipo de desarrolladores que utilizan el Universo R para alojar paquetes que ayudan en ese trabajo.",https://ropensci.org/es/blog/2023/09/15/r-universe-stars-5-es/
clp7jnnmi003eq401gcmomruo,SPEAKING,2023-09-23T00:00:00.000Z,rOpenSci. Ciencia Abierta Reproducible por y para todes,"Los 14 capítulos de R-Ladies en México se juntan para celebrar su encuentro anual.
Di una charla sobre rOpenSci y como participar en nuestra comunidad durante este evento on-line.",https://ropensci.org/events/rladies-mexico-2023/
clp7jrpdu0004ql0105ob2u45,SPEAKING,2023-08-30T00:00:00.000Z,Organizing Community Calls using GitHub,"In this first trial, we focused exclusively on GitHub – one of the go-to platforms developers use to share and build open-source software. At CSCCE, we often say “meet your members where they are,” and for open-source communities, that often means you’ll find them using GitHub. 

Our first speaker was Yanina Bellini Saibene, who is Community Manager for rOpenSci. rOpenSci convenes users and developers of R packages, including supporting a software peer review process to vet submitted packages with scientific applications. rOpenSci’s members are generally very active on GitHub, and by using the platform to facilitate suggestions for community call topics, Yani is able to capitalize on their existing technical familiarity. In her presentation, she also demonstrates how she uses both a public (community-facing) and a private (staff team-facing) repo to administer this piece of community programming – creating a balance between inclusive member engagement and “not showing every pot and pan in the kitchen that’s used to make the meal.” ",https://ropensci.org/events/cscce-commcalls-github/
clp7jxniv002mpw015pj3ymfe,EVENT_ORGANIZATION,2023-08-23T00:00:00.000Z,Social Coworking and Office Hours - Champions Program Application Clinic,"Cowork and/or Ask Questions
Prepare your application for the Champions Program!
Meet Yanina Bellini Saibene to chat about the Champions Program
Do you have questions about the program?
Do you have specific questions about the application?
Do you need some thoughts and feedback on your application before you submit it?
Join this session to ask your questions directly to the rOpenSci team.",https://ropensci.org/events/coworking-2023-08-23/
clp7jyhwr000dru01a6hhhc9l,EVENT_ORGANIZATION,2023-08-17T00:00:00.000Z,Social Coworking and Office Hours - Champions Program Application Clinic,"Cowork and/or Ask Questions
Prepare your application for the Champions Program!
Meet Yanina Bellini Saibene to chat about the Champions Program
Do you have questions about the program?
Do you have specific questions about the application?
Do you need some thoughts and feedback on your application before you submit it?
Join this session to ask your questions directly to the rOpenSci team.",https://ropensci.org/events/coworking-2023-08-17/
clp7k6cr7000gru01fsn04d5e,SPEAKING,2023-08-08T00:00:00.000Z,Campeonas del software libre para ciencia,Presentación sobre el programa de campeonas de rOpenSci para los capitulos de R-Ladies Santa Rosa y R-Ladies Buenos Aires. ,https://ropensci.org/events/cprladies-2023/
clp7k8n80000hru01mkee7563,SPEAKING,2023-10-20T00:00:00.000Z,Charla R Consortium,"Charla del sponsor principal de la conferencia, RConsortium, en la que se dan a conocer los distintos programas y oportunidades de financiamiento existente. Doy esta charla como parte del ISC.",https://yabellini.netlify.app/talk/2023_latinr_rconsortium/
clp7k7sqw002opw01n5o11uty,SPEAKING,2023-10-19T00:00:00.000Z,Análisis de colaboración en comunidades por medio de analisis de redes sociales,"Las comunidades de práctica son espacios donde las personas comparten conocimientos y contribuyen a objetivos individuales y de grupo. Conocer los tipos de miembros y formas de participación, junto con las colaboraciones que existen, y entre quiénes, es un insumo importante para entender la comunidad y tomar acciones para su mejora. Presentamos como implementar un análisis de redes sociales utilizando R en una comunidad de practica real y una serie de consejos si queres hacer lo mismo.",https://yabellini.netlify.app/talk/2023_latinr_ropensci/
clpfkvxyu0016r201shsw2ouo,OTHER,2023-11-24T00:00:00.000Z,"rOpenSci News Digest, November 2023","Dear rOpenSci friends, it’s time for our monthly news roundup!
You can read this post on our blog. Now let’s dive into the activity at and around rOpenSci!
Giving season: consider donating to rOpenSci
R-universe now builds WASM binaries for all R packages!
Recording of comm call R in Government
Coworking
Software: New packages and New versions
Software Peer Review
On the blog
Use cases
Call for maintainers
Package development corner
",https://ropensci.org/blog/2023/11/24/news-november-2023/
clpfkxw4n0017r201xr0t5w1p,OTHER,2023-10-20T00:00:00.000Z,"rOpenSci News Digest, October 2023","Dear rOpenSci friends, it’s time for our monthly news roundup!
You can read this post on our blog. Now let’s dive into the activity at and around rOpenSci!
Help us translate our dev guide to Portuguese
Reminder: Three upcoming community calls, and our first one in Spanish!
Coworking
Software: New packages and New versions
Software Peer Review
On the blog
Use cases
Call for maintainers
Package development corner",https://ropensci.org/blog/2023/10/20/news-october-2023/
clpfl0909000gow01nlwpfjjm,OTHER,2023-09-22T00:00:00.000Z,"rOpenSci News Digest, September 2023","Dear rOpenSci friends, it’s time for our monthly news roundup!
You can read this post on our blog. Now let’s dive into the activity at and around rOpenSci!
WIP: WebAssembly support in R-universe!
First rOpenSci Champion’s package to go through peer-review, in Spanish!
123 Applications to our Champions Program 2023-2024
Coworking
Software: New packages and New versions
Software Peer Review
On the blog
Use cases
Call for maintainers
Package development corner",https://ropensci.org/blog/2023/09/22/news-september-2023/
clpfl2pfm0018r201iy0y1k4q,OTHER,2023-08-25T00:00:00.000Z,"rOpenSci News Digest, August 2023","Dear rOpenSci friends, it’s time for our monthly news roundup!
You can read this post on our blog. Now let’s dive into the activity at and around rOpenSci!
Open Call for rOpenSci Champions Program Applications!
Community call recording: Mentoring & Training Program for Scientific Open Source Champions
Coworking
Software: New packages and New versions
Software Peer Review
On the blog
Use cases
Call for maintainers
Package development corner",https://ropensci.org/blog/2023/08/25/news-august-2023/
clpfl5j0d000how010017q3aq,OTHER,2023-07-21T00:00:00.000Z,"rOpenSci News Digest, July 2023","Dear rOpenSci friends, it’s time for our monthly news roundup!
You can read this post on our blog. Now let’s dive into the activity at and around rOpenSci!
Open Call for rOpenSci Champions Program Applications!
Community call: Mentoring & Training Program for Scientific Open Source Champions
CRAN packages on R-universe
Coworking
Software: New packages and New versions
Software Peer Review
On the blog
Use cases
Call for maintainers
Package development corner",https://ropensci.org/blog/2023/07/21/news-july-2023/
clpfl98ra000qq3012kvfof2l,OTHER,2023-06-22T00:00:00.000Z,"rOpenSci News Digest, June 2023","Dear rOpenSci friends, it’s time for our monthly news roundup!
You can read this post on our blog. Now let’s dive into the activity at and around rOpenSci!

Meeting the stars of the R-universe: PEcAn, an Open Source Project to Take Care of the Planet
Downloading snapshots and creating stable R packages repositories using R-universe!
Statistical software review now completely integrated with standard review process
rOpenSci’s Communication Channels for Safe and Friendly Exchange
Two upcoming community calls: A Journey through Arrow in R and Champions Program
Coworking
Software: New packages and New versions
Software Peer Review
On the blog
Use cases
Call for maintainers
Package development corner",https://ropensci.org/blog/2023/06/22/ropensci-news-digest-june-2023/
clpflb60p000rq301tv5s57a0,OTHER,2023-05-19T00:00:00.000Z,"rOpenSci News Digest, May 2023","Dear rOpenSci friends, it’s time for our monthly news roundup!
You can read this post on our blog. Now let’s dive into the activity at and around rOpenSci!

Statistical software review updates
rOpenSci at Csv,Conf,v7
Export package data from the R-Universe thanks to webr
HTTP testing in R book
Coworking
Software: New packages and New versions
Software Peer Review
On the blog
Use cases
Call for maintainers
Package development corner",https://ropensci.org/blog/2023/05/19/ropensci-news-digest-may-2023/
clpflderu0019r201x6fz0vc8,OTHER,2023-04-21T00:00:00.000Z,"rOpenSci News Digest, April 2023","Dear rOpenSci friends, it’s time for our monthly news roundup!
You can read this post on our blog. Now let’s dive into the activity at and around rOpenSci!

Meeting the stars of the R-universe: Athanasia Monika Mowinckel
Multilingual posts
18,000 packages tracked on R-Universe!
Help us put together the rOpenSci Community Call calendar for the year!

Coworking
Software: New packages and New versions
Software Peer Review
On the blog
Use cases
Call for maintainers
Package development corner",https://ropensci.org/blog/2023/04/21/ropensci-news-digest-april-2023/
clpflzsf7001cru01m1em31l7,OTHER,2023-03-17T00:00:00.000Z,"rOpenSci News Digest, March 2023","Dear rOpenSci friends, it’s time for our monthly news roundup!
You can read this post on our blog. Now let’s dive into the activity at and around rOpenSci!

Meeting the stars of the R-universe: Sébastien Rochette
Discovering and learning everything there is to know about R packages using R-universe
Coworking
Software: New packages and New versions
Software Peer Review
On the blog
Use cases
Call for maintainers
Package development corner",https://ropensci.org/blog/2023/03/17/ropensci-news-digest-march-2023/
clpfm53y7000ppm01pvr2e46j,OTHER,2023-02-17T00:00:00.000Z,"rOpenSci News Digest, February 2023","Dear rOpenSci friends, it’s time for our monthly news roundup!
You can read this post on our blog. Now let’s dive into the activity at and around rOpenSci!

R-universe improvements!
Community Call {targets} in Action
The Champions Program is off to a great start in 2023!
Coworking
Software: New packages and New versions
Software Peer Review
On the blog
Use cases
Call for maintainers
Package development corner",https://ropensci.org/blog/2023/02/17/ropensci-news-digest-february-2023/
clpfmd6kg001dru01pp4q3hgm,OTHER,2023-01-20T00:00:00.000Z,"rOpenSci News Digest, January 2023","Dear rOpenSci friends, it’s time for our monthly news roundup!
You can read this post on our blog. Now let’s dive into the activity at and around rOpenSci!

{targets} in Action Community Call
Code of Conduct annual review and transparency report

Coworking
Software: New packages and New versions
Software Peer Review
On the blog
Use cases
Call for maintainers
Package development corner
",https://ropensci.org/blog/2023/01/20/ropensci-news-digest-january-2023/
clpfmkxk00015ql01uflilps3,ARTICLE_PUBLICATION,2023-10-18T00:00:00.000Z,Mastodon Quick Start Guide,"This guide was developed by rOpenSci and The Carpentries to help break down barriers for our community members interested in adopting Mastodon as a social media platform. It offers tips to help get started and is not meant to be a comprehensive overview of the platform. Therefore, it includes other trusted resources where you can learn more. We welcome feedback on this guide by emailing info@ropensci.org or community@carpentries.org.  
by Bellini Saibene, Yanina Noemí. Crall, Alycia. Masinyana, Oscar",https://zenodo.org/records/10019853
clpfmro72000sq3015k7devom,EVENT_ORGANIZATION,2023-11-21T00:00:00.000Z,Community Call Multilingual Publishing,"By Yanina Bellini Saibene. With Pao Corrales, Elio Campitelli, Maëlle Salmon.
As global movements, Open Source and Open Science face language-based exclusion as most resources are in English. This affects scientists and research software engineers working in R, particularly those who don’t have English as their first language.
rOpenSci multilingual efforts aim to lower access barriers, democratize quality resources, and increase the possibilities of contributing to open software and science. We successfully piloted our Spanish-language peer review and the localization to Spanish of our comprehensive guide to software development, with Portuguese translation underway.
Maëlle, Paola, and Elio will share the rOpenSci Multilingual project details on this call. Maëlle will present the R packages that allow us to have our content in several languages. Then Elio and Paola will share the translation workflow and show the Translation Guide written to document the process.
",https://ropensci.org/commcalls/nov2023-multilingual/
clpfmsvv4000tq301zkl1cug2,EVENT_ORGANIZATION,2023-11-23T00:00:00.000Z,Community Call - Proyecto Multilingüe,"By Yanina Bellini Saibene. With Maëlle Salmon, Pao Corrales, Elio Campitelli.
Como movimientos globales, el código abierto y la ciencia abierta se enfrentan a la exclusión lingüística, ya que la mayoría de los recursos están en inglés. Esto afecta a las personas que hacen ciencia y desarrollan software de investigación que trabajan en R, sobre todo a quienes no tienen el inglés como lengua materna.
Los esfuerzos multilingües de rOpenSci pretenden reducir las barreras de acceso, democratizar los recursos de calidad y aumentar las posibilidades de contribuir al software y la ciencia abiertos. Hemos pilotado con éxito nuestra revisión por pares en español y la localización al español de nuestra guía completa para el desarrollo de software, con la traducción al portugués en curso.
Maëlle, Paola y Elio compartirán los detalles del proyecto de publicaciones multilingüe de rOpenSci en esta llamada. Maëlle presentará los paquetes de R que nos permiten tener nuestro contenido en varios idiomas. A continuación, Elio y Paola compartirán el flujo de trabajo de traducción y mostrarán la Guía de Traducción escrita para documentar el proceso.",https://ropensci.org/commcalls/nov2023-multilenguaje/
clpfmxf0o0010pt01wyxumr4a,ARTICLE_PUBLICATION,2023-11-21T00:00:00.000Z,rOpenSci Localization and Translation Guidelines Why and how we localize and translate our resources,"This book explains all the steps and tools involved in the localization of our materials, including translations. We design, build, and test a process for maintain the different languages version of our materials that take ideas from our software peer review system and the maintenance of open-source projects.

We know that code peer review ensure the quality of our software; with the same goal of ensuring the quality of our content in different languages, we implement a system to review and maintain the localization of our guides, books, blog post, and other content.

We also know that by using roles (such as reviewers and maintainers) and tools (such as GitHub and Pull Request) known to our community, we make this process easier to undestand, apply and, therefore, easier to contribute to.",https://translationguide.ropensci.org/
clpfmym8o0011pt01trxhxb9a,ARTICLE_PUBLICATION,2023-11-23T00:00:00.000Z,Guía de localización y traducción de rOpenSci. Como y porque localizamos nuestros materiales. ,"Este libro explica todos los pasos y herramientas que intervienen en la localización de nuestros materiales, incluidas las traducciones. Diseñamos, construimos y probamos un proceso, para mantener la versión en diferentes idiomas de nuestros materiales, que toma ideas de nuestro sistema de revisión por pares de software y del mantenimiento de proyectos de código abierto.

Sabemos que la revisión por pares de código garantiza la calidad de nuestro software; con el mismo objetivo de garantizar la calidad de nuestros contenidos en distintos idiomas, implantamos un sistema para revisar y mantener la localización de nuestras guías, libros, articulos de blog y otros contenidos.

También sabemos que utilizando roles (como personas que revisan o mantienen) y herramientas (como GitHub y Pull Request) conocidos por nuestra comunidad, hacemos que este proceso sea más fácil de comprender, aplicar y, por tanto, más fácil para contribuir.
",https://translationguide.ropensci.org/es/index.es.html
clpfn0sad0012pt01y9e7zsn9,ARTICLE_PUBLICATION,2023-11-23T00:00:00.000Z,"Paquetes de rOpenSci: Desarrollo, mantenimiento y revisión por pares","Translation to Spanish of the Book rOpenSci Packages: Development, Maintenance, and Peer Review.  I have the role of editor and lead of the translation.",https://devdevguide.netlify.app/es/preface.es.html
clpl57a6n000epp01eglypfiy,BLOGPOST,2023-11-21T00:00:00.000Z,Empowering Open Science: Donate to Support our Mission,"rOpenSci is a nonprofit organization that is funded entirely by grants and donations. These contributions enable us to keep our projects and infrastructure active and accessible to the community. You can donate here: https://ropensci.org/donate/
Thank you for helping us to keep rOpenSci active! ",https://ropensci.org/blog/2023/11/21/donation-2023/
clpl58tk0000fpp01nlayxd8m,BLOGPOST,2023-11-29T00:00:00.000Z,Introducing rOpenSci Mentors - Cohort 2023-2024,"One important aspect of rOpenSci’s mission is to build capacity and promote passionate community members who help the open science and open source software community grow and improve.
The rOpenSci Champions Program is a unique opportunity for us to identify, recognize, and reward such individuals and support them in their work to improve their communities and the wider ecosystem. Mentors play a vital role in the rOpenSci Champions Program by helping select Champions and advising and inspiring their mentees. They also help to shape this program by providing feedback and proposing activities and tools.
This year, the rOpenSci Team reviewed 28 applications from community member in various disciplines and from different countries to select ten mentors.
We are pleased to introduce you to our mentors for the cohort 2023-2024!",https://ropensci.org/blog/2023/11/29/champions-program-mentors-2023/
clpl74ikq0007pt01z2og4kqs,OPEN_SOURCE_PROJECT,2023-09-28T00:00:00.000Z,rstudio/learnr: learnr 0.11.5,"Authors: J.J. Allaire, Garrick Aden-Buie, Barret Schloerke, Robby Shaver, Kevin Ushey, Jeff Allen, Alex Rossell Hayes, Barbara Borges Ribeiro, Angela Li, Andrie de Vries, Nischal Shrestha, Carson Sievert, Winston Chang, Yihui Xie, Greg Wilson, Irene Steves, Adam Blake, Beatriz Milz, Joe Cheng, Yanina Bellini Saibene, Garrett Grolemund, Choonghyun Ryu, Christophe Dervieux, Colin Fay, Dave Mills, David Failing, David Kane, Devin Pastoor, Gary, Hao Zhu. 

R package to create interactive tutorials using R.",https://zenodo.org/records/8386725
clpmje5iy0054pw01awee1ds7,VIDEO_PODCAST,2023-12-01T00:00:00.000Z,"Dinosaurs, Pirates, Spaceships - Embedded Podcast","Yanina Bellini Saibene( @yabellini ) joined Elecia( @logicalelegance )  and Chris @stoneymonster ) to discuss teaching, localization, barriers to learning coding, and global communities. 

Listen to episode 465: Dinosaurs, Pirates, Spaceships here( https://embedded.fm/episodes/465 ).
",https://embedded.fm/episodes/465
clpn1ot20000eo3018p0iv537,BLOGPOST,2023-10-05T00:00:00.000Z,Proyectos de GitHub para ordenar el trabajo,"Explain what GitHub projects are and how to use them, not only for doing software development but also for scheduling blog posts, social media posts, or managing translations.",https://yabellini.netlify.app/blog/2023-10-05-github-proyectos/
clpn6nwg90056of01u34mu9hk,SPEAKING,2023-11-24T00:00:00.000Z,rOpenSci: Ciencia abierta con R,"Talk for the R Day - Segundo encuentro nacional de usuarios de R in Colombia. Conference website: https://rday-colombia.github.io/2023/

Slides: https://docs.google.com/presentation/d/1onDQu90RsHXy3CzFxJk0O42tlHKoLe8EVmE7ohigCnw/edit?usp=sharing


",https://youtu.be/iFf6v4SZvR0
clpn6zdwo000ho30160mb58mv,BLOGPOST,2023-10-09T00:00:00.000Z,R-LADIES GLOBAL AND R-LADIES CHICAGO RECEPTION AT POSIT CONF,"On Wednesday, September 20, 2023 R-Ladies Global and R-Ladies Chicago jointly hosted a reception at Posit Conf in Chicago, Illinois. Here, we summarize the question and answer portion of the meet-up.",https://rladies.org/news/2023-10-09-positconf-chicago-meetup/
clpn71hzo000fob01zm16b6o0,BLOGPOST,2023-04-11T00:00:00.000Z,GLOBAL TEAM RECRUITING,The R-Ladies Global Team is recruiting new members! Please fill this form to submit yourself for consideration.,https://rladies.org/news/2023-04-11-global-team-recruiting/
clpn74ma1000xrf01qrwlbksi,OTHER,2023-12-31T00:00:00.000Z,R-Ladies Project Lead ,"I've been the R-Ladies Project Lead since 2022.  I continue in this role. This role is given by the R Consortium to the person who represents R-Ladies in their Infrastructure Steering Committee. 

R-LADIES IS A WORLDWIDE ORGANIZATION WHOSE MISSION IS TO PROMOTE GENDER DIVERSITY IN THE R COMMUNITY.

The R community suffers from an under-representation of minority genders (including but not limited to cis/trans women, trans men, non-binary, genderqueer, agender) in every role and area of participation, whether as leaders, package developers, conference speakers, conference participants, educators, or users (see recent stats).

As a diversity initiative, the mission of R-Ladies is to achieve proportionate representation by encouraging, inspiring, and empowering people of genders currently under-represented in the R community. R-Ladies’ primary focus, therefore, is on supporting minority gender R enthusiasts to achieve their programming potential, by building a collaborative global network of R leaders, mentors, learners, and developers to facilitate individual and collective progress worldwide.",https://rladies.org/
clpn79aiw002fpt01hwlwr21z,OTHER,2023-12-01T00:00:00.000Z,Member The Carpentries Executive Council and Board of Directors,"I'm part of the Board of Directors of The Carpentries Incorporated and a member of the Executive Council of The Carpentries project fiscal sponsored by Communities Initiatives. I have had this position since 2022.
The community elected me to serve in the EC and was invited by the organization to serve in the BoD.  I have had this position since 2023.

The Carpentries teach foundational coding and data science skills to researchers worldwide.",https://carpentries.org/
clpn7cyi20011n901qirm3za4,OTHER,2023-12-01T00:00:00.000Z," Member R Consortium Infrastructure Steering Committee,","I'm part of the RConsortium Infrastructure Steering Committee (ISC). This committee is responsible for the identification, selection and oversight of infrastructure projects, as well as directing best practices and community leadership within the R community. Voting representatives are appointed by the Platinum and Silver members of the R Consortium, as well as an elected member from the Silver membership class, and the project leads for all top-level projects as directed in the ISC Charter.

I have served on this committee during 2022 and 2023.  I'm still holding this position. ",https://www.r-consortium.org/about/governance
clpngt5f40010nw01c66qdsj6,OTHER,2023-12-01T00:00:00.000Z,Research Software Camp Steering Committee,The Software Sustainability Institute run free online Research Software Camps once a year over the course of two weeks. Each Camp focusses on introducing basic research software skills and good practices. I'm part since 2022. ,https://www.software.ac.uk/training/research-software-camps
clpnh0o1y000soo01ok5xlx3o,SPEAKING,2023-06-14T00:00:00.000Z,he Carpentries Community Discussion Session: Carpentries Conversation with the Executive Council,"As part of the Executive Council of The Carpentries, I spoke in this community discussion session, explaining the roles and activities of the Council and answering questions from the attendees.","https://pad.carpentries.org/community-discussions,%20https://carpentries.zoom.us/my/carpentriesroom2"
clpnhbci40057pw01xtkkodhx,BLOGPOST,2023-08-30T00:00:00.000Z,Multilingual Data Science: Part 1,Ten Tips to help remove the language barrier in Data Science. ,https://www.software.ac.uk/blog/multilingual-data-science-part-1
clpnhdlzp0008s401mc3yed92,BLOGPOST,2023-08-31T00:00:00.000Z,Multilingual Data Science: Part 2,The second part of 10 tips to remove the language barrier in Data Science.,https://www.software.ac.uk/blog/multilingual-data-science-part-2
clpnhh8lk000zrf01dwo01vej,OPEN_SOURCE_PROJECT,2023-10-17T00:00:00.000Z,Collaborative Lesson Development Training,Contribute to the development of the training on how to develop technical open lessons in a collaborative way.,https://www.software.ac.uk/blog/collaborative-lesson-development-training
clpnhjtz60010rf01h7m6l4c1,EVENT_ORGANIZATION,2023-06-28T00:00:00.000Z,Desde las hojas de cálculo a R,"Este taller está dirigido a personas que utilizan hojas de cálculo para la manipulación de datos y que nunca han programado, pero que les gustaría aprender a trabajar con R. 

Link to the full software camp: https://www.software.ac.uk/news/register-research-software-camp-fair-software-workshops-and-talks

Workshop that I teach with Paola Corrales.",https://www.eventbrite.co.uk/e/desde-las-hojas-de-calculo-a-r-tickets-628425626967?aff=oddtdtcreator
clpnhr4py0057of017bwn70le,OTHER,2023-12-01T00:00:00.000Z,Notebooks Now! Steering Committee,Elevating Computational Notebooks as Primary Elements of the Scientific Record. I'm part of the steering committee since 2022. ,https://data.agu.org/notebooks-now/
clpnhsqfa0009s401o8bmo9zm,OPEN_SOURCE_PROJECT,2023-12-01T00:00:00.000Z,Topic Editor at Journal of Open Source Education ,The Journal of Open Source Education is an educator-friendly journal for publishing open-source educational materials and software. I have been an editor since 2022.,https://jose.theoj.org/
clwf8h7nz001ons01ve7oy0cu,BLOGPOST,2024-01-12T00:00:00.000Z,rOpenSci 2023 Code of Conduct Transparency Report,"The rOpenSci community is supported by our Code of Conduct with a clear description of unacceptable behaviors, instructions on how to make a report, and information on how reports are handled. We, the Code of Conduct Committee, are responsible for receiving, investigating, deciding, enforcing and reporting on all reports of potential violations of our Code. We are committed to transparency with our community while upholding the privacy of people who experience or report incidents.",https://ropensci.org/blog/2024/01/12/transparency2023/
clwf8itlq001pns01hfdacxov,SPEAKING,2024-02-10T00:00:00.000Z,Fostering Diversity and Sustainability in the Open Source Scientific Software Community. The rOpenSci Champions Program,"Research software plays a crucial role in advancing knowledge and innovation, and its development should be inclusive and representative of the diverse communities it serves. Unfortunately, the R and research software communities face a lack of diversity, with developers predominantly being white, male, and from a limited number of countries. This lack of inclusivity raises concerns about the long-term sustainability and utility of projects. In response to this challenge, the rOpenSci Champions Program specifically targets individuals from underrepresented groups who are keen on contributing to rOpenSci and the broader open science ecosystem. In this talk, we will share the motivations behind the creation of the rOpenSci Champions Program, exploring its goals, structure, and the opportunities it provides for participants. We will share insights gained from the implementation of the program’s pilot phase, highlighting key outcomes, success stories, and lessons learned. Attendees will gain a deeper understanding of the strategies employed to foster a more inclusive and diverse developer community in the R ecosystem. By showcasing the rOpenSci Champions Program, this talk aims to inspire similar initiatives across the open source landscape and contribute to the ongoing dialogue on enhancing diversity, sustainability, and collaboration in research software development. Talk license:CC-BY.",https://ropensci.org/events/opdevroom-2024/
clwf8o128001inj015y5i5x2o,BLOGPOST,2023-10-18T00:00:00.000Z,Mastodon Quick Start Guide,This guide was developed by rOpenSci and The Carpentries to help break down barriers for our community members interested in adopting Mastodon as a social media platform. It offers tips to help get started and is not meant to be a comprehensive overview of the platform,https://yabellini.netlify.app/blog/2023-10-18-mastodonqg/
clwf8r71h001qns01uugaov8p,BLOGPOST,2023-12-11T00:00:00.000Z,Mi primera Posit Conf en persona,"Mi primera Posit::Conf en persona fue un hito emocionante, después de participar virtualmente en RStudio::global en 2021. Agradezco a Shannon Pileggi y Mine Çetinkaya-Rundel por permitirme participar como ayudante en el taller Causal Inference with R durante la conferencia en Chicago. La experiencia estuvo llena de momentos destacados, desde charlas sobre la sostenibilidad de comunidades hasta reflexiones sobre el desarrollo de paquetes R y la integración de inteligencia artificial en RStudio. Descubrí nuevas tecnologías como ShinyLive y WebR, que presentan enfoques innovadores para ejecutar aplicaciones Shiny interactivas sin servidor. La comunidad de R-Ladies como siempre dejó una marca especial, con encuentros diarios llenos de intercambio y aprendizaje. El evento culminó con un evento conjunto de R-Ladies Global y R-Ladies Chicago. La experiencia de conocer en persona al nuevo equipo de liderazgo de R-Ladies y expresar mi agradecimiento fue el broche perfecto para un evento lleno de aprendizaje y conexión en mi comunidad favorita.",https://yabellini.netlify.app/blog/2023-12-11-posit-conf/
clwfc9i90001enj01mr9hg4zp,BLOGPOST,2023-12-23T00:00:00.000Z,Reviewing the year gone,"One more year where the bonds, friendships, and family wrap up the best moments. Another year with ups and downs, with learning, with a lot of work and achievements, and with my communities that seek to make this world a better place for everyone at the center of my activities. Thanks to all the people who shared with me this year’s journey. Here is a monthly summary of my 2023.",https://yabellini.netlify.app/blog/2023-12-23-year-review/
clwfce1ky0022n001hmemyyh7,BLOGPOST,2024-01-24T00:00:00.000Z,Usando Apache Arrow para analizar el padron electoral argentino del 2011.,Este ejercicio es parte de una de las lecciones de mi curso sobre grandes datos y datos no estructurados.,https://yabellini.netlify.app/blog/2024-01-02-arrow-es/
cm0y9hy600002oo01mcayj8j0,BLOGPOST,2024-05-12T00:00:00.000Z,"Day 7. We Learn Better Together, Community of Practice and Education.","Today, I share 4 communities of practice that help me boost my carrer in teaching, data and coding skills.",https://yabellini.netlify.app/blog/2024-05-12-30ship30-day7/
cm0y3ifj6001lp401siw4f5rn,VIDEO_PODCAST,2024-03-12T00:00:00.000Z,Crossing the Language Barrier,"I joined Peter Schmidt podcast Code for Thought to discuss teaching, localization, barriers to be part of the OSS being a non-native English speaker",https://codeforthought.buzzsprout.com/1326658/14660478-en-crossing-the-language-barrier-yanina-saibene
cm0y3l0720000sx01jsecrtzt,SPEAKING,2024-03-16T00:00:00.000Z,Hermosas presentaciones con Quarto,R-Ladies Santa Rosa Chapter. I give an introduction about generating beautiful slides using Quarto.,https://yabellini.netlify.app/talk/2024_quarto_rladiessr/
cm0y3mb3q0001sx01qyzp3jqp,SPEAKING,2024-04-03T00:00:00.000Z,How to contribute to open projects and communities,"Yanina led a discussion on community and open source projects, focusing on participation, contribution, and the concept of the ‘pathway to inclusion’ and CSCCE Community particiption model. She presented various models of community participation and outlined strategies for promoting and sharing open-source software packages. The team also discussed the importance of clear communication, a code of conduct, contribution guideles and the use of issue templates and issues labels on Github to streamline the management of issues related to a package.",https://yabellini.netlify.app/talk/2024_oss_ropensci/
cm0y3nkgs0002sx016e9sidge,VIDEO_PODCAST,2024-04-12T00:00:00.000Z,Yani Bellini Saibene on better scientific coding communities,"Yani Bellini Saibene explores funding challenges, sustainability in volunteer models, diversity in open source, addressing global disparities, and community empowerment. Susatin Podcast #228.",https://podcast.sustainoss.org/228
cm0y3oo0u0003sx01dxdcqxb8,SPEAKING,2024-06-04T00:00:00.000Z,Amplificando voces: minorías en la frontera de la IA en la comunidad R,Yanina is part of the Scientific Committee of the VIII Seminário Internacional de Estatística com R (SER) and will be presenting how we use AI in rOpenSci multilingual project.,https://yabellini.netlify.app/talk/2024_ser_brasil/
cm0y3ptb3001mp40161qr14sj,SPEAKING,2024-06-14T00:00:00.000Z,Reproducible Open Science by and for All,"Over the last decade, rOpenSci has been a unique and impactful force in bringing rigor, integrity, reproducibility, openness, and diversity to scientific computing. We lead a set of interrelated activities around capacity building, community development, and research software development practices to transform science through open data, software & reproducibility. We will share examples of the metrics and tools we use in our main projects (Software Stats Peer Review, R-Universe, Champions Program, Multilingual Publishing, and Users and Maintainers Community) to register and understand their impact on four levels (individual, host institution/local community, rOpenSci, and the Open Science Community in general).",https://yabellini.netlify.app/talk/2024_czi_boston/
cm0y4sfbs001jrn01kpy27ht2,BLOGPOST,2024-01-03T00:00:00.000Z,Zenodo,"Que es Zenodo, que tipo de materiales he publicado y el top ten de mis materiales mas vistos o descargados de esa plataforma.",https://yabellini.netlify.app/blog/2024-01-03-zenodo/
cm0y4t9rh0023sr01sfvpkbbx,BLOGPOST,2024-01-04T00:00:00.000Z,Máquina nocional,"Este articulo presenta el nuevo contenido sobre máquinas nocionales para el capitulo Modelos mentales y evaluación formativa de Teaching Tech Together. Una máquina nocional es un dispositivo pedagógico para ayudar a la comprensión de algún aspecto de los programas o la programación. Se utilizan para representar un entorno de aprendizaje simplificado y abstracto. No se refiere a una máquina real física, sino a una representación simplificada de un modelo conceptual que se utiliza con fines educativos.",https://yabellini.netlify.app/blog/2023-01-04-maquina-nocional/
cm0y4u2uj0002rc01149nrf12,BLOGPOST,2024-01-05T00:00:00.000Z,Cooperative,My last few years being part of international non-profit organizations and communities of practice have made me reflect on the types of governance and business models that are mostly used and our different successful models in these latitudes. This article is about the cooperative model. A way of doing things that has been present in my life since I was a child.,https://yabellini.netlify.app/blog/2024-01-05-cooperative/
cm0y4v6p30003rc016ppadgp7,BLOGPOST,2024-01-06T00:00:00.000Z,Bring Your Own Data week for TidyTuesday,"It’s Bring Your Own Data week for #TidyTuesday, and I decided to analyze my records of events for the last 29 years.",https://yabellini.netlify.app/blog/2024-01-06-tidytuesday/
cm0y4vz6z0004rc01qp89zhe0,BLOGPOST,2024-01-07T00:00:00.000Z,Citizen science and governance models,"Continuing with the reflections on the governance models of organizations, communities of practice and research organizations, today I want to share with you the governance model of the National Institute of Agricultural Technology (INTA) where I worked as a researcher for 24 and a half years and how this related with Citizen Science.",https://yabellini.netlify.app/blog/2024-01-07-inta/
cm0y4x5k9001isx01t8legjxq,BLOGPOST,2024-01-08T00:00:00.000Z,SisINTAR. Un paquete para gestionar datos de perfiles de suelos de Argentina,"El Instituto Nacional de Tecnología Agropecuaria (INTA) de Argentina desarrolla y mantiene SISINTA (Sistema de Información de Suelos del INTA), un sistema de información y de bases de datos para gestionar información de suelos. Almacena específicamente datos de perfiles de suelo con sus datos de campo y laboratorio, así como la ubicación en diferentes sistemas de coordenadas. También permite búsquedas por atributos y ubicación, así como la descarga de los datos. El paquete SISINTAR fue desarrollado para permitir el acceso, lectura y manipulación de datos de perfiles de suelo de SISINTA de forma programática, utilizando estándares en el procesamiento, visualización y representación de información de suelos y desde el entorno R, uno de los más utilizados en la institución.",https://yabellini.netlify.app/blog/2024-01-08-sisintar/
cm0y7gzjd0024sr01v9u0elw6,BLOGPOST,2024-02-05T00:00:00.000Z,Learning to code in 30 lessons. First lesson.,My 15 year old nephew wants to learn to program and I’m going to teach him. This is the first blog post of our journey together detailing how to set up the environment we will be using for the rest of the classes.,https://yabellini.netlify.app/blog/2024_learningtocode/01-learningtocode/
cm0y7htvd0025sr016krww2a3,BLOGPOST,2024-02-05T00:00:00.000Z,Primer encuentro. Aprendiendo a Programar en 30 lecciones,Mi sobrino de 14 años quiere aprender a programar y yo voy a enseñarle. Esta es la primera entrada del blog de nuestro viaje juntos que detalla como instalar el entorno que vamos a usar por el resto de las clases.,https://yabellini.netlify.app/blog/2024_aprendiendoaprogramar/01-aprendiendo-a-programar/
cm0y7j7ha001krn01jr64wun8,BLOGPOST,2024-03-01T00:00:00.000Z,GitHub Stars 2024 Award,GitHub Star for another year. Thank you so much to my communities and to GitHub. ,https://yabellini.netlify.app/blog/2024-03-01-github-start/
cm0y7kd6w0026sr019akrbkw3,BLOGPOST,2024-03-02T00:00:00.000Z,Segundo encuentro. Aprendiendo a Programar en 30 lecciones,Mi sobrino de 14 años quiere aprender a programar y yo voy a enseñarle. La segunda clase empezamos a encontranos con cenceptos sobre programacion y como eso funciona en R.,https://yabellini.netlify.app/blog/2024_aprendiendoaprogramar/02-aprendiendo-a-programar/
cm0y7lbug0005rc01ylup8dyx,BLOGPOST,2024-03-09T00:00:00.000Z,Tercer Encuentro. Aprendiendo a Programar en 30 lecciones,"Mi sobrino de 14 años quiere aprender a programar y yo voy a enseñarle. En esta clase aprendimos que son los proyectos y como nos pueden ayudar a ordenar nuestro trabajo, tambien vemos que es Rmarkdown y como leer y mirar los datos que descargamos para trabajar en el resto de las clases.",https://yabellini.netlify.app/blog/2024_aprendiendoaprogramar/03-aprendiendo-a-programar/
cm0y7m54t0006rc01hdohwd32,BLOGPOST,2024-03-23T00:00:00.000Z,Cuarto Encuentro. Aprendiendo a Programar en 30 lecciones,"Mi sobrino de 14 años quiere aprender a programar y yo voy a enseñarle. En esta clase aprendimos como cambiar el tipo de dato cuando leemos los archivos, que son los verbos de dplyr y el pipe. Los usamos para filtrar columnas filas ya agrupar casos.",https://yabellini.netlify.app/blog/2024_aprendiendoaprogramar/04-aprendiendo-a-programar/
cm0y7nlsa0007rc01tniivc38,BLOGPOST,2024-03-24T00:00:00.000Z,Quinto Encuentro. Aprendiendo a Programar en 30 lecciones,"Mi sobrino de 14 años quiere aprender a programar y yo voy a enseñarle. En esta clase resolvimos preguntas que Juan Cruz trajo sobre los datos, aprendimos algunos verbos nuevos de dplyr y hicimos nuestros primeros graficos",https://yabellini.netlify.app/blog/2024_aprendiendoaprogramar/05-aprendiendo-a-programar/
cm0y7oir4001jsx01pyycdxnm,BLOGPOST,2024-03-28T00:00:00.000Z,Romper las barreras lingüísticas en la ciencia de datos con glosario.,Explicacion paso a paso sobre como traducir y contribuir a glosario en el evento Glosario Codefest utilizando GitHub. ,https://yabellini.netlify.app/blog/2024-03-28-codefest_glosario/
cm0y7psl6001lrn013dc795ki,BLOGPOST,2024-03-29T00:00:00.000Z,Evaluación de herramientas digitales e información remota en rotaciones de cultivos extensivos en la región semiárida,"Esta fue una propuesta de vinculacion universidad/centro de investigacion industria a la cual aplicamos INTA Anguil y TECRO. El proyecto fue gano el subsidio, pero finalmente no lo recibimos en gran parte por la pandemia. Me parece que compartir el texto de una propuesta exitosa puede ser de utilidad a otros equipos academia-industria que quieran trabajar juntos.",https://yabellini.netlify.app/blog/2024-03-29-financiamiento/
cm0y7xc5e0000oo01wwjluak3,EVENT_ORGANIZATION,2024-09-10T00:00:00.000Z,Screen Reader Accessible Tools and Resources for Learning and Working with R,"The webinar is organized by rOpenSci’s Champions, Alican Cagri Gokcek, in collaboration with Engine Yilmaz from Boğaziçi University (Turkey) and Yani Bellini Saibene (rOpenSci).

Our Community Manager, Yani Bellini Saibene, will moderate a panel featuring Liz Hare and Alican Cagri Gokcek, both participants in our Champions Program, as speakers. Cagri and Liz will share their experiences with screen reader-accessible tools and resources for learning and working with R from the perspectives of a beginner and an experienced R user. They will also discuss their experiences in the rOpenSci Champions Program.",https://ropensci.org/events/rsr-learn-and-use/
cm0y7zz0v0010rz01yfrv0gvh,BLOGPOST,2024-04-18T00:00:00.000Z,Sexto Encuentro. Aprendiendo a Programar en 30 lecciones,Mi sobrino de 14 años quiere aprender a programar y yo voy a enseñarle. En esta clase Juan Cruz tuvo el desafio de generar el conjunto de datos necesario para hacer el grafico que le pedi. La idea fue integrar en un ejercicio mas complejo diferentes conceptos que vimos en las clases 1 a 5.,https://yabellini.netlify.app/blog/2024_aprendiendoaprogramar/06-aprendiendo-a-programar/
cm0y955jg0002o601aad2ec1d,BLOGPOST,2024-04-29T00:00:00.000Z,Septimo Encuentro. Aprendiendo a Programar en 30 lecciones,Mi sobrino de 14 años quiere aprender a programar y yo voy a enseñarle. En esta clase mas teorica que de costumbre vemos algunos conceptos relacionados con visualizacion de datos.,https://yabellini.netlify.app/blog/2024_aprendiendoaprogramar/07-aprendiendo-a-programar/
cm0y96da50003o601gels9qea,BLOGPOST,2024-05-01T00:00:00.000Z,Octavo Encuentro. Aprendiendo a Programar en 30 lecciones,Mi sobrino de 14 años quiere aprender a programar y yo voy a enseñarle. En esta clase volvemos a trabajar con los conjuntos de datos y las preguntas que nos hicimos. Vamos a convertir algunos tipos de datos y trabajar con characteres para contestar dos preguntas y hacer un grafico.,https://yabellini.netlify.app/blog/2024_aprendiendoaprogramar/08-aprendiendo-a-programar/
cm0y97nnu0004o6013rkiv446,BLOGPOST,2024-09-06T00:00:00.000Z,Day 1. 3 reasons why you need to learn to teach effectively,I will write about teaching and learning techniques applied to programming and data science during the next 30 days,https://yabellini.netlify.app/blog/2024-05-06-30ship30-day1/index/
cm0y9co6v0011rz018dy56h5j,BLOGPOST,2024-05-07T00:00:00.000Z,Day 2. The 3 types of learners you need to know before starting teaching,"Novice, Competent and Expert, and why is important to know to who are you teaching before you start to build a lesson",https://yabellini.netlify.app/blog/2024-05-07-30ship30-day2/
cm0y9e0mc0012rz019jzxibw2,BLOGPOST,2024-05-08T00:00:00.000Z,Day 3. The Best Tools For Sparking ‘Aha’ Moments In Your Students,"Use analogies, concept maps and notional machines to build your learners mental models.",https://yabellini.netlify.app/blog/2024-05-08-30ship30-day3/
cm0y9ex8o001opy01gsnj207p,BLOGPOST,2024-05-09T00:00:00.000Z,Day 4. Are Your Students Learning? How to check for learning as we’re teaching.,"Here are 5 exercises you can use as formative assessments when teaching coding skills, that will allow you to support your student at the moment when the learning is happening.",https://yabellini.netlify.app/blog/2024-05-08-30ship30-day4/
cm0y9fxnd0001oo017abp396p,BLOGPOST,2024-05-10T00:00:00.000Z,Day 5. From Learning to Choosing to Coding - How Our Memory Plays a Central Role,"Today, I will explain a few simple facts about memory and share how to avoid overloading the learner by managing their cognitive load when teaching to code.",https://yabellini.netlify.app/blog/2024-05-10-30ship30-day5/
cm0y9ivvc0002q701ejifxe2t,BLOGPOST,2024-05-13T00:00:00.000Z,Day 8. The Participatory Live Coding Framework: A Structured Approach for Programming Educators,What is Live coding and what pedagogical practices support this technique? How can we apply them in our classroom?,https://yabellini.netlify.app/blog/2024-05-13-30ship30-day8/
cm0y9kxuc0013rz01v18bb3kx,BLOGPOST,2024-05-13T00:00:00.000Z,Day 9. Distilling how to use Participatory Live Coding in-person and online - Tip 1,First tip from a series of 10 tips for educator to implement participatory live coding in their classroom. How to use it in-person and online,https://yabellini.netlify.app/blog/2024-05-14-30ship30-day9/
cm0y9m01u0003q701ubw7ynjg,BLOGPOST,2024-05-15T00:00:00.000Z,Noveno Encuentro. Aprendiendo a Programar en 30 lecciones,Mi sobrino de 14 años quiere aprender a programar y yo voy a enseñarle. En esta clase resolvemos otra de las preguntas que nos hicimos sobre los datos y aprendemos la diferencia entre geom_col y geom_bar para hacer graficos de barra. Tambien aprendemos como hacer graficos de area y repasamos graficos de lineas y de puntos.,https://yabellini.netlify.app/blog/2024_aprendiendoaprogramar/09-aprendiendo-a-programar/
cm0y9p5840004sx011i6wf4uz,BLOGPOST,2024-05-15T00:00:00.000Z,Day 10. Distilling how to use Participatory Live Coding in-person and online - Tip 2,"Second tip to use Participatory Live Coding when teaching programing: Go slowly, and don’t teach alone. Ideas for in person and online classes.",https://yabellini.netlify.app/blog/2024-05-15-30ship30-day10/
cm0y9pyze0005sx01hz0n7ek1,BLOGPOST,2024-05-16T00:00:00.000Z,Day 11. Distilling how to use Participatory Live Coding in-person and online - Tip 3 y 4,Mirror your learner’s environment and Avoid distraction. Two tips for a useful and friendly implementation of Participatory Live Coding for you and your students.,https://yabellini.netlify.app/blog/2024-05-16-30ship30-day11/
cm0y9qt3o0002qr01ljyuguu1,BLOGPOST,2024-05-17T00:00:00.000Z,Day 12. Distilling how to use Participatory Live Coding in-person and online - Tip 5,"It is essential that all learners can see the code and the output of the screen because they have to copy exactly what you have typed. Today, we will look at how to use the screen(s) wisely.",https://yabellini.netlify.app/blog/2024-05-16-30ship30-day12/
cm0y9smvo001np4012ff9z5if,BLOGPOST,2024-05-18T00:00:00.000Z,Day 13: Distilling how to use Participatory Live Coding in-person and online - Tip 6,"Teaching with participatory live coding can make it difficult to know whether people are following along or unable to code due to ongoing issues that haven’t been fixed. One way to check with your learners is to give different ways to indicate their status, so our today’s tip is Get real-time feedback and provide immediate help.",https://yabellini.netlify.app/blog/2024-05-18-30ship30-day13/
cm0y9thsn001op401vvjddzj2,BLOGPOST,2024-05-19T00:00:00.000Z,Day 14: Distilling how to use Participatory Live Coding in-person and online - Tip 7 and 8,"Today, we have two more tips about this teaching technique for programming. We will focus on our lesson plan, when and how we can improvise to avoid losing track, and how to use diagrams.",https://yabellini.netlify.app/blog/2024-05-19-30ship30-day14/
cm0y9vc53001pp401twsyg87q,BLOGPOST,2024-05-20T00:00:00.000Z,Day 15: Distilling how to use Participatory Live Coding in-person and online - Tip 9 and 10,"Today, we talk about one of the biggest fears of teachers using Participatory Live Coding: Making mistakes. Spoiler Alert: not only is it okay to make mistakes, but they are also an excellent opportunity for teaching. We also discuss another way to engage students when teaching with Participatory Live Coding.",https://yabellini.netlify.app/blog/2024-05-20-30ship30-day15/
cm0y9w2ux001qp401tiz7ecs1,BLOGPOST,2024-05-21T00:00:00.000Z,Day 16: Debunking 4 Tenacious Educational Programming Myths for Better Teaching Outcomes,"Why Learning Styles, Learning Pyramid, Geek Gene, and Good at math = Good programmer are misconceptions?",https://yabellini.netlify.app/blog/2024-05-21-30ship30-day16/
cm0y9wxa60006sx015lwn3i5k,BLOGPOST,2024-05-22T00:00:00.000Z,Day 17: 2 Software Tools I Can’t Live Without For Creating Content in English,Two apps I can’t live without when it comes to writing content in English.,https://yabellini.netlify.app/blog/2024-05-22-30ship30-day17/
cm0y9y0o30007sx01f13kc6ni,BLOGPOST,2024-05-23T00:00:00.000Z,Day 18: Understanding Brain Plasticity: Highlights from Neuroscience in the School For The Pragmatic Teacher,My notes about brain plasticity and how that impacts teaching and learning.,https://yabellini.netlify.app/blog/2024-05-23-30ship30-day18/
cm0y9z13i0003qr01fnj7h06d,BLOGPOST,2024-05-24T00:00:00.000Z,Day 19: 6 Simple (But Effective) Learning Strategies I’d Give Anyone To Improve Their Learning,I have been working as an educator for 30 years. These are the 6 simple (but effective) learning strategies I’d share with anyone who wants to learn better.,https://yabellini.netlify.app/blog/2024-05-24-30ship30-day19/
cm0ya0qjm0008sx01lrzgdra2,BLOGPOST,2024-05-25T00:00:00.000Z,Day 20: The First-Time Online Programming Teacher Playbook.,Real cases of what can go wrong during online classes and how you can solve it.,https://yabellini.netlify.app/blog/2024-05-25-30ship30-day20/
cm0ya1kz8001rp4017xk12u0a,BLOGPOST,2024-05-26T00:00:00.000Z,Day 21: One Tool That Improves My Teaching and Students' Engagement.,The best way to improve your class is to solicit feedback. The best way to enhance your students' engagement is to solicit their feedback.,https://yabellini.netlify.app/blog/2024-05-26-30ship30-day21/
cm0ya2san001sp4017t5b5lc3,BLOGPOST,2024-05-27T00:00:00.000Z,Day 22: The Best Way To Continue Improving Your Teaching: Feedback 101,"Your teaching will improve with feedback from your students, colleagues, and yourself. Learn how to get and give helpful feedback.",https://yabellini.netlify.app/blog/2024-05-27-30ship30-day22/
cm0ya3ml20005o601srbk6p3p,BLOGPOST,2024-05-28T00:00:00.000Z,Day 23. 1 Tip I Would Give Anyone Who Wanted To Ensure Students Engagement Online,Shared note-taking and exercise problem-solving. Two ways to engage students online.,https://yabellini.netlify.app/blog/2024-05-28-30ship30-day23/
cm0ya4e3v001tp401lvolayfq,BLOGPOST,2024-05-29T00:00:00.000Z,Day 24. The Single Most Powerful Technique to Foster Students' Motivation in Programming Classes,Use Authentic Tasks as teaching strategies to enter the world of computing.,https://yabellini.netlify.app/blog/2024-05-29-30ship30-day24/
cm0ya5wi40009sx01em1115ig,BLOGPOST,2024-05-30T00:00:00.000Z,Day 25. 4 Quick Tips to Make Your Teaching More Accessible,"Teaching for everyone, make ‘accessible’ your usual perspective.",https://yabellini.netlify.app/blog/2024-05-30-30ship30-day25/
cm0ya6on0000asx01u2z2ysb9,BLOGPOST,2024-05-31T00:00:00.000Z,"Day 26. Education, Computers, and Power.",How I found my passion for computers and teaching.,https://yabellini.netlify.app/blog/2024-05-31-30ship30-day26/
cm0ya7i2k000bsx01y31wj25f,BLOGPOST,2024-06-01T00:00:00.000Z,Day 27. A Question About AI and Education I’ve Been Asking Myself Lately (And Why),"Generative AI was spat out into the world, and as teachers, we have to deal with the consequences.",https://yabellini.netlify.app/blog/2024-06-01-30ship30-day27/
cm0ya87i7000csx017z3y37ux,BLOGPOST,2024-06-02T00:00:00.000Z,Day 28: My 3 Favorite Newsletters For Learning #RStats,"I love to learn about R and data science, and these newsletters are a great way to keep up with the latest news and trends.",https://yabellini.netlify.app/blog/2024-06-02-30ship30-day28/
cm0yacz08000dsx01myl7awmw,BLOGPOST,2024-06-28T00:00:00.000Z,El Codigo de Conducta en rOpenSci,El codigo de conducta y su comite fue el primer proyecto al que me sume cuando empece a ser parte de rOpenSci. Aqui un resumen del trabajo que realice estos ultimos dos años en este tema.,https://yabellini.netlify.app/blog/2024-06-28-ropensci-2years-coc/
cm0yadtva000esx01yddzkz80,BLOGPOST,2024-06-28T00:00:00.000Z,Project 1 - rOpenSci’s Code of Conduct and Code of Conduct Committee,The code of conduct and its committee was the first project I joined when I started being part of rOpenSci. Here is a summary of the work I have done these last two years on this topic.,https://yabellini.netlify.app/blog/2024-06-28-ropensci-2years-coc-en/
cm0yaetta000fsx014ath0ndo,BLOGPOST,2024-06-30T00:00:00.000Z,Project 2 - The Stars of R-Universe,"A project of multilingual interviews with developers from academia, industry and government, who use R-Universe. The details of how we organized them, how we executed the project and what results we obtained.",https://yabellini.netlify.app/blog/2024-06-30-ropensci-2years-r-universe-en/
cm0yafm4b000gsx011sbkgleu,BLOGPOST,2024-06-30T00:00:00.000Z,Proyecto 2 - Las Estrellas del Universo R,"Un proyecto de entrevistas multilingües con desarrolladores del mundo académico, la industria y el gobierno, que utilizan R-Universe. En este articulo comparto detalles de cómo las organizamos, cómo ejecutamos el proyecto y qué resultados obtuvimos.",https://yabellini.netlify.app/blog/2024-06-30-ropensci-2years-r-universe/
cm0ya8zet001up401n0okad63,BLOGPOST,2024-06-03T00:00:00.000Z,Day 29. Building Effective Tech Lessons 101. Learning by Example.,Training material builds it using all the techniques we discussed over the last 28 days.,https://yabellini.netlify.app/blog/2024-06-03-30ship30-day29/
cm0yaa0qz001vp401kgz3rgu1,BLOGPOST,2024-06-04T00:00:00.000Z,Day 30. 3 Things I Learned Writing Online Every Day For 30 Days In A Row.,Today is the last day of writing and publishing online content for 30 days. I completed the challenge. Some things I learned along the way.,https://yabellini.netlify.app/blog/2024-06-04-30ship30-day30/
cm0yaaxep001wp401sy0ferra,BLOGPOST,2024-06-23T00:00:00.000Z,Dos años y doce proyectos en rOpenSci como Community Manager,En Junio de 2022 me converti en la community manager de rOpenSci. He aprendido muchisimo durante este tiempo. Voy a compartir 12 proyectos en los que estuve involucrada estos dos anos para contar mejor el tipo de trabajo y actividades que hace una community manager de una comunidad de practica tecnologica.,https://yabellini.netlify.app/blog/2024-06-23-ropensci-2years-cm/
cm0yabnv6001xp401cnpdl89x,BLOGPOST,2024-06-23T00:00:00.000Z,Two years and twelve projects as Community Manager at rOpenSci,"In June 2022 I became the community manager of rOpenSci. I have learned a lot during this time. I am going to share 12 projects I was involved in these two years to tell you more about the kind of work and activities a community manager of a technology community of practice does.
",https://yabellini.netlify.app/blog/2024-06-23-ropensci-2years-cm-en/
cm0yahars0006o601v1i8xg0j,BLOGPOST,2024-07-26T00:00:00.000Z,Using GitHub to plan community calls for rOpenSci,Tool trial case study summarizing how rOpenSci uses GitHub to organize ours community calls.,https://yabellini.netlify.app/blog/2024-07-26-github-commcall/
cm0yaiq620007o601ebhlqskr,BLOGPOST,2024-07-28T00:00:00.000Z,"Project 3 - Two Years of Writing, Speaking, and Teaching with the rOpenSci Community",One of the core competencies of a Community Manager is Communication. The third ‘project’ I will tell you about is not a project per se but a series of activities related to communication and outreach.,https://yabellini.netlify.app/blog/2024-07-28-ropensci-2years-writing-speaking-teaching-en/
cm0yajemo0008o601ywy8bi1i,BLOGPOST,2024-07-28T00:00:00.000Z,"Proyecto 3 - Dos años de escribir, dar charlar y enseñar con la comunidad de rOpenSci Community","Una de las competencias básicas de un Community Manager es la comunicación. El tercer «proyecto» del que les hablaré no es un proyecto en sí, sino una serie de actividades relacionadas con la comunicación y la divulgación.",https://yabellini.netlify.app/blog/2024-07-28-ropensci-2years-writing-speaking-teaching/
cm0yalgwm0004qr01c790voyr,ARTICLE_PUBLICATION,2024-07-09T00:00:00.000Z,CSCCE Tech Case Study: Using GitHub to plan community calls for rOpenSci,"Bellini Saibene, Y., Pratt, K., Crall, A., Lescak, E., & Woodley, L. (2024). CSCCE Tech Case Study: Using GitHub to plan community calls for rOpenSci. Zenodo. 

In 2023, CSCCE hosted a series of community “Tools Trials” that focused on tools commonly used for community management in open-source and open-source-supporting communities. The goal of the series - which consisted of several live webinars with Q&A and this accompanying tip sheet collection - was to share existing knowledge and provide any scientific community manager with options about tools and use cases they could explore further.

One of the most commonly used tools by these communities is GitHub. In this case study, we summarize how rOpenSci uses GitHub to organize their community calls. ",https://doi.org/10.5281/zenodo.12117430
cm0yaoacf0005qr0170i1e59n,BLOGPOST,2024-02-15T00:00:00.000Z,Introducing rOpenSci Champions - Cohort 2023-2024,"The rOpenSci Champions Program starts this 2024 with a new cohort of Champions. We are pleased to introduce you to our Champions and their projects!

By Ezekiel Adebayo Ogundepo, Sehrish Kanwal, Andrea Gomez Vargas, Liz Hare, Francesca Belem Lopes Palmeira, YBinod Jung Bogati, Yi-Chin Sunny Tseng, Mirna Vazquez Rosas Landa, Erika Siregar, Jacqui Levy, Yanina Bellini Saibene – Edited by Steffi LaZerte
",https://ropensci.org/blog/2024/02/15/champions-program-champions-2024/
cm0yaposw001yp401out1c0fm,BLOGPOST,2024-02-22T00:00:00.000Z,"Beautiful Code, Because We’re Worth It!","rOpenSci’s second cohort of champions was onboarded! Their training started with a session on code style, which we will summarize here in this post. Knowing more about code quality is relevant to all Champion projects, be it creating a new package, submitting a package to software review, or reviewing a package. This training session consisted of a talk and discussion, whereas the next package development training sessions will be more hands-on.

By Maëlle Salmon, Yanina Bellini Saibene – Edited by Steffi LaZerte",https://ropensci.org/blog/2024/02/22/beautiful-code/
cm0yb0qpy0008rc01k2fq52pg,BLOGPOST,2024-03-04T00:00:00.000Z,rOpenSci Code of Conduct Annual Review,"Our community is our best asset. It’s so important to us, it’s in our mission statement. We recognize that communities are not inclusive by default; they require deliberate attention, including an enforceable Code of Conduct.
By Yanina Bellini Saibene, Mark Padgham, Kara Woo, Natalia Morandeira",https://ropensci.org/blog/2024/03/04/conduct2023/
cm0yb1xwv0009rc01ewhdc1rc,BLOGPOST,2024-03-07T00:00:00.000Z,Marketing Ideas For Your Package,"Now that you have created your package, presenting it to the world is a crucial step to gain visibility and attract users.
Marketing your package effectively contributes to reaching the people your package can support, finding users to assist you in maintaining and improving your package and allowing you to learn about how people use it.
In this blog post we suggest a series of activities and tools for advertising your package.",https://ropensci.org/blog/2024/03/07/package-marketing/
cm0yb304n001ksx01wq165k3g,BLOGPOST,2024-03-20T00:00:00.000Z,rOpenSci Champions Pilot Year: Projects Wrap-Up,"By Yanina Bellini Saibene – Edited by Steffi LaZerte
Our first cohort of the rOpenSci Champions Program has now completed the second phase of the program by developing their project and carrying out outreach activities. In this article, we share each Champion’s project, their achievements and their outreach activities.",https://ropensci.org/blog/2024/03/20/champions-program-projects-cohort1/
cm0yb5m8y0027sr01t82r5y3o,BLOGPOST,2024-04-18T00:00:00.000Z,Fostering Equity and Leadership: the rOpenSci Champions Program Selection Process,"The goal of the rOpenSci Champions Program is to enable more members of historically excluded groups to participate in, benefit from, and become leaders in the R, research software engineering, and open source and open science communities. This program includes 1-on-1 mentoring for the Champions as they complete a project and perform outreach activities in their local communities.
Every year, rOpenSci opens a call for applications for the roles of Champions and Mentors which are selected following a rigorous process that we describe in this blog post.

By Francisco Cardozo, Yanina Bellini Saibene, Camille Santistevan, Lou Woodley – Edited by Steffi LaZerte",https://ropensci.org/blog/2024/04/18/champions-program-2024/
cm0yb6xz80028sr01u81epjht,BLOGPOST,2024-07-11T00:00:00.000Z,rOpenSci Community Collaboration Insight Using Social Networks Analysis,"In June 2022 I (Yani) become the rOpenSci Community Manager. To do a good job in this kind of role it is essential to know your community, so as soon I started I dug in: reading our documentation, learning our processes and their metrics, and conducting interviews with team-mates and community members.
In my previous experience working with scientific and technological communities of practice, in collaboration with Sandro, I had used a tool called Social Network Analysis to understand the interaction of the members and plan strategies around the activities. This served me well and I was looking forward to applying it to the rOpenSci community
In this blog post we present how we have used this tool with R, to better understand and manage the rOpenSci community.",https://ropensci.org/blog/2024/07/11/collaboration-networks/
cm0yb7wmj001mrn01c3gtpir7,BLOGPOST,2024-07-16T00:00:00.000Z,"Metrics, Impact and Community Management","On June 14 I was invited to present at the CZI Open Science 2024 event. I was asked to participate in “Case Study Session 3: Demonstrating Impact of Open Science” and to explore the challenges of using traditional academic metrics for measuring project impact with an emphasis on alternative approaches.
I was very excited to share our experiences and to learn from others projects. Here I present a summary of this talk.",https://ropensci.org/blog/2024/07/16/impact-community-management/
cm0ybb9ze000hsx011lg9gw22,OPEN_SOURCE_PROJECT,2024-02-24T00:00:00.000Z,Introducción al manejo de grandes volúmenes de datos y datos no estructurados,Curso de un semestre sobre datos masivos y no estructurados con foco en Ciencia de Datos. Diplomatura en Ciencia de Datos con orientacion en politicas publicas de la UNAB. Materiales Abiertos. ,https://yabellini.netlify.app/courses/datosmasivos/
cm0y9h00g001ppy01igp9yx49,BLOGPOST,2024-05-11T00:00:00.000Z,Day 6. The Best Way To Get Started Learning About Teaching to Code,"Today, I share a book, a video and a podcast episode to learn how to teach.",https://yabellini.netlify.app/blog/2024-05-11-30ship30-day6/
cm2oo5nyk000fqw01jg7rjcip,BLOGPOST,2024-09-29T00:00:00.000Z,Adding Multiple choice quiz to Quarto Live Tutorials,Adding multiple choice to a Quarto Live interactive tutorial.,https://yabellini.netlify.app/blog/2024-09-29-quarto_live_quiz/
cm2oo6ydt0007p101zi07986y,BLOGPOST,2024-09-18T00:00:00.000Z,Managing an Open Source Project. A Checklist of Issues to Consider,A checklist of issues to take into account when managing an Open Source Project,https://yabellini.netlify.app/blog/
cm2ookrzy0001qp01jfksw55r,BLOGPOST,2024-10-10T00:00:00.000Z,Fostering Open Science in Latin America: CZI Awards Funds for Sustainable Research Software Development,Foster sustainable scientific software as a pillar of open science in Latin America through building capacity and community,https://ropensci.org/blog/2024/10/10/czi-latam-grant/
cm2oom4xb0004rv019rq0r21e,BLOGPOST,2024-10-22T00:00:00.000Z,Looking for Maintainers to Support First-Time Contributors,Announcing a Community Call and Coworking sessions to support first contributions,https://ropensci.org/blog/2024/10/22/first-time-contributions/
cm2ootat9000etg01cdh7nimk,OPEN_SOURCE_PROJECT,2024-08-01T00:00:00.000Z,Introduccion a la programacion II,"Open material in Spanish of the course Introduction to Programming II for future data scientists (undergrad level)

It uses GitHub to contain the students' project repository, collaborative development, and GitHub Classroom for exercises and exams. ",https://intro-programacion.netlify.app/
cm2q3g60n000bn901fob77lhb,OPEN_SOURCE_PROJECT,2024-07-01T00:00:00.000Z,Developing Software Together using Git and GitHub,"It is a three-hour course on how to use Git and GitHub to collaboratively develop open-source software with the R language. It was organized for the Champions program of rOpenSci. Content: Create a GitHub account, create repos, branches, clone and fork, commit, Pull and Push, Pull Request, Review of Pull Request, Merge. ",https://yabellini.netlify.app/courses/git-developing-software-together/
cm2q3i5yv000cn901c191free,OPEN_SOURCE_PROJECT,2024-08-01T00:00:00.000Z,Agro Reportes con R,It is an open course  introduces R to generate parameterized reports with examples and use cases related to agriculture. In Spanish.,https://yabellini.netlify.app/courses/agroreportesconr/
cm2qhf5670002t401fwiga5h2,OPEN_SOURCE_PROJECT,2024-01-01T00:00:00.000Z,Teaching Tech Together (2ed),"Bilingual Open book on how to teach technology using evidence-based practical advice, how to create lessons that work collaboratively, and how to make a community around it.   This is the second edition of the book.",https://teachingtechtogether.netlify.app/
cm3oo2w2f0003qp0137rneevw,OPEN_SOURCE_PROJECT,2024-10-01T00:00:00.000Z,GitHub para investigador(a|e)s,"This workshop is designed to introduce researchers to GitHub, a powerful platform for version control and collaboration. Participants will learn the basics of using GitHub to manage their research projects, including creating and managing repositories, tracking changes, and collaborating with others.

In addition, the workshop will emphasize the relevance of GitHub in promoting open science, highlighting its role as a repository of code and data that supports transparency and reproducibility in research.

At the end of the workshop, participants can integrate GitHub into their research workflows, enhancing collaboration and open dissemination of scientific knowledge.",https://git4researchers-latinr2024.netlify.app/
cm3ooeug90004qp01s2qp22k1,HACKATHON,2024-11-18T00:00:00.000Z,Tradução + Hackathon = Traslaton rOpenSci,"Tradução + Hackathon = Traslaton rOpenSci with Pedro Faria, Francesca Palmeira, Beatriz Milz, and Yani Bellini Saibene: we will get together to learn about rOpenSci and how to contribute to the Portuguese translation project. Monday, November 18th. 10:00 to 12:00 UTC-3. (find your time)",https://www.eventbrite.cl/e/traducao-hackathon-traslaton-ropensci-tickets-1045507530167
cm3ool7gt0009lt018etdjck0,EVENT_ORGANIZATION,2024-11-18T00:00:00.000Z,Workshop Introduccion a Github para Investigador(a|e)s,Workshop in Spanish for researchers on how to use GitHub beyond sharing code.  This workshop was part of LatinR 2024. We build it together with Beatriz Milz. ,https://www.eventbrite.cl/e/introduccion-a-github-para-investigadoraes-tickets-1045617188157?utm-campaign=social&utm-content=attendeeshare&utm-medium=discovery&utm-term=listing&utm-source=cp&aff=ebdsshcopyurl
cm3ooobkf000wna01bh1ihfd0,EVENT_ORGANIZATION,2024-11-20T00:00:00.000Z,LatinR Conference 2024,"Latinamerican Conference About the Use of R in R&D. November 18-22, 2024 - Online. 18-19 Tutorials. 20-22 Conference. Around 800 attendees and trilingual content (Spanish, English and Portuguese)",https://latinr.org/
cm3oothte0005qp01ca9fzf9s,SPEAKING,2024-10-22T00:00:00.000Z,Unlocking Insights from LatinR. Collaboration and Innovation in Data Science,"Insightful discussions on data science, R programming, and the growing R community in Latin America. An RConsortium webinar.",https://yabellini.netlify.app/talk/2024_rconsortium_latinr/
cm3otvdgk0002nw01w5c4199x,SPEAKING,2024-09-14T00:00:00.000Z,R-Ladies Global & Other #RStats Communities,Yani Bellini Saibene introduce R-Ladies and rOpenSci in the inaugural event of R-Ladies Kumasi & Cape Coast in Ghana,https://yabellini.netlify.app/talk/2024_r-ladies-ghana/
cm3ou0wcn0008kd01hy6gck7h,EVENT_ORGANIZATION,2024-09-24T00:00:00.000Z,Navigating the R ecosystem using R-universe,"By Yanina Bellini Saibene. With Jeroen Ooms.
R-Universe is rOpenSci’s platform for testing, building, distributing, and discovering R packages, lead by Jeroen Ooms.
R-Universe provides no-setup continuous integration, compilation for all platforms (including WebR!), accessible HTML R package manuals, a comprehensive API, and the ability for users or organizations to create their own “universes”.
The R universe is in continuous development and in the last time the platform has evolved improving the services it offers and adding new functionalities and features.
In this community call, Jeroen Ooms will provide details on what R-Universe is and an update on what you can do with it today. He will also discuss the future of R-universe and how it can be used to navigate the R ecosystem.
Join us to learn more about R-Universe and how you can use it to improve your R package development workflow.",https://ropensci.org/commcalls/nov2024-r-universe/
cm3ou1ym10009kd01244fsf6j,EVENT_ORGANIZATION,2024-11-06T00:00:00.000Z,A comunidade R fala português,"By Yanina Bellini Saibene. With Pedro Faria, Beatriz Milz, Francesca Belem Lopes Palmeira.
A comunidade R está realizando vários esforços de traduções comunitárias para o português de diferentes recursos: livros, pacotes e guias.
Nesta chamada da comunidade, três líderes da comunidade de língua portuguesa apresentarão suas experiências liderando e fazendo parte desses projetos e compartilharão como podemos participar desses esforços.
Essa chamada da comunidade será seguida por uma reunião de tradução na LatinR, a conferência latino-americana de R para pesquisa e desenvolvimento, para aqueles que quiserem começar a participar.",https://ropensci.org/commcalls/translation-portuguese/
cm3ooqgvd000nor01x1e7dyp8,SPEAKING,2024-11-14T00:00:00.000Z,The stories behind your community numbers,"In this keynote, I invite you to reflect on how to measure the impact of our work on our communities. I share two frameworks we use at rOpenSci and severals tools to measure different aspects of our work and our impact, not only with numbers, but with stories. BioNT Community Event & CarpentryConnect-Heidelberg 2024, Germany",https://yabellini.netlify.app/talk/2024_carpentryconbiont/
cm3ou7m3d0003nw017wv9pqcf,EVENT_ORGANIZATION,2024-05-29T00:00:00.000Z,"CSV,Conf,v8 2024",I was a member of the organizing team.  My task: review of talk proposals. Help with the recruitment of new organizers members. Support the organization of The Carpentries Tutorial and R-Ladies Meetup during the conference.,https://csvconf.com/
cm3ouawra0004nw01n7pq2fiv,HACKATHON,2024-11-25T00:00:00.000Z,"Contests ""Tell with Data""","I was on the jury in the contest ""Contar con Datos,"" or Tell with Data, a visualization contest using open data.",https://udesa.edu.ar/contarcondatos
cm3oul4v00005pm01o8aqb8ed,SPEAKING,2024-02-15T00:00:00.000Z,rOpenSci Champions Program. Mentorship Training and Orientation,Workshop on how to be a mentor for the rOpenSci Champions Program.,https://ropensci.org/events/2024-02-15-mentor-orientation/
cm3oumpvs000alt01zf4ko4zr,EVENT_ORGANIZATION,2024-02-15T00:00:00.000Z,"Beautiful code, because we’re worth it!",Workshop on good coding practices for the rOpenSci Champions Program. I organize the event and was a TA.,https://ropensci.org/events/2024-02-15-stylish-code/
cm3r3v3lg000bpm01etm6hoxq,EVENT_ORGANIZATION,2024-03-07T00:00:00.000Z,Package Development: Not Rocket Science (champions training),Workshop Package Development: Not Rocket Science (champions training) by  Maëlle Salmon. I was also a TA. ,https://ropensci.org/events/2024-04-01-pkg-dev-not-rocket-science-champions/
cm3r3rzrm0002m601mce295rt,EVENT_ORGANIZATION,2024-04-17T00:00:00.000Z,How rOpenSci performs peer-review,Speaker: Mauro Lepore and Noam Ross. ,https://ropensci.org/events/2024-04-17-how-ropensci-review/
cm3r3tf9q0003m601dtoi69wy,EVENT_ORGANIZATION,2024-03-01T00:00:00.000Z,Package Development: the Mechanics,Workshop Package Development: the Mechanics (champions training) by  Maëlle Salmon. I was also a TA. ,https://ropensci.org/events/2024-03-01-pkg-dev-mechanics-champions/
cm3r3zhz5000tne01yaxcvu4t,ARTICLE_PUBLICATION,2024-08-27T00:00:00.000Z,10 Simple Rules for Leadership Without Formal Authority,"This set of simple rules is applicable to open organizations that rely on contributors who may have other jobs or responsibilities, may work across various organizations, and are not obligated to contribute to the open effort. In managing these organizations, a substantial amount of “cat herding” 2 is involved: Contributors and community members are not working under a formal authority structure that enables compliance-gaining to be as simple as rules and policies. Instead, a bottom-up approach to leadership is needed, where behavior is encouraged via alternative methods to “stick and carrots.”",https://eoss-om-communitycalls.github.io/2024-08-27-10-simple-rules-for-leadership/
cm3r40nhp000bqp018uwkr641,ARTICLE_PUBLICATION,2024-08-27T00:00:00.000Z,10 reglas simples para lograr liderazgo sin autoridad formal,Un recurso para personas que lideran proyectos de Código Abierto,https://eoss-om-communitycalls.github.io/2024-08-27-10-simple-rules-for-leadership/es
cm3r41vru000cqp01d370q9c5,ARTICLE_PUBLICATION,2024-09-26T00:00:00.000Z,Measuring and Assessing Open Source Project Impact and Community Health,"Open source software (OSS) projects are increasingly interested in tracking the impact of their packages and the health of their communities. The motivation to measure these attributes comes from both internal needs and external demands: Internally, project leaders use these measurements to set development roadmaps, make strategic decisions about resource allocation, and ensure that they are providing a welcoming, productive environment for contributors and users. Externally, projects use impact and health measurements to raise funds, report to funders, market their tools, and support career development for people who have contributed.",https://eoss-om-communitycalls.github.io/2024-09-26-measuring-open-source-project-impact/
cm3r43eox000fr101g37gmwus,ARTICLE_PUBLICATION,2024-07-29T00:00:00.000Z,Managing an Open Source Project,"Managing an Open Source Project. A Checklist of Issues to Consider. This resource is intended to be a conversation-starter for open source software project leaders, their collaborators, staff, and community. We know that some of these items are substantial, resource-heavy requests for an open science community and we don’t intend that this is a comprehensive list of topics, nor a limiting one. ",https://eoss-om-communitycalls.github.io/2024-07-29-managing-an-oss-project/
cm3rbdx7y000qor01mbcjq7vt,SPEAKING,2024-12-10T00:00:00.000Z,Using GitHub Copilot with R,"Talk about how to use GitHub copilot with R, with examples in RStudio at R-Ladies Rome Chapter.",https://rladiesrome.quarto.pub/
cm3rbhgcp0003nn016zel0bg8,SPEAKING,2024-12-05T00:00:00.000Z,rOpenSci and Open Source for reproducible science,Talk about rOpenSci and our project to the Japanese community Biopackathon. ,https://biopackathon.connpass.com/event/332275/
cm3rbog0g000uoh017n5njm7d,OPEN_SOURCE_PROJECT,2024-11-14T00:00:00.000Z,Contributor to Glosario ,"glosario is an open source glossary of terms used in data science that is available online and also as a library in both R and Python. By adding glossary keys to a lesson’s metadata, authors can indicate what the lesson teaches, what learners ought to know before they start, and where they can go to find that knowledge. Authors can also use the library’s functions to insert consistent hyperlinks for terms and definitions in their lessons in any of several languages.

I contribute by translating terms and by creating guidelines on how to contribute in Spanish.",https://glosario.carpentries.org/es/
cm3rbqakx000qne01znnq6dov,OPEN_SOURCE_PROJECT,2024-11-19T00:00:00.000Z,Contributor to base R translations,I contribute by translating error messages from base R and recommended packages. ,https://contributor.r-project.org/translations/
cm3rgq4fu000qqm01qw3swjty,OTHER,2024-01-01T00:00:00.000Z,The Carpentries Advisory Committee,"Governance of The Carpentries (as a fiscally sponsored project of Community Initiatives) is undertaken by a three-person Advisory Committee. The Advisory Committee must, at minimum, assume the following joint responsibilities:

    Sign the fiscal sponsorship agreement.
    Hire, supervise, and terminate, when necessary, the FSP’s Project Director (Executive Director).
    Approve reimbursement requests for the Project Director and fellow Advisory Committee Members.",https://carpentries.org/about-us/governance/
cm3rgx0o6000cpm01s6sa1m0l,OTHER,2024-01-01T00:00:00.000Z,The Carpentries Board of Directors,"The Board is responsible for strategic and organisational planning, selecting the Executive Director and evaluating their performance, financial oversight, identifying revenue streams and resource development, approving and monitoring The Carpentries programs and services, and enhancing The Carpentries’ public image. Members of the Board also serve as advocates and ambassadors for the organisation, leveraging their networks to benefit the organisation’s reputation and fundraising. The Board executes these responsibilities through meetings, regular correspondence, and collaboration via email and online platforms.  I act as vicepresident of the board.",https://carpentries.org/about-us/governance/
cm3rgzkdi000dpm019ypawssy,OTHER,2024-01-01T00:00:00.000Z,R-Ladies Board of Director/Leadership Team,"R-ladies Global is run by a volunteer group with designated responsibilities within the organisation. The leadership team has an overarching role, making sure the organisation is well-structured, keeps promises made to sponsors and members, and directs the evolution of R-ladies as a whole.",https://rladies.org/about-us/global-team/
cm3rhbx6l000yne01aq0jdu82,SPEAKING,2024-11-27T00:00:00.000Z,Research Software Camp: From spreadsheets to R,"“From spreadsheets to R” will take place on 27 November, from 14:00 to 17:00 GMT, as part of the Research Software Camp: Digital Skills for Research Technical Staff.

RStudio certified instructor, Yanina Bellini Saibene has put together this R introductory course for new or beginner coders. “From spreadsheets to R” is intended for people who use spreadsheets for data manipulation and analysis, but have never programmed and would like to learn how to work with R. This course aims to answer questions such as: ""Why use R?"" and ""Where to start?""

Yanina will work with R in an orderly and reproducible way, using a workflow that allows those who take this course to apply good programming practices, work collaboratively and present their work in a single document that includes the analysis and the results.

Whenever she can, Yanina will indicate how the issues she proposes to solve with R can also be solved with spreadsheets and the advantages and disadvantages in each case.

Each section includes exercises and challenges together with the examples and uses some useful data sets for the problem we want to solve. These data is realistic so that anyone can find similarities with their own data and can apply what they have learned to other situations.",https://www.eventbrite.co.uk/e/research-software-camp-from-spreadsheets-to-r-tickets-1056738235509
cm3rnal68000voh01xb2hduzr,ARTICLE_PUBLICATION,2024-10-23T00:00:00.000Z,"rOpenSci News Digest, October 2024",rOpenSci Monthly Newsletter.,https://ropensci.org/blog/2024/10/23/news-october-2024/
cm3rnbd75000woh01tpelwz3m,ARTICLE_PUBLICATION,2024-09-27T00:00:00.000Z,"rOpenSci News Digest, September 2024",rOpenSci Montly Newsletter,https://ropensci.org/blog/2024/09/27/news-september-2024/
cm3rncrwf000xoh01bvl2yn9h,ARTICLE_PUBLICATION,2024-09-30T00:00:00.000Z,"rOpenSci News Digest, August 2024",rOpenSci Monthly Newsletter,https://ropensci.org/blog/2024/08/30/news-august-2024/
cm3rndevs0013na01ob07bowi,ARTICLE_PUBLICATION,2024-07-19T00:00:00.000Z,"rOpenSci News Digest, July 2024",rOpenSci Monthly Newsletter,https://ropensci.org/blog/2024/07/19/news-july-2024/
cm3rne7280014na0183252wen,ARTICLE_PUBLICATION,2024-06-21T00:00:00.000Z,"rOpenSci News Digest, June 2024",rOpenSci Monthly Newsletter,https://ropensci.org/blog/2024/06/21/ropensci-news-june-2024/
cm3rnf04f0015na017k33fh8l,ARTICLE_PUBLICATION,2024-05-24T00:00:00.000Z,"rOpenSci News Digest, May 2024",rOpenSci Monthly Newsletter,https://ropensci.org/blog/2024/05/24/ropensci-news-may-2024/
cm3rnfjxs0016na01fyvkdrt8,ARTICLE_PUBLICATION,2024-04-22T00:00:00.000Z,"rOpenSci News Digest, April 2024",rOpenSci Monthly Newsletter,https://ropensci.org/blog/2024/04/22/ropensci-news-april-2024/
cm3rngghu000rne01v5o0xhsc,ARTICLE_PUBLICATION,2024-03-29T00:00:00.000Z,"rOpenSci News Digest, March 2024",rOpenSci Monthly Newsletter,https://ropensci.org/blog/2024/03/29/ropensci-news-march-2024/
cm3rnh9lg000yoh015d6wlbm1,ARTICLE_PUBLICATION,2024-02-23T00:00:00.000Z,"rOpenSci News Digest, February 2024",rOpenSci Monthly Newsletter,https://ropensci.org/blog/2024/02/23/news-february-2024/
cm3rnig5e000sne01t863qbj2,ARTICLE_PUBLICATION,2023-01-25T00:00:00.000Z,"rOpenSci News Digest, January 2024",rOpenSci Monthly Newsletter,https://ropensci.org/blog/2024/01/25/news-january-2024/
cm3s16wym001bna01o28kojsq,ARTICLE_PUBLICATION,2024-11-20T00:00:00.000Z,Mastodon Quick Start Guide,"This guide was first developed and published in October 2023 and then updated and re-released in November 2024 by rOpenSci and The Carpentries to help break down barriers for our community members interested in adopting Mastodon as a social media platform. It offers tips to help get started and is not meant to be a comprehensive overview of the platform. Therefore, it includes other trusted resources where you can learn more. We welcome feedback on this guide by emailing info@ropensci.org or community@carpentries.org.  ",https://zenodo.org/records/14170125
cm3svdn4y000sqm01t4o9hcu0,OPEN_SOURCE_PROJECT,2024-06-01T00:00:00.000Z,Play Book for the rOpenSci Champions Program,"This playbook is intended to help rOpenSci staff members with managing the rOpenSci Champions Program. Although the book has specific indications for the rOpenSci program, we hope that other organizations and communities running similar programs will find this information useful.

Included is an overview of the typical timeline for running the program as well as details for the various phases: recruitment, onboarding, training and support, offboarding and evaluation. It also provide strategies and task for activities like communication and infrastructure.

It includes information about both the rOpenSci Champions as well as the Mentors and Instructors for the pilot (2022-2024).",https://github.com/ropenscilabs/champions-program-playbook
cm3u2xdim0003ol01tf0kunci,SPEAKING,2024-11-20T00:00:00.000Z,Usando Quarto Live para tutoriales interactivos,"Quarto Live es una extensión para Quarto que permite ejecutar código de R y Python de forma interactiva en un documento web mediante WebAssembly. Esta extensión se presenta como la evolución del paquete {learnr} para generar tutoriales y documentación interactiva, con la ventaja que se pueden publicar los documentos generados en servicios web estáticos como Netlify o GitHub Pages.  En esta charla presentaremos la experiencia de traducir tutoriales de learnr a Quarto Live y de generar tutoriales desde cero, como agregar ejecicios y preguntas multiples.",https://youtu.be/xRA4QD_U0Z4?feature=shared
cmfo151py0005rn01hin6iskp,BLOGPOST,2025-01-29T00:00:00.000Z,Implementing Software Peer Review. Tips and Examples,"Peer review is a helpful tool for ensuring high-quality, reliable, and maintainable software. In this document, we share insights discussed in the Chan-Zuckerberg Initiative’s Essential Open Source Software program community call held on January 29, 2025, featuring rOpenSci’s Noam Ross.",https://yabellini.netlify.app/blog/2025-01-29-soft-peer-review/
cmfpfvhd30004pw016oywhya9,BLOGPOST,2025-08-26T00:00:00.000Z,"Exploring Open Science, R Packages, and Research Software Development at the CSIDNet AGM 2025","The “Climate Sensitive Infectious Disease” (CSID) Network looks to connect a global community of actors contributing towards impactful CSID software tools and establish localized CSID communities that can link existing on-the-ground issues and initiatives to the development and maintenance of CSID tools.
On July 21, during the 2025 Annual General Meeting of the CSIDNet, Yanina Bellini Saibene and Samuel Schildhauer co-lead a session titled “Open Science, R Packages, and Research Software Development”. The session was designed not only to introduce participants to tools and practices in open science with R but also to encourage active reflection and discussion on their own workflows and the challenges they face.",https://ropensci.org/blog/2025/08/26/csidnet-agm-2025/
cmfo17sis0002oq01ysol32u8,BLOGPOST,2025-02-09T00:00:00.000Z,GitHub Stars 2025 Award,"GitHub Star for one more year!! Thank you so much to my communities. rOpenSci, LatinR, R-Ladies and The Carpentries.",https://yabellini.netlify.app/blog/2025-02-09-github-star/
cmfpg1xpw0006sg01lhnckz5q,BLOGPOST,2025-09-02T00:00:00.000Z,rOpenSci Champions Second Cohort: Projects Wrap-Up,"As we welcome the third cohort of the rOpenSci Champions Program, our second cohort has now completed the second phase of the program. In this article, we share each Champion’s project, their achievements, and their outreach activities.",https://ropensci.org/blog/2025/09/02/champions-program-projects-cohort2/
cmfo18qjo0002qu01sa7djyv5,BLOGPOST,2025-02-12T00:00:00.000Z,Trae tus propios datos - TidyTuesday 2025,"En enero de cada año, la iniciativa TidyTuesday te propone visualizar tus propios datos. Este 2025 voy a jugar con los datos que registro de mis clases de natacion",https://yabellini.netlify.app/blog/2025-02-12-tidytuesday/
cmfohf9y4000grh016vr8qkfq,BLOGPOST,2025-03-10T00:00:00.000Z,Nueva cohorte del Programa de Campeon(a|e)s rOpenSci,"Tenemos grandes noticias: ¡Ya esta abierta la convocatoria para ser parte de la nueva cohorte de nuestro Programa durante 2025! ¡Y por primera vez será en español!
Nuestro programa busca identificar, reconocer y recompensar a personas que son líderes en una comunidad de ciencia abierta, ingeniería de software de investigación y la comunidad de programación R.
El programa de este año está enfocado en personas de América Latina y por primera vez se llevará a cabo completamente en español. El objetivo principal es fomentar el software de investigación sostenible como pilar de la Ciencia Abierta en América Latina mediante el desarrollo de capacidades y comunidad.
Este programa es una plataforma increíble para desarrollar tu proyecto de código abierto con el apoyo de expertos, interactuando, compartiendo y fortaleciendo una red con otras personas que también desarrollan ciencia abierta y reproducible en tu parte del mundo.",https://ropensci.org/es/blog/2025/03/10/campeones-america-latina/
cmfpgg985000bqw01iaw301yj,SPEAKING,2025-08-20T00:00:00.000Z, El rol del software de investigación a lo largo del ciclo de vida investigativo,"Yanina presenta la charla rOpenSci: Transformando la ciencia mediante datos abiertos, software y reproducibilidad con foco en América Latina. Organizado por ReSA, LA Referencia y RDA.",https://yabellini.netlify.app/talk/2025_resa_ropensci/
cmfv460hs000eqw01r9col356,HACKATHON,2025-03-14T00:00:00.000Z,NumFOCUS’ DISC Unconf,"I participated, representing rOpenSci, and worked on two projects during the hackathon: a mentorship guide and a leadership training. ",https://numfocus.github.io/disc-unconference-2025/
cmfo1dt3s0006sa010k10eehw,ARTICLE_PUBLICATION,2025-04-25T00:00:00.000Z,Nature Interview: Which programming language should I use? A guide for early-career researchers,Jeffrey M. Perkel interviewed me for Nature about how to choose a programming languages. Together with other computer scientists and bioinformaticians we address four key questions to help rookie coders to make the right choice.,https://www.nature.com/articles/d41586-025-01241-6
cmfo1f14g0007sa01hfg9j4j0,ARTICLE_PUBLICATION,2025-08-11T00:00:00.000Z,Nature Interview: Six questions to ask before jumping into a spreadsheet,"I was interviewed by Stephanie Melchor for Nature about six questions to ask before jumping into a spreadsheet. Spreadsheet software can be frustrating, but adopting some helpful habits can improve its effectiveness, especially for scientist.",https://www.nature.com/articles/d41586-025-02511-z
cmfohk4rx0006rn01fyiv2n3e,BLOGPOST,2025-03-20T00:00:00.000Z,Template To Handle Code of Conduct Incidents Reports,"Handling reported incidents related to a Code of Conduct (CoC) is a complex and delicate task. Managing reports timely and with care is crucial for maintaining a healthy and inclusive community.
To assist with this process we’ve developed a template, based on the work of the useR! 2021 CoC Team, designed specifically for analyzing rOpenSci’s CoC incident reports. This template aims to provide a structured approach for assessing and addressing reports, ensuring that each report is reviewed with consistency.
In this post, we walk through the key components of the template and how it can support teams in managing CoC incidents effectively.",https://ropensci.org/blog/2025/03/20/coc-incident-template/
cmfok0qz10007uz01349cq13z,BLOGPOST,2025-04-08T00:00:00.000Z,Apoyar a los mentores y mentoras de rOpenSci con herramientas prácticas,"La mentoría está en el corazón de lo que hace de rOpenSci una comunidad. Nuestros participantes se mentorean mutuamente en distintos momentos: cuando una perosna nueva se une y necesita ayuda para navegar por la comunidad; cuando un participante asume un nuevo papel, como revisor de nuestra revisión por pares de software, o proyecto, como convertirse en quien mantiene un paquete, y le vendría bien un poco de orientación; durante las interacciones cotidianas, cuando la gente comparte consejos y sugerencias entre sí; cuando alguien comparte una idea y recibe comentarios constructivos y amistosos o cuando un integrante con más experiencia ayuda a otras personas a crecer y asumir funciones de liderazgo. Cada uno de estos momentos es una oportunidad para compartir lo que sabes, crear conexiones y mantener fuerte a la comunidad.
Desde 2022 tenemos nuestro Programa de Campeon(e|a)s con una función formal de tutoría. Para ayudar a nuestros mentores del programa a hacer su mejor trabajo, hemos reunido un conjunto de recursos: un taller, un manual y un calendario mensual. En este post, te guiamos a través de lo que hemos creado y te mostramos cómo estos recursos pueden ayudar también tu labor de mentor o mentora, tanto si formas parte de rOpenSci como si tiene este rol en otro contexto.",https://ropensci.org/es/blog/2025/04/08/mentoring-tools/
cmfo1g6b80004u001vhds5el1,BLOGPOST,2025-08-30T00:00:00.000Z,Skytorial and Linkedtorial 1: Introduction to GitHub for Researchers,"I will start a series of Linkedtorials. Over the next few days, I’ll be sharing a series of short tutorials on GitHub for researchers who don’t need to know how to program. Let me know what you think 😀. The first on the series in an Intro to Github",https://yabellini.netlify.app/blog/2025-08-30-skytorial-linkedtorial-1/
cmfojsha50007rn01cqc08hih,BLOGPOST,2025-03-21T00:00:00.000Z,rOpenSci Code of Conduct Annual Review,"rOpenSci’s activities and spaces are supported by a Code of Conduct that applies to all people participating in the rOpenSci community, including rOpenSci staff and leadership. It applies to all modes of interaction including GitHub project repositories, the rOpenSci discussion forum, Slack, Community Calls, Co-working and social sessions, and in person at rOpenSci-hosted events, including affiliated social gatherings. Our Code of Conduct is developed and enforced by a committee including rOpenSci staff and an independent community member.
Here we report our annual review of rOpenSci’s Code of Conduct, reporting process, and internal guidelines for handling reports and enforcement.",https://ropensci.org/blog/2025/03/21/conduct2024/
cmfpgnfdj000arn01gmgq62l9,SPEAKING,2025-07-31T00:00:00.000Z,Learning from Each Other’s Journeys: Case Studies from Open Initiatives,"Yani Bellini Saibene is part of a panel to talk about Governance in R-Ladies and rOpenSci.

useR! 2025: https://user2025.r-project.org/program/in-person/keynotes/yanina-bellini-saibene",https://yabellini.netlify.app/talk/2025_theturingway/
cmfq2dfy7000cqw01pg1akhn4,SPEAKING,2025-04-23T00:00:00.000Z,Desarrollando paquetes de R con la ayuda de rOpenSci,"Yani Bellini Saibene presents how to develop an R package and invites you to be part of the rOpenSci champions program.

April 23, 2025   12:00 AM  R-Ladies Resistencia, Corrientes y Santa Rosa / online",https://yabellini.netlify.app/talk/2025_r-ladies_ropensci/
cmfo1i71c0005u001kndbyaab,BLOGPOST,2025-08-31T00:00:00.000Z,Skytorial and Linkedtorial 2: Your Profile on GitHub,Second part of the Skytorial and Linkedtorial series: how to create your profile on GitHub step by step.,https://yabellini.netlify.app/blog/2025-08-31-skytorial-linkedtorial-2/
cmfo1izpr0006u001n2fhegvi,BLOGPOST,2025-09-01T00:00:00.000Z,Skytorial and Linkedtorial 3 - Repositories on GitHub,Third part of the Skytorial and Linkedtorial series: creating and managing repositories on GitHub for researchers who don’t need to know how to program.,https://yabellini.netlify.app/blog/2025-09-01-skytorial-linkedtorial-3/
cmfojvfqh0003qu01ya6pbjch,BLOGPOST,2025-03-25T00:00:00.000Z,rOpenSci Participation at NumFOCUS’ DISC Unconf,"The NumFOCUS Diversity & Inclusion in Scientific Computing (“DISC”) Unconf took place as a hybrid event in São Paulo, Brazil, from March 14 to 16, 2025. Our community manager, Yanina Bellini Saibene, and rOpenSci Champions, Andrea Gomez Vargas and Liz Hare, participated. In this short post we report on our experience at and around the unconference.",https://ropensci.org/blog/2025/03/24/numfocus-unconf/
cmfok3nfl0002sg01a7citagm,BLOGPOST,2025-06-05T00:00:00.000Z,"New Mentoring Team, Same Open Science Spirit","We are excited to introduce the new team of mentors for the rOpenSci Champions Program! This year, we have ten very talented individuals, all from Latin America, who bring a unique combination of experience, enthusiasm, and commitment to open science. Some of them have already been part of the program in previous editions, either as mentors or Champions, and today, they return to continue strengthening this community.
Our new mentors come from a wide variety of disciplines and are active voices within the R community in the region, participating in different groups and initiatives. With their support, our new group of Champions will not only develop their projects but also grow as leaders in open science and research software development.",https://ropensci.org/blog/2025/06/05/mentors-2025/
cmfok4ehm0003sg01kt6f8dt4,BLOGPOST,2025-06-05T00:00:00.000Z,"Nuevo equipo de mentor(a|e)s, el mismo espíritu de ciencia abierta","¡Nos alegra presentar al nuevo equipo de mentor(a|e)s del programa de Campeon(e|a)s de rOpenSci! Este año, contamos con diez personas muy talentosas, todas originarias de América Latina, que aportan una combinación única de experiencia, entusiasmo y compromiso con la ciencia abierta. Algunas ya formaron parte del programa en ediciones anteriores, ya sea como mentores o como campeonas, y hoy regresan para seguir fortaleciendo esta comunidad.
Nuestros nuevos mentores provienen de una amplia variedad de disciplinas y son voces activas dentro de la comunidad R en la región, participando en distintos grupos e iniciativas. Con su apoyo, nuestro nuevo grupo de Campeon(e|a)s no solo van a desarrollar sus proyectos, sino también a crecer como líderes en ciencia abierta y desarrollo de software de investigación.",https://ropensci.org/es/blog/2025/06/05/mentors-2025/
cmfph9m850004qu01q717fbkv,SPEAKING,2025-05-20T00:00:00.000Z,Trying to deal with LLMs to Teach Tech Skills,"Yanina discussed her experience with novice learners trying to use LLMs in a not recommended way to learn tech skills.
The Carpentry Community Discussion Events",https://yabellini.netlify.app/talk/2025_thecarpentries_llm/
cmfo3gd7h000arh01tdbqmr43,BLOGPOST,2024-12-17T00:00:00.000Z,Introducing the rOpenSci Localization and Translation Guidelines,"Since 2022, rOpenSci has been developing tools and processes to localize and translate our content. As a result of this effort, we created a set of guidelines to assist our community in translating and localizing our resources. What started as an internal challenge has evolved into a collaborative blueprint that we believe can help transform how scientific resources are shared in a multilingual research landscape.
Therefore, we’re excited to share the first version of the rOpenSci Localization and Translation Guidelines!",https://ropensci.org/blog/2024/12/17/localization-guide/
cmfo3hdjn000brh01fer08k8x,BLOGPOST,2024-12-17T00:00:00.000Z,Presentación de la Guía de localización y traducción de rOpenSci,"Desde 2022, rOpenSci ha estado desarrollando herramientas y procesos para localizar y traducir nuestros contenidos. Como resultado de este esfuerzo, hemos creado un conjunto de directrices para ayudar a nuestra comunidad a traducir y localizar nuestros recursos. Lo que comenzó como un reto interno se ha convertido en un plan de colaboración que creemos que puede ayudar a transformar la forma en que se comparten los recursos científicos en un contexto de investigación multilingüe.
Por eso, nos alegra compartir la ¡primera versión de la Guía de localización y traducción de rOpenSci!",https://ropensci.org/es/blog/2024/12/17/guia-localizacion/
cmfo3qffp000crh01849ipssy,BLOGPOST,2025-09-06T00:00:00.000Z,Skytorial and Linkedtorial 4 - Issues on GitHub,Github issues as todo list and collaboration tool for researchers.,https://yabellini.netlify.app/blog/2025-09-06-skytorial-linkedtorial-4/
cmfojzvns0006uz01uz7nvsj0,BLOGPOST,2025-04-08T00:00:00.000Z,Supporting rOpenSci Mentors with Practical Tools,"Mentoring is at the heart of what makes rOpenSci a community. Our members mentoring each other at different moments: when someone new joins and needs help navigating the community; when a member steps into a new role, like a reviewer for our software peer review, or project, like become the maintainer of a package, and could use some guidance; during everyday interactions, where people share tips and advise with each other; when someone shares an idea and gets constructive and friendly feedback or when a more experienced member helps others grow into leadership roles. Each of these moments is a chance to share what you know, build connections, and keep the community strong.
Since 2022 we have had our Champions Program with a formal role of mentoring. To help our Champions Program mentors do their best work, we’ve put together a set of resources: a training, a handbook, and a monthly charter. In this post, we’ll walk you through what we’ve created and show how these resources can support your mentoring as well —whether you’re part of rOpenSci or mentoring in another context.",https://ropensci.org/blog/2025/04/08/mentoring-tools/
cmfol72w30001pw010mazlbue,BLOGPOST,2025-06-23T00:00:00.000Z,Multilingual Publishing: Frequently Asked Questions,"A list of frequently asked questions about our multilingual program and our translation and localization process, and our best answers to them.",https://ropensci.org/blog/2025/06/23/translation-faq/
cmfq2eqk0000dqw01mawzwb6q,SPEAKING,2025-01-31T00:00:00.000Z,Advancing Research with openScience and Collaborative Communitties,"Yani Bellini Saibene explores what a community of practices, why is a good idea to participate in this spaces and present examples from rOpenSci, R-Ladies and The Carpentries.

January 31, 2025   12:00 AM   Brandon University Science Seminar / online",https://yabellini.netlify.app/talk/2025_brandon_university/
cmfo3j9y10008sa01z4i7tlgt,BLOGPOST,2025-01-20T00:00:00.000Z,rOpenSci 2024 Code of Conduct Transparency Report,Summary of the Code of Conduct incidents reported during 2024.,https://ropensci.org/blog/2025/01/20/transparencycoc2024/
cmfol85c10008rn01twh8m4ec,BLOGPOST,2025-06-23T00:00:00.000Z,Edición multilingüe: preguntas frecuentes,Una lista de las preguntas más frecuentes sobre nuestro programa multilingüe y nuestro proceso de traducción y localización junto con nuestras mejores respuestas a ellas.,https://ropensci.org/es/blog/2025/06/23/edicion-multilingue-preguntas-frecuentes/
cmfq2g5z40000r60138ny8y31,VIDEO_PODCAST,2025-01-18T00:00:00.000Z,Role of community manager in rOpensci community,Yani Bellini Saibene explores her role as Community Manager at rOpenSci,https://yabellini.netlify.app/talk/2025_this_is_tech/
cmfq2i5980001r6019dydmbbz,SPEAKING,2025-01-08T00:00:00.000Z,"Keynote: Teaching Tech Together: What’s Worked, What Hasn’t, and What’s Next","Greg and Yani shared their experience building and using T3

January 8, 2025   12:00 AM   Edinburgh Winter School / online",https://yabellini.netlify.app/talk/2025_edinburgh_winter_school/
cmfq2jxlz000csa01bran36dt,SPEAKING,2024-12-11T00:00:00.000Z,rOpenSci and the Peer-Review of Research Software,"I present rOpenSci and why is a good idea to participate in our Software Peer Review

December 11, 2024   12:00 AM   BioPackathon / Online (Japan)",https://yabellini.netlify.app/talk/2024_biopackhaton/
cmfo0i7vb0009rh018vqbctpe,BLOGPOST,2024-10-29T00:00:00.000Z,Measuring and Assessing Open Source Project Impact and Community Health. A CZI EOSS Community Call Resource,"Projects define and measure impact in a number of ways. In scientific OSS, impact is often defined as the intensity of usage in a given discipline: How much of the field and its work relies on scientists using the software? How critical is the software to advancing science in the domain? What other OSS projects depend on the software? What kinds of breakthroughs does the software enable that other options do not?",https://yabellini.netlify.app/blog/2024-10-29-impact/
cmfolbti6000asa01jr3iqzes,BLOGPOST,2025-06-23T00:00:00.000Z,Publication multilingue : Questions fréquemment posées,"Une liste de questions fréquemment posées sur notre programme multilingue et notre processus de traduction et de localisation, ainsi que nos meilleures réponses à ces questions.",https://ropensci.org/fr/blog/2025/06/23/publication-multilingue-faq/
cmfo0lo7k0003u001xykitn8d,BLOGPOST,2024-12-14T00:00:00.000Z,Project 4 - Community Events,"Program management and development are another set of core activities of a Community Manager. Programming, in this context, is the combination of activities in a community that supports members in realizing the community’s purpose together.

In this blog post, I share my work organizing events for rOpenSci.",https://yabellini.netlify.app/blog/2024-12-14-ropensci-2years-commevents-en/
cmfofninu000drh01x9i24it4,SPEAKING,2024-11-12T00:00:00.000Z,Keynote: The stories behind your community numbers,"The Bio Network for Training, BioNT consortium with all its international partners will host the second European CarpentryConnect event from November 12 to 14, 2024. This event will be happening alongside the BioNT community event, creating a great opportunity for collaboration and networking. It will be held at EMBL - Heidelberg in Germany

Yanina Bellini Saibene is presenting a keynote at the event around measuring outcomes, results, activities, and impact of communities of practice.",https://ropensci.org/events/carpentryconnect-2024/
cmfpfm3r80003pw0192553j9n,BLOGPOST,2025-07-03T00:00:00.000Z,Open Science with a Latin American Identity: Meet the New Cohort of the rOpenSci Champions Program,"We’re very excited to introduce the new rOpenSci Champions! This cohort will participate in the program and carry out their work in Spanish, allowing us to continue strengthening the open science and research software development community in this language. We’re excited about the projects they’ll be developing, which tackle real-world challenges across diverse disciplines and regions of Latin America.",https://ropensci.org/blog/2025/07/03/champions-2025/
cmfoftpip000erh015cfxh1yc,BLOGPOST,2025-01-24T00:00:00.000Z,Coworking Mini-Hackathon for First-Time Contributors,Summary of the community call From Novice to Contributor: Making and Supporting First-Time Contributions to FOSS and invitation to the mini-hackathons that comes after the community call for first time contributors.,https://ropensci.org/blog/2025/01/24/coworking-hackathons/
cmfo0nfzr0005sa01shigbm62,BLOGPOST,2024-12-14T00:00:00.000Z,Proyecto 4 - Eventos de la comunidad,"La gestión y desarrollo de programas son otro conjunto de actividades principales de una Community Manager. La programación, en este contexto, es la combinación de actividades en una comunidad que ayuda a los miembros a realizar juntos el propósito de la comunidad.

En este blog post, comparto mi trabajo organizando eventos para rOpenSci.",https://yabellini.netlify.app/blog/2024-12-14-ropensci-2years-commevents/
cmfq2br48000bsa018kzfsvqe,SPEAKING,2025-04-26T00:00:00.000Z,"Understanding Quarto Documents: Types, Formatting, and Creation","Yani Bellini Saibene present a workshop on Quarto documents for begginers.

April 26, 2025   12:00 AM   Unilorin (Africa) R User Group Meetup Series / online",https://yabellini.netlify.app/talk/2025_unilorin_rug/
cmfo0s3gn0001qu01i2f38k2l,BLOGPOST,2024-12-27T00:00:00.000Z,A Look Back at 2024,"A summary of my year, month by month.Another year, another opportunity to reflect. Grateful to still be here and for the people I shared the year with.",https://yabellini.netlify.app/blog/2024-12-27-lookingback2024/
cmfoh9pc9000frh01q2omcvok,BLOGPOST,2025-09-15T00:00:00.000Z,From Surviving to Thriving: A Convening to Reclaim and Sustain Open Science Communities,"Five leading open science organizations — The Carpentries, OLS, rOpenSci, pyOpenSci, and PREreview — are coming together for a strategic convening, supported by The Navigation Fund, to address shared challenges of underfunding, fragmentation, and unsustainable volunteer models.",https://ropensci.org/blog/2025/09/15/collaboration-communities/
cmfpfn4vy0009rn015kccxxsm,BLOGPOST,2025-07-03T00:00:00.000Z,Ciencia abierta con identidad latinoamericana: conocé al nuevo grupo de personas y proyectos del Programa de Campeon(e|a)s de rOpenSci,"Nos alegra muchísimo presentar a las nuevas personas que se suman como Campeones y Campeonas de rOpenSci. Este grupo experimentará el programa y trabajará en español, lo que nos permite seguir fortaleciendo la comunidad de ciencia abierta y desarrollo de software de investigación en este idioma. Nos llenan de entusiasmo los proyectos que van a desarrollar, que abordan desafíos reales desde distintas disciplinas y territorios de América Latina.
Te invitamos a conocer a cada una de estas personas y los proyectos en los que trabajaran a lo largo del programa.",https://ropensci.org/es/blog/2025/07/03/champions-2025/
cmfohe8tm0009sa01bjcfpj0y,BLOGPOST,2025-03-10T00:00:00.000Z,rOpenSci Champions Program 2025: In Spanish!,"We have great news: The call for applications to be part of the new cohort of our 2025 Program is now open! And for the first time it will be in Spanish!
Our program seeks to identify, recognize and reward people who are leaders in an open science community, research software engineering and the R programming community.
This year’s program is focused on people from Latin America and for the first time will be conducted entirely in Spanish. The main goal is to foster sustainable research software as a pillar of Open Science in Latin America through capacity and community building.
This program is an amazing platform for developing your open source project with the support of experts, interacting, sharing, and strengthening a network with other people also developing open and reproducible science in your part of the world.",https://ropensci.org/blog/2025/03/10/champeons-latin-america/
cmfo0t0dw0000pw01k8v1ayzh,BLOGPOST,2024-12-27T00:00:00.000Z,Una mirada retrospectiva al 2024,Un resumen de mi año mes a mes. Otro año que trae otra oportunidad para reflexionar. Agradecida de estar por aqui todavia y por las personas con las que comparti este año.,https://yabellini.netlify.app/blog/2024-12-27-lookingback2024-es/
cmfpgjii90004oq01fqc3pbsc,SPEAKING,2025-08-08T00:00:00.000Z,"Keynote: We R Together. How to learn, use and improve a programming language as a community.","Communities of practice are powerful spaces for learning, collaboration, and innovation—especially in the context of coding and data science. In this talk, I’ll share what I’ve learned from leading and supporting R communities, with concrete examples of strategies, content, and programs that encourage participation and skill-sharing. Informed by a range of approaches to community building, I’ll explore how collective efforts can strengthen not only technical skills, but also support long-term career growth and visibility. This talk will be relevant to anyone interested in creating more inclusive, sustainable, and impactful technical communities—across research, education, and open source.

useR! 2025: https://user2025.r-project.org/program/in-person/keynotes/yanina-bellini-saibene",https://yabellini.netlify.app/talk/2025_user2025/
cmfv3xhih0006pu018atlgi90,EVENT_ORGANIZATION,2025-12-01T00:00:00.000Z,LatinR 2025 - Latinamerican Conference About the Use of R in R&D,"Latinamerican Conference About the Use of R in R&D. December, 2025 - Online. 1-2Tutorials. 3-5 Conference. Around 800 attendees and trilingual content (Spanish, English and Portuguese)",https://latinr.org/en/
cmfv40g7y0006rm01y15j2ipq,ARTICLE_PUBLICATION,2024-11-19T00:00:00.000Z,Reemplazando la torre de Babel: herramientas para documentos multilingües en R,"Article published in LatinR 2024. Written by Maëlle Salmon, Yani Bellini Saibene, Pao Corrales, Elio Campitelli.",https://latinr.org/
cmfv42t8v000hsg01epqtqolu,ARTICLE_PUBLICATION,2024-11-20T00:00:00.000Z,inventarioRRNN. Un paquete de datos en R para abrir datos de recursos naturales de La Pampa. ,"Article published in LatinR 2024. Written by Juan Caldera and Yani Bellini Saibene.
Present an R Package that open the data of the Natural Resources of La Pampa province.",https://latinr.org/
cmg0txa45000wsa01ui0d4gbp,EVENT_ORGANIZATION,2025-09-24T00:00:00.000Z,Nerdearla Argentina 2025,My job was to review proposals to Open Source and Data traks.,https://nerdear.la/
cmg0u59d9000mqw01z58t4b8e,EVENT_ORGANIZATION,2025-09-24T00:00:00.000Z,From Novice to Contributor: Making and Supporting First-Time Contributions to FOSS,"Contributing to open source can be very rewarding, but also incredibly intimidating. When we asked about first time contributions on the rOpenSci Slack, people recalled the challenges and mistakes they made, but mostly how much they learned from and enjoyed that experience.
In this community call organized by Yani Bellini Saibene and moderated by Hugo Gruson, our speaker, Yaoxiang Li will discus the importance of tests with respect to first-time contributions, and share best practices and advanced techniques for supercharging R package quality with testthat, Pascal Burkhard will discuss the basic git skills that can help to make a first contribution, and Sunny Tseng will share practical advice for making first contributions, common challenges and how to overcome them.",https://ropensci.org/commcalls/first-time-contributor/
cmg0vwugr000hr801oti3i727,EVENT_ORGANIZATION,2025-07-21T00:00:00.000Z,"Session Open Science, R Packages, and Research Software Development","The 2025 CSID Network Annual General Meeting will take place in Thailand from July 20 to July 26, 2025. This event is an opportunity for members of the CSID Network to come together, share knowledge, and discuss the future of the network.
Yani Bellini Saibene will attend the event in person and will host a session on rOpenSci activities, tools and resources around research open source software, R package development and software peer review.",https://ropensci.org/events/csidnetwork-2025/
cmg0xlqea000nqw01p5s3p50r,EVENT_ORGANIZATION,2025-04-15T00:00:00.000Z,Clinica de Aplicación para el Programa de Campeon(e|a)s de rOpenSci,Two-hour application clinic for potential champions. In Spanish.,https://ropensci.org/events/clinica-champions-2025-04/
cmg0xi3qx000tr601grefj2zj,HACKATHON,2025-02-04T00:00:00.000Z,Coworking Mini-Hackathon for First-Time Contributors!,"Organizer of this event: first of two mini hackathons we’ll be hosting to Support First Time Contributors to Open Source Software. If you’re curious about contributing to Open Source Software, and would like some support to get started, this event is for you!
During this session you’ll join others making contributions to R packages while package maintainers and other mentors are available ’live’ to answer questions and give guidance.
We’ll also have a special Slack channel ready as a place for asynchronous questions during the event and in the week following.
These collaborative events are designed to help first-time contributors get started with open-source projects. Whether you’re improving documentation, reviewing translations, fixing bugs, or adding new features, our mentors will guide you every step of the way.
No prior experience required. Non-first time contributors are very welcome too—just bring your curiosity and enthusiasm!
",https://ropensci.org/events/coworking-2025-02/
cmg0xk7nx000ur601kbfxrk07,HACKATHON,2025-03-04T00:00:00.000Z,Coworking Mini-Hackathon for First-Time Contributors!,"Organizer of this second of two mini hackathons we’ll be hosting to Support First Time Contributors to Open Source Software. If you’re curious about contributing to Open Source Software, and would like some support to get started, this event is for you!
During this session you’ll join others making contributions to R packages while package maintainers and other mentors are available ’live’ to answer questions and give guidance.
We’ll also have a special Slack channel ready as a place for asynchronous questions during the event and in the week following.
These collaborative events are designed to help first-time contributors get started with open-source projects. Whether you’re improving documentation, reviewing translations, fixing bugs, or adding new features, our mentors will guide you every step of the way.
No prior experience required. Non-first time contributors are very welcome too—just bring your curiosity and enthusiasm!
Registration is appreciated but not required! Please fill out this short form to sign up.
If you register, we’ll send out reminders and more details about the event closer to the date.",https://ropensci.org/events/coworking-2025-03/
cmhafjuin0008t901xn44mrsi,OTHER,2025-05-23T00:00:00.000Z,Replications Project Advisory Board,"I'm part of the the Advisory Board for our UKRI-funded project, Enhancing the Visibility and Impact of Replication Studies in Social and Behavioural Sciences (run by Lukas Wallrich and Lukas Röseler at the Münster Center of Open Science, in close collaboration with FORRT). I was invited by my experience in creating inclusive developer communities and provide insights in the planing of hackathons and work to develop a community that makes replication studies more visible to researchers, peer reviewers, and educators.

About the Project
The project seeks to understand why replication studies often struggle to influence the belief in the claims they call into doubt (or support) – and to build a range of software tools to improve their visibility and increase impact. It includes three main strands:

Bibliometric analyses to identify when replications shift perceptions of original claims
Mixed-methods research to explore barriers to the use of replication findings
Tool development and evaluation to support greater visibility and use of replications
We’ve already compiled the largest database of replication studies in the social and behavioural sciences (Replication Hub) and are excited to build on this foundation.",https://forrt.org/
cmhal9pcz0004uh01674qrmrr,EVENT_ORGANIZATION,2025-09-02T00:00:00.000Z,Social Coworking and Office Hours - Improving accessibility in your work (rOpenSci),This co-working becomes part of the rOpenSci Champions Program training phase (which I lead)—hosted by Steffi LaZerte and Silvia Canelon. ,https://ropensci.org/events/coworking-2025-09/
cmhg8vuhk000pt901qzw9gwk4,OTHER,2025-08-01T00:00:00.000Z,"Profesora Curso ""Programación  II"" ' Universidad Austral","Utilizamos GitHub Classroom y enseñamos Git y Github como la forma de desarrollar soluciones de software juntos. Introducimos conceptos de IA para desarrollo de software.

Los conocimientos en programación son esenciales para la práctica de la ciencia de datos, que implica el manejo de grandes conjuntos de datos, junto con la creciente demanda de que los estudios sean reproducibles y abiertos. Con estas exigencias, quienes hacen ciencia de datos necesitan a menudo crear, utilizar y compartir software. Este software tiene características particulares, que están relacionadas en gran medida con la exploración de problemas y la respuesta a preguntas.

Este libro se desarrollo para la materia Introduccion a la Programacion II y cubre los fundamentos de la creación de software como parte desarrollo y ejecución de proyectos de ciencia de datos abiertos y reproducibles, tanto si la persona trabaja sola como si forma parte de un equipo.",https://intro-programacion.netlify.app/
cmhalgj8j0009t901vh057e2p,SPEAKING,2025-08-27T00:00:00.000Z,Desarrollar Software en Comunidad,"Training on git and GitHub to develop software together in Spanish.  Two meetings (August 20 and 27)
Part of the rOpenSci Champions Program Training. Co-teach with Paola Corrales and Elio Campitelli. ",https://paocorrales.github.io/git-desarrollo-software/
cmhg93ua00008nx01b6weae2l,EVENT_ORGANIZATION,2025-09-16T00:00:00.000Z,Desarrollo de paquetes para principiantes,Software development of R packages for begginers for the rOpenSci Champions Program )https://ropensci.org/champions/),https://desarrollo-paquetes-basico-2025.netlify.app/session-1/slides/#/
cmhg97fef0007t401l4yarmls,EVENT_ORGANIZATION,2025-09-23T00:00:00.000Z,Desarrollo de paquetes para principiantes: Testeo!,Package DEvelopment for begginers. Testing. for the rOpenSci Champions Program.,https://desarrollo-paquetes-basico-2025.netlify.app/session-2/slides/#/
cmhg9947r0009ov01bcappgb2,EVENT_ORGANIZATION,2025-09-30T00:00:00.000Z,Desarrollo de Paquetes para principiantes: documentacion,Packag development for begginers: documentation.  rOpenSci Champions Program.,https://desarrollo-paquetes-basico-2025.netlify.app/session-3/slides/#/
cmhg9b0v4000aov01g424g2kr,EVENT_ORGANIZATION,2025-09-02T00:00:00.000Z,"¡Código hermoso, porque lo valemos! ","Coding style. Trainig for rOpenSci champions, mentors and non-selected applicants to the champions program. ",https://codigo-hermoso.netlify.app/#/
cmhgbdyiz000apw01kioixnfa,EVENT_ORGANIZATION,2025-08-20T00:00:00.000Z,Intro: Desarrollando software en comunidad con git y GitHub,Two sessions of 2 hours to learn how to use version control (git) to develop software using GitHub. In Spanish and for the rOpenSci champions program.,https://paocorrales.github.io/git-desarrollo-software/
cmhgbj2il000qt9017kbvfou1,SPEAKING,2025-10-29T00:00:00.000Z,Cómo contribuir a proyectos y comunidades abiertas,Two community participation models and how to apply them to your software. for the rOpenSci Champions Program.,https://yabellini.github.io/osscontribuir/#/title-slide
cmhgbrobk000bpw01dxj2emrw,EVENT_ORGANIZATION,2025-11-06T00:00:00.000Z,Graceful Internet Packages,"Join us for our next Community Call, “Graceful Internet Packages,” featuring Matthias, Tan, and Salix. In this session, we’ll explore how to design and maintain R packages that interact with online data sources. Our speakers will share practical lessons, examples, and best practices to help R package developers create reliable packages.",https://ropensci.org/commcalls/graceful-internet-packages/
cmhrs9tu6000opw01msf3qgpr,EVENT_ORGANIZATION,2025-12-02T00:00:00.000Z,"¡Miércoles, Git! Manejo de errores en Git y no morir en el intento","Taller práctico para aprender a resolver 7 errores comunes (y de miércoles) en Git y ganar confianza desde R.  En LatinR 2025

Git es muy útil, por cierto. Pero también puede ser escalofriante cuando cometemos un error. Por suerte, con experiencia cometemos menos errores… y/o sabemos mejor cómo corregirlas! En este taller práctico aprenderemos a salir de siete posibles situaciones de mier…coles. Haremos siete ejercicios inspirados del sitio web Oh Shit, Git! y proporcionados por el paquete R {saperlipopette}. Al final de este taller, nos sentiremos más capaces de enfrentarnos a Git y a nuestra propia falibilidad.

Este taller está orientado a personas que ya tienen alguna experiencia usando control de versiones, aunque no hace falta ser experto o experta. Ideal para quienes quieren fortalecer su confianza y autonomía frente a situaciones difíciles.",https://www.eventbrite.cl/e/miercoles-git-manejo-de-errores-en-git-y-no-morir-en-el-intento-tickets-1937068908249?aff=oddtdtcreator
cmhgcauny000bov01z7q1z7pt,EVENT_ORGANIZATION,2025-12-02T00:00:00.000Z,¿Qué historia vas a contar hoy? Herramientas para una comunicación eficaz.,"En este tutorial, cada participante aprende a diseñar una presentación o charla con una estructura clara y un mensaje que genere impacto, utilizando recursos audiovisuales de manera estratégica. El objetivo es proporcionar herramientas prácticas para superar el bloqueo de la “hoja en blanco” y desarrollar una narrativa poderosa a través de la técnica del storytelling que permita alcanzar metas específicas: inspirar, conseguir apoyo para un proyecto, o simplemente comunicar una idea con confianza. A través de ejercicios prácticos, los asistentes podrán llevarse una idea de la estructura de una charla o presentación y la importancia de la práctica como paso fundamental para estar preparados.",https://www.eventbrite.cl/e/que-historia-vas-a-contar-hoy-herramientas-para-una-comunicacion-eficaz-tickets-1891497192019?aff=oddtdtcreator
cmhrsc9ra000jov01hftqjy4p,EVENT_ORGANIZATION,2025-12-01T00:00:00.000Z,LLMs en tu PC: Inteligencia Artificial Generativa en forma local.,"Workshop práctico sobre uso de LLMs locales con Ollama y ollamar: instalación, uso en R y análisis de textos sin conexión con German Rosati",https://www.eventbrite.cl/e/llms-en-tu-pc-inteligencia-artificial-generativa-en-forma-local-tickets-1953038152689?aff=oddtdtcreator
cmhgcg90s000cpw01kicy1mf8,EVENT_ORGANIZATION,2025-12-02T00:00:00.000Z,Automatización de workflows en R y Python con targets y snakemake,"La automatización de workflows es esencial para garantizar reproducibilidad, escalabilidad y eficiencia en proyectos de ciencia de datos. En este taller, exploraremos el uso de targets y snakemake, dos herramientas poderosas para la gestión de workflows en R y Python, en un entorno colaborativo y reproducible.

A través de ejemplos prácticos, los participantes aprenderán a:
- Diseñar workflows reproducibles utilizando targets en R.
- Integrar snakemake para coordinar tareas que utilizan scripts en R y Python.
- Implementar estrategias para manejar dependencias y optimizar la ejecución de procesos.

Al finalizar, los asistentes tendrán las habilidades necesarias para construir pipelines reproducibles y escalables que hagan transparentes todos los pasos de un flujo de análisis, desde la adquisición de datos hasta la generación de reportes, integrando múltiples lenguajes y herramientas.",https://www.eventbrite.cl/e/automatizacion-de-workflows-en-r-y-python-con-targets-y-snakemake-tickets-1936131664929?aff=oddtdtcreator
cmhrse6gt0006oj01d0t93kpg,EVENT_ORGANIZATION,2025-12-01T00:00:00.000Z,Crea tus propios inputs y outputs en Shiny,"Aprende a crear inputs y outputs personalizados en Shiny, integrando JavaScript y mejorando la interactividad y diseño de tus apps con Samuel Calderon.
",https://www.eventbrite.cl/e/crea-tus-propios-inputs-y-outputs-en-shiny-tickets-1955947434429?aff=oddtdtcreator
cmhrsisoc0000t001m4klsasn,EVENT_ORGANIZATION,2025-12-01T00:00:00.000Z,Forecasting with regression models,This workshop focuses on the foundation of feature-based forecasting with linear regression using R with Rami Krispin.,https://www.eventbrite.cl/e/forecasting-with-regression-models-tickets-1955640717029?aff=oddtdtcreator
cmhrsn3ud000ppw01k0fa8rj3,EVENT_ORGANIZATION,2025-12-01T00:00:00.000Z,Intro a Positron,"Veni a conocer Positron, el nuevo IDE basado en VS Code para ciencia de datos con R y Python. Simple, integrado y sin configuración extra con Paulo Villarroel Tapia.",https://www.eventbrite.cl/e/intro-a-positron-tickets-1964484827000?aff=oddtdtcreator
cmhrsqlao000qpw014pv96nle,EVENT_ORGANIZATION,2025-12-01T00:00:00.000Z,Introdución a Tidymodels,"Introducción práctica a tidymodels: flujo de trabajo de ML para la preparación, partición, ajuste y evaluación de modelos de clasificación o regresión, con Francisco Cardozo y Edgar Ruiz.",https://www.eventbrite.com.ar/e/1962543491413?aff=oddtdtcreator
cmgmj039h0004vw01g7bfenaw,EVENT_ORGANIZATION,2025-09-29T00:00:00.000Z,R-multiverse: a new way to publish R packages,"R-multiverse is a new dual repository for R packages, based on infrastructure from R-universe and GitHub. We would like to invite the developer community to contribute packages.
With R-multiverse, users have a central place for installing packages. Automated quarterly production snapshots enforce quality.
Package maintainers retain most of the freedom and flexibility of self-publishing. Maintainers directly control package releases through GitHub or GitLab.
R-multiverse originated from the R Consortium Repositories Working Group. It has transparent governance, and it operates in a collaborative and open way.
",https://ropensci.org/commcalls/r-multiverse/
cmhrsomab000ht401q9z6qpac,EVENT_ORGANIZATION,2025-12-01T00:00:00.000Z,Tableros con Quarto Dashboards y Crosswalk,"Tutorial sobre Quarto Dashboards y Crosswalk para crear tableros HTML estáticos, reproducibles y accesibles para visualización de datos con Betsi Cohen.",https://www.eventbrite.com.ar/e/1955757476259?aff=oddtdtcreator
cmhrss9l3000it401w7qu2v10,EVENT_ORGANIZATION,2025-12-02T00:00:00.000Z,Análisis y visualización de datos funcionales en R,"Taller práctico en R sobre análisis de datos funcionales: creación, manipulación y visualización con fda.usc, ggplot2 y plotly con Manuel Oviedo de la Fuente.",https://www.eventbrite.com.ar/e/1962639693155?aff=oddtdtcreator
cmhrsw7j5000jt4010yduj37l,EVENT_ORGANIZATION,2025-12-02T00:00:00.000Z,Análisis cualitativo para grandes volúmenes de texto con LLMs,"El desarrollo de la IA y los modelos generativos potencian el análisis cualitativo de textos para diversas disciplinas. Este tutorial aprovecha los créditos gratuitos de la API de Gemini de Google para enseñar a usar LLMs en R, un entorno amigable para el PLN. Se abordará un flujo de trabajo estructurado, desde el diseño y optimización de prompts y sus parámetros hasta la iteración en dataframes para obtener salidas estructuradas, limpiar datos y, finalmente, usar embeddings para visualizaciones. Con Ismael Aguayo y Exequiel Trujillo.",https://www.eventbrite.com.ar/e/analisis-cualitativo-para-grandes-volumenes-de-texto-con-llms-tickets-1962623150676?aff=oddtdtcreator
cmgmj2nhe002grm01rq0snpv9,HACKATHON,2025-02-04T00:00:00.000Z,Coworking Mini-Hackathon for First-Time Contributors,"with Yanina Bellini Saibene and Steffi LaZerte.
Join us for 2 hours Tuesday February 04, 09:00 Australian Western (01:00 UTC) for a special coworking event.
This is the first of two mini hackathons we’ll be hosting to Support First Time Contributors to Open Source Software. If you’re curious about contributing to Open Source Software, and would like some support to get started, this event is for you!
During this session you’ll join others making contributions to R packages while package maintainers and other mentors are available ’live’ to answer questions and give guidance.
We’ll also have a special Slack channel ready as a place for asynchronous questions during the event and in the week following.
These collaborative events are designed to help first-time contributors get started with open-source projects. Whether you’re improving documentation, reviewing translations, fixing bugs, or adding new features, our mentors will guide you every step of the way.
No prior experience required. Non-first time contributors are very welcome too—just bring your curiosity and enthusiasm!
Note that this event requires registration. Please fill out this short form to sign up.
We’ll send out reminders, some information to get you started, and a Zoom link closer to the date.
",https://ropensci.org/events/coworking-2025-02/
cmhrsxwxz000rpw01gd1cmvzw,EVENT_ORGANIZATION,2025-12-02T00:00:00.000Z,Coding with AI in RStudio,"Learn to use AI in RStudio to code faster: generate, debug, and package R scripts, build Shiny apps, and boost productivity with AI.
This hands-on tutorial will introduce R users to the transformative power of AI-assisted coding, specifically within the RStudio IDE. We will cover how to use AI-powered coding assistants to accelerate a variety of tasks, from generating boilerplate code and debugging scripts to building professional R packages.
with Juan Cruz Rodriguez and Luis Verde.
",https://www.eventbrite.com.ar/e/1962817615325?aff=oddtdtcreator
cmgmj3s5h0004tb01pu2sj8v2,HACKATHON,2025-03-04T00:00:00.000Z,Coworking Mini-Hackathon for First-Time Contributors,"with Yanina Bellini Saibene and Steffi LaZerte.
Join us for 2 hours Tuesday March 04, 14:00 European Central (13:00 UTC) for a special coworking event.
This is the second of two mini hackathons we’ll be hosting to Support First Time Contributors to Open Source Software. If you’re curious about contributing to Open Source Software, and would like some support to get started, this event is for you!
During this session you’ll join others making contributions to R packages while package maintainers and other mentors are available ’live’ to answer questions and give guidance.
We’ll also have a special Slack channel ready as a place for asynchronous questions during the event and in the week following.
These collaborative events are designed to help first-time contributors get started with open-source projects. Whether you’re improving documentation, reviewing translations, fixing bugs, or adding new features, our mentors will guide you every step of the way.
No prior experience required. Non-first time contributors are very welcome too—just bring your curiosity and enthusiasm!
Registration is appreciated but not required! Please fill out this short form to sign up.
If you register, we’ll send out reminders and more details about the event closer to the date.",https://ropensci.org/events/coworking-2025-03/
cmhrt4vec0001wb012snme9bi,BLOGPOST,2025-10-14T00:00:00.000Z,Recognition Beyond Blog Post Authors,"Recognizing the diverse forms of contributions to our mission is very important to us: we like thanking package reviewers and more generally all package contributors, organizations as well as individuals.
We have recently extended our efforts to acknowledging the different roles there are when publishing a blog post.",https://ropensci.org/blog/2025/10/14/blog-roles/
cmhrt6d7m0002wb010j02dnd3,BLOGPOST,2025-10-14T00:00:00.000Z,Reconnaissance au-delà des auteur·rice·s de billets de blog,"Reconnaître les diverses formes de contributions à notre mission est très importante pour nous : nous aimons remercier les personnes qui font la révision de paquets et plus généralement tous les contributeur·rice·s aux paquets, les organisations ainsi que les individus.
Nous avons récemment étendu nos efforts à la reconnaissance des différents rôles permettant la publication d’un article de blog.",https://ropensci.org/fr/blog/2025/10/14/reconnaissance-blog/
cmgmj96g30005vw0148uxwnxw,SPEAKING,2025-06-18T00:00:00.000Z,Desde hojas de calculo a R - Encuentro 1,Workshop to move from using spreadsheets to use R for agrocultural analysis for the R-Ladies Santa Rosa Chapter,https://www.meetup.com/rladies-santa-rosa/events/308228742/
cmgmjar2m0006vw01ijope4af,SPEAKING,2025-06-25T00:00:00.000Z,Desde hojas de calculo a R - Encuentro 2,Workshop to move from using spreadsheets to use R for agrocultural analysis for the R-Ladies Santa Rosa Chapter,https://www.meetup.com/rladies-santa-rosa/events/308229006/
cmgmjcvec0007vw01wvrq29j9,EVENT_ORGANIZATION,2025-10-24T00:00:00.000Z,"¡Miércoles, Git! Manejo de errores en Git y no morir en el intento","¡R en Buenos Aires y R-Ladies Santa Rosa te invitan al taller virtual sobre el uso de Git cuando todo parece salir mal! Aprenderemos a resolver siete situaciones comunes de error utilizando ejercicios prácticos inspirados en Oh Shit, Git! y el paquete R {saperlipopette}.
Este taller está orientado a personas que ya tienen alguna experiencia usando control de versiones, aunque no hace falta ser experto o experta. Ideal para quienes quieren fortalecer su confianza y autonomía frente a situaciones difíciles.",https://www.meetup.com/rladies-santa-rosa/events/308395195/
cmhrt5oj5000ku901xevsizjs,BLOGPOST,2025-10-14T00:00:00.000Z,Reconociendo contribuciones más allá de la autoría en los artículos de blog,"Reconocer las diversas formas de contribuciones a nuestra misión es muy importante para rOpenSci: nos gusta dar las gracias a quienes revisan paquetes y en general a todas las personas y organizaciones que contribuyen a los paquetes.
Recientemente hemos ampliado nuestros esfuerzos para reconocer las diferentes funciones que existen al publicar un artículo en nuestro blog.",https://ropensci.org/es/blog/2025/10/14/reconocimiento_blog/
cmgmk03so002hrm011z3fwcf0,OTHER,2025-10-11T00:00:00.000Z,Member Infrastructure Steering Committee R Consortium,We manage the RConsortium Grants for Infrastructure and decide on Top Level Projects. ,https://r-consortium.org/about/governance.html#infrastructure-steering-committee
cmfpfk32f0002pw01r67enm9v,BLOGPOST,2025-06-25T00:00:00.000Z,Announcing New Stats Software Peer Review Editors: Emi Tanaka and Nima Hejazi,Introducing two new members of the rOpenSci Software Peer Review editorial team.,https://ropensci.org/blog/2025/06/25/editors2025/
cmhrt97re000xt901bnhqfv6z,SPEAKING,2025-10-06T00:00:00.000Z,Big Team Collaboration on Data Management and Analysis with rOpenSci,"Liz Hare and Yanina Bellini Saibene will present on Big Team Collaboration on Software Peer Review with rOpenSci at the Big Team Science Conference 2025. Monday October 6 at 10.30 am UTC.
",https://ropensci.org/events/csidnetwork-2025/
cmhy24w3f000mue01i7fdks1c,ARTICLE_PUBLICATION,2025-11-13T00:00:00.000Z,Open Science & Open Source Ecosystem Map,"This page visualizes key organizations, platforms, and initiatives that make up the open science and open source ecosystem. Categories span community groups, infrastructure, funding, publishing, and beyond.",https://yabellini.github.io/opensiciencemapping/
cmgmk761s0008vw0112do3z6r,BLOGPOST,2025-09-30T00:00:00.000Z,rOpenSci Code of Conduct Committee Templates,rOpenSci has a stablish Code of Conduct Committee and process for their functioning. We use templates to support our work and we share these templates in this blog post.,https://ropensci.org/blog/2025/09/30/coc-templates/
cmhy276u0000vre01vhvea9sh,SPEAKING,2025-11-13T00:00:00.000Z,Connecting with the Larger Open Science Community,"Presentation: Identifying your Allies
• Mapping initiatives: How to identify and engage with relevant communities beyond your institution or close circles
I provide examples base in rOpenSci.",https://www.notion.so/Connecting-with-the-Larger-Open-Science-Community-25530b623ec8804ab5a3c1710b92c24e
cmgmkb4gx0007o401nt4c7sij,BLOGPOST,2023-09-26T00:00:00.000Z,Comment traduire un billet de blog Hugo avec Babeldown,"Dans cette note technique, nous allons montrer comment on peut utiliser babeldown pour traduire un article de blog Hugo !",https://ropensci.org/fr/blog/2023/09/26/comment_traduire_un_billet_de_blog_hugo_avec_babeldown/
