Nombre,Institucion.Evento,Ciudad,Lugar,Formato,Fecha,anio,Tipo,Cantidad,Rol,Links,title_clean
Informática para niños,Liceo Informático (Realicó-La Pampa).,"Ingeniero Luiggi, La Pampa",Argentina,In person,Abril-Diciembre 1994,1993,Course,7,Teacher,,informática para niños
Sistema Operativo,Liceo Informático (Realicó-La Pampa).,"Ingeniero Luiggi, La Pampa",Argentina,In person,Agosto-Diciembre 1993,1993,Course,7,Teacher,,sistema operativo
Base de Datos,Alumnos K-12. Liceo Informático (Realicó-La Pampa).,"Ingeniero Luiggi, La Pampa",Argentina,In person,Abril-Diciembre 1994 (Ing. Luiggi),1994,Course,17,Teacher,,base de datos
Informática para niños,Liceo Informático (Realicó-La Pampa).,"Ingeniero Luiggi, La Pampa",Argentina,In person,Abril-Diciembre 1994,1994,Course,12,Teacher,,informática para niños
Intro a la computación,IBM-Banco Nación.,"Ingeniero Luiggi, La Pampa",Argentina,In person,Agosto-Septiembre,1994,Course,5,Teacher,,intro a la computación
Sistema Operativo,Liceo Informático (Realicó-La Pampa).,"Ingeniero Luiggi, La Pampa",Argentina,In person,Abril-Diciembre 1994,1994,Course,9,Teacher,,sistema operativo
2das Jornadas sobre Informática- Educación y Sociedad,Liceo Informático II,Santa Rosa,Argentina,In person,31 de Oct. 1 de Nov,1996,Conference,80,Organizer,,2das jornadas sobre informática- educación y sociedad
Actividades Plásticas (Internet),Colegio Universitario Liceo Informático II,Santa Rosa,Argentina,In person,Marzo-Diciembre,1996,Course,27,Teacher,,actividades plásticas (internet)
Actividades Prácticas (Producción Multimedial),Colegio Universitario Liceo Informático II,Santa Rosa,Argentina,In person,Marzo-Diciembre,1996,Course,27,Teacher,,actividades prácticas (producción multimedial)
Introducción a la computación para niños,C.E.D.A.N.,Santa Rosa,Argentina,In person,Mayo-Noviembre 1996,1996,Course,18,Teacher,,introducción a la computación para niños
Operador de PC,C.E.D.A.N.,Santa Rosa,Argentina,In person,Mayo-Noviembre 1996,1996,Course,15,Teacher,,operador de pc
Arquitectura y Sistemas Operativos,Carrera de Analista de Sistemas. Colegio Universitario Liceo Informático II,Santa Rosa,Argentina,In person,Agosto-Diciembre,1996,Course,100,Teacher Assistant,,arquitectura y sistemas operativos
3ras Jornadas sobre Informática- Educación y Sociedad,Liceo Informático II,Santa Rosa,Argentina,In person,30 y 31 de Octubre de 1997,1997,Conference,80,Organizer,,3ras jornadas sobre informática- educación y sociedad
Actividades Plásticas (Internet),Colegio Universitario Liceo Informático II,Santa Rosa,Argentina,In person,Marzo-Diciembre,1997,Course,23,Teacher,,actividades plásticas (internet)
Actividades Prácticas (Producción Multimedial),Colegio Universitario Liceo Informático II,Santa Rosa,Argentina,In person,Marzo-Diciembre,1997,Course,23,Teacher,,actividades prácticas (producción multimedial)
Informática 7º año,Tercer ciclo EGB. Colegio Universitario Liceo Informático II,Santa Rosa,Argentina,In person,Marzo-Diciembre,1997,Course,26,Teacher,,informática 7º año
Informática 8º año,Tercer ciclo EGB. Colegio Universitario Liceo Informático II,Santa Rosa,Argentina,In person,Marzo-Diciembre,1997,Course,26,Teacher,,informática 8º año
Informática inicial para docentes,Docentes. Subsecretaria de Coordinación - Ministerio de Cultura y Educación - Prov. de La Pampa,Santa Rosa,Argentina,In person,Abril-Noviembre 1997,1997,Course,27,Teacher,,informática inicial para docentes
Informática inicial para niños,Alumnos K-12. Colegio Universitario Liceo Informático II,Santa Rosa,Argentina,In person,Abril-Noviembre 1997,1997,Course,15,Teacher,,informática inicial para niños
Multimedia Infantil,Alumnos K-12. Colegio Universitario Liceo Informático II,Santa Rosa,Argentina,In person,Abril-Noviembre 1997,1997,Course,15,Teacher,,multimedia infantil
Práctica Visual (Diseño Gráfico por Computadora) - 8º año,Tercer ciclo EGB. Colegio Universitario Liceo Informático II,Santa Rosa,Argentina,In person,Marzo-Diciembre,1997,Course,25,Teacher,,práctica visual (diseño gráfico por computadora) - 8º año
Técnicas de Multiprogramación,Carrera de Analista de Sistemas. Colegio Universitario Liceo Informático II,Santa Rosa,Argentina,In person,Marzo-Julio,1997,Course,68,Teacher Assistant,,técnicas de multiprogramación
Utilización Pedagógica de la Informática en Escuelas Primarias,Docentes. Subsecretaria de Coordinación - Ministerio de Cultura y Educación - Prov. de La Pampa,Santa Rosa,Argentina,In person,Abril-Mayo 1997,1997,Course,35,Teacher,,utilización pedagógica de la informática en escuelas primarias
Utilización Pedagógica de la Informática y Telemática en Escuelas de Nivel Medio,Docentes. Subsecretaria de Coordinación - Ministerio de Cultura y Educación - Prov. de La Pampa,Santa Rosa,Argentina,In person,Septiembre-Noviembre 1997,1997,Course,30,Teacher,,utilización pedagógica de la informática y telemática en escuelas de nivel medio
Informática 7º año,Tercer ciclo EGB. Colegio Universitario Liceo Informático II,Santa Rosa,Argentina,In person,Marzo-Diciembre,1998,Course,25,Teacher,,informática 7º año
Informática 8º año,Tercer ciclo EGB. Colegio Universitario Liceo Informático II,Santa Rosa,Argentina,In person,Marzo-Diciembre,1998,Course,25,Teacher,,informática 8º año
Internet en educación,4tas Jornadas sobre Informática- Educación y Sociedad,Santa Rosa,Argentina,In person,31 de Octubre y 1 de Noviembre de 1998,1998,Invited Talk,70,Speaker,,internet en educación
Internet y Correo Electrónico,Investigadores INTA. EEA Anguil,Anguil,Argentina,In person,septiembre 1998,1998,Course,32,Teacher,,internet y correo electrónico
Internet y Correo Electrónico,Investigadores INTA. EEA Anguil,Anguil,Argentina,In person,agosto 1998,1998,Course,58,Teacher,,internet y correo electrónico
Internet y Correo Electrónico,Investigadores INTA. EEA Anguil,Anguil,Argentina,In person,julio 1998,1998,Course,45,Teacher,,internet y correo electrónico
Práctica Visual (Diseño Gráfico por Computadora) - 8º año,Tercer ciclo EGB. Colegio Universitario Liceo Informático II,Santa Rosa,Argentina,In person,Marzo-Diciembre,1998,Course,25,Teacher,,práctica visual (diseño gráfico por computadora) - 8º año
Sistemas de Computación,Carrera de Analista de Sistemas. Colegio Universitario Liceo Informático II,Santa Rosa,Argentina,In person,Marzo-Julio,1998,Course,53,Teacher Assistant,,sistemas de computación
Capacitación en el uso del software de la encuesta AgroRADAR,Bolsa y Camara de Cereales de Bahia Blanca e INTA,EEA Anguil,Argentina,In person,abril 1999,1999,Course,18,Teacher,,capacitación en el uso del software de la encuesta agroradar
Estimaciones agricolas con imágenes satelitales,VII Jornadas Pampeanas de Ciencias Naturales,Consejo Profesional de Ciencias Naturales de La Pampa y Facultad de Ciencias Exactas y Naturales- UNLPam,Argentina,In person,diciembre 1999,1999,Lightning talk,30,Speaker,,estimaciones agricolas con imágenes satelitales
SIG y Teledetección,73º Exposición Rural- Comercial e Industrial de la Asociación Agrícola Ganadera de La Pampa-,Santa Rosa,Argentina,In person,septiembre de 1999,1999,Exhibition,200,Speaker,,sig y teledetección
AgroRADAR,VII Encuentro de la Asociación Panamericana De Bolsas De Productos,Buenos Aires- Argentina,Latin America,In person,15- 16 y 17 de Noviembre de 2000,2000,Invited Talk,200,Speaker,,agroradar
Bases de Datos y SQL,EEA Anguil,Anguil- La Pampa,Argentina,In person,marzo 2000,2000,Course,10,Teacher,,bases de datos y sql
Los números del Girasol en La Pampa,Jornada Presente y Futuro del Girasol para la región subhumeda y semiárida pampeana,Santa Rosa,Argentina,In person,1 de septiembre de 2000,2000,Invited Talk,200,Speaker,,los números del girasol en la pampa
SIG y Teledetección,74º Exposición Rural- Comercial e Industrial de la Asociación Agrícola Ganadera de La Pampa,Santa Rosa,Argentina,In person,7 y 8 de Octubre de 2000,2000,Exhibition,200,Speaker,,sig y teledetección
Sistemas de Procesamiento de Datos,Carrera Auditoria Bancaria,CENT N°1. Santa Rosa,Argentina,In person,Marzo-Diciembre 2000,2000,Course,32,Teacher,,sistemas de procesamiento de datos
Teledetección en el Agro,Exposición Rural de Realico,Realicó,Argentina,In person,15- 16 y 17 de Septiembre de 2000,2000,Exhibition,200,Speaker,,teledetección en el agro
Manejo de la Información de AgroRADAR,Ronda de Trigo 2001,Este de La Pampa-Suroeste de Buenos Aires,Argentina,In person,12 al 16 de Noviembre de 2001,2001,Exhibition,80,Organizer,,manejo de la información de agroradar
Sistemas de Información Geográficos en el Agro,75º Exposición Rural- Comercial e Industrial de la Asociación Agrícola Ganadera de La Pampa,Santa Rosa,Argentina,In person,7 y 8 de Octubre de 2001,2001,Exhibition,200,Speaker,,sistemas de información geográficos en el agro
Jornada de Calidad Agroalimentaria y Trazabilidad,Profesionales,EEA INTA Anguil. Anguil- La Pampa,Argentina,In person,15 de agosto de 2002,2002,Conference,70,Organizer,,jornada de calidad agroalimentaria y trazabilidad
Jornada de Sustentabilidad e Incertidumbre,Profesionales,EEA INTA Anguil. Anguil- La Pampa,Argentina,In person,13 de junio de 2002,2002,Conference,60,Organizer,,jornada de sustentabilidad e incertidumbre
Manejo de la Información de AgroRADAR,Ronda de Girasol 2002,Este de La Pampa-Suroeste de Buenos Aires,Argentina,In person,26 de Febrero al 1 de Marzo 2002,2002,Exhibition,50,Organizer,,manejo de la información de agroradar
Manejo de la Información de AgroRADAR,Ronda de Trigo 2002,Este de La Pampa-Suroeste de Buenos Aires,Argentina,In person,25 al 29 de Noviembre de 2002,2002,Exhibition,100,Organizer,,manejo de la información de agroradar
Manejo de la Información de AgroRADAR,Ronda del Puerto 2002,Bahía Blanca,Argentina,In person,8 de octubre de 2002,2002,Exhibition,60,Organizer,,manejo de la información de agroradar
AgroRADAR,1º Congreso Sobre Producción de Origen Agropecuario del SE Pampeano,Necochea,Argentina,In person,28 de Enero al 4 de Febrero de 2003,2003,Invited Talk,70,Speaker,,agroradar
Aspectos Tecnológicos y Productivos- Almacenaje Comercial e Integración en un SIG,Curso de Posgrado “Especialización en Siembra Directa”.,Facultad de Agronomía de la Universidad de Buenos Aires.,Latin America,In person,noviembre 2003,2003,Course,48,Teacher,,aspectos tecnológicos y productivos- almacenaje comercial e integración en un sig
Manejo de la Información de AgroRADAR,Ronda de Trigo 2003,Este de La Pampa-Suroeste de Buenos Aires,Argentina,In person,24 al 28 de Noviembre de 2003,2003,Exhibition,80,Organizer,,manejo de la información de agroradar
Programando Microsoft SQL Server 2000,EEA Anguil,Anguil- La Pampa,Argentina,In person,24 al 28 de noviembre de 2003,2003,Course,21,Teacher,,programando microsoft sql server 2000
Área Estratégica Tecnología de la Información,INTA Expone 2004,Oliveros (Santa Fé),Argentina,In person,28 al 30 de Octubre del 2004,2004,Exhibition,2000,Organizer,,área estratégica tecnología de la información
Manejo de la Información de AgroRADAR,IV Ronda de trigo 2004,Este de La Pampa-Suroeste de Buenos Aires,Argentina,In person,29 de Noviembre al 3 de Diciembre del 2004,2004,Exhibition,90,Organizer,,manejo de la información de agroradar
Programación de Microsoft SQL Server 2000 con ASP.NET,Informáticos INTA,EEA Anguil,Argentina,In person,22 al 26 de Marzo 2004,2004,Course,23,Teacher,,programación de microsoft sql server 2000 con asp.net
Operación del sistema de carga y consulta de Agroprecipitaciones Web del proyecto RIAP,Profesionales de INTA,EEA Anguil,Argentina,In person,6 y 7 de Septiembre de 2005,2005,Course,7,Teacher,,operación del sistema de carga y consulta de agroprecipitaciones web del proyecto riap
Sistema de Carga y Consulta Informe Agronómico Mensual,Profesionales de INTA,EEA Anguil,Argentina,In person,2 y 3 de Noviembre de 2005,2005,Course,18,Teacher,,sistema de carga y consulta informe agronómico mensual
,IX Congreso Argentino de Meteorología. Congremet IX,Buenos Aires- Argentina,Argentina,In person,3 al 7 de octubre de 2005,2005,Lightning talk,48,Speaker,,
Área Estratégica Tecnología de la Información,INTA Expone 2006,General Roca (Río Negro),Argentina,In person,10- 11 y 12 de Noviembre 2006,2006,Exhibition,2000,Organizer,,área estratégica tecnología de la información
Ganadería y Sistemas Mixtos en Siembra Directa,Curso de Posgrado “Especialización en Siembra Directa”.,Facultad de Agronomía de la Universidad de Buenos Aires.,Latin America,In person,noviembre de 2006,2006,Course,56,Teacher,,ganadería y sistemas mixtos en siembra directa
Bases para la implementación de un Sistema de Información Agropecuaria en Red,Profesionales Venezolanos,La Pampa,Latin America,In person,octubre de 2007,2007,Course,26,Teacher,,bases para la implementación de un sistema de información agropecuaria en red
Caracterización tecnológica del cultivo de Girasol,IV Congreso Argentino de Girasol. ASAGIR,Santa Rosa,Argentina,In person,mayo 2007,2007,Invited Talk,100,Speaker,,caracterización tecnológica del cultivo de girasol
Hacia la nueva conectividad del INTA,Jornada Nacional INTA,Buenos Aires,Argentina,In person,27 y 28 de Noviembre de 2007,2007,Regular Talk,300,Speaker,,hacia la nueva conectividad del inta
Las tecnologías de la información en la EEA INTA Anguil,Quinta semana de la ciencia y la tecnología,Liceo Informático II. Santa Rosa,Argentina,In person,8 al 15 de junio de 2007,2007,Invited Talk,35,Speaker,,las tecnologías de la información en la eea inta anguil
Introducción a Internet y Word,EEA Anguil,Anguil- La Pampa,Argentina,In person,19 y 20 de Noviembre de 2008,2008,Course,53,Teacher,,introducción a internet y word
Sistema de Información  “Informe Agronómico Mensual”,Jornadas de Informática Industrial – Agroinformática. JAIIO 2008,Santa Fé.,Argentina,In person,8 al 12 de septiembre de 2008,2008,Regular Talk,100,Speaker,https://yabellini.netlify.app/talk/2008_si_rian/,sistema de información  “informe agronómico mensual”
VII Congreso Nacional de Trigo. V Simposio Nacional de Cereales de Siembra de Otoño-Invernal. I encuentro del Mercosur. 2007-2008,Profesionales,INTA La Pampa- Facultad de Agronomía de la Universidad Nacional de La Pampa.,Argentina,In person,,2008,Conference,250,Organizer,,vii congreso nacional de trigo. v simposio nacional de cereales de siembra de otoño-invernal. i encuentro del mercosur. 2007-2008
Alarmas Agropecuarias a Teléfonos Celulares,Universidad Catolica Argentina,Buenos Aires,Argentina,In person,12/08/2008,2008,Invited Talk,80,Speaker,https://yabellini.netlify.app/talk/2008_alarmas-uca/,alarmas agropecuarias a teléfonos celulares
Un Sistema de Información para el Inventario de Malezas en Girasol en la Provincia de La Pampa,Jornadas de Informática Industrial – Agroinformática. JAIIO 2008,Santa Fé.,Argentina,In person,8 al 12 de septiembre de 2008,2008,Regular Talk,100,Speaker,https://yabellini.netlify.app/talk/2008_cai_malezas/,un sistema de información para el inventario de malezas en girasol en la provincia de la pampa
Catálogo de Datos Georreferenciados del INTA,Jornadas de Informática Industrial – Agroinformática. JAIIO 2008,Santa Fé.,Argentina,In person,8 al 12 de septiembre de 2008,2008,Regular Talk,100,Speaker,https://yabellini.netlify.app/talk/2008_cai_geointa/,catálogo de datos georreferenciados del inta
"Red de Estaciones Meteorológicas Automáticas de la Estación Experimental Agropecuaria Anguil, La Pampa",Jornadas de Informática Industrial – Agroinformática. JAIIO 2008,Santa Fé.,Argentina,In person,8 al 12 de septiembre de 2008,2008,Regular Talk,100,Speaker,https://yabellini.netlify.app/talk/2008_agromet_anguil/,"red de estaciones meteorológicas automáticas de la estación experimental agropecuaria anguil, la pampa"
Red Termopluviométrica de la Red de Información Agropecuaria Nacional (RIAN),Jornadas de Informática Industrial – Agroinformática. JAIIO 2008,Santa Fé.,Argentina,In person,8 al 12 de septiembre de 2008,2008,Regular Talk,100,Speaker,https://yabellini.netlify.app/talk/2008_agromet_rian/,red termopluviométrica de la red de información agropecuaria nacional (rian)
Atlas Argentino de Fitopatología,I Congreso Argentino de AgroInformática,Mar del Plata (Buenos Aires),Argentina,In person,24 al 28 de Agosto de 2009,2009,Regular Talk,200,Speaker,,atlas argentino de fitopatología
Bases para la implementación de un Sistema de Información Agropecuaria en Red,Profesionales Venezolanos,La Pampa,Latin America,In person,junio de 2009,2009,Course,21,Teacher,,bases para la implementación de un sistema de información agropecuaria en red
El RADAR Meterológico de la EEA Anguil,Jornadas de actualización para profesionales sobre conservación de suelos.,EEA Anguil,Argentina,In person,01/12/2009,2009,Invited Talk,27,Speaker,,el radar meterológico de la eea anguil
Jornada de Capacitación sobre Búsqueda en Google,INTA Central,Buenos Aires,Argentina,In person,9 de octubre de 2009,2009,Course,35,Teacher,,jornada de capacitación sobre búsqueda en google
Sistemas de información y base de datos de uso agropecuario,Venezuela,Caracas,Venezuela,In person,2009,2009,Course,70,Teacher,,sistemas de información y base de datos de uso agropecuario
Taller Nacional “Capacitación del Atlas Fitopatológico Argentino”.,Participantes del Atlas,Córdoba,Argentina,In person,18 y 19 de Noviembre de 2009.,2009,Course,47,Teacher,,taller nacional “capacitación del atlas fitopatológico argentino”.
,Jornada sobre Cambio Climático y Producción Agropecuaria.,,Argentina,In person,27 de marzo de 2009.,2009,Invited Talk,50,Speaker,,
Alarmas Agropecuarias a Teléfonos Celulares,39 JAIIO- Simposio de Informática en el Estado,Buenos Aires,Latin America,In person,30 de Agosto al 3 de Septiembre de 2010,2010,Regular Talk,80,Speaker,,alarmas agropecuarias a teléfonos celulares
Información para la gestión del sistema de transferencia y extensión del INTA,39 JAIIO- Simposio de Informática en el Estado,Buenos Aires,Latin America,In person,30 de Agosto al 3 de Septiembre de 2010,2010,Regular Talk,80,Speaker,,información para la gestión del sistema de transferencia y extensión del inta
INTRANET: herramientas de comunicación interna y gestión,EEA Anguil,Anguil- La Pampa,Argentina,In person,28 de Abritl de 2010,2010,Course,32,Teacher,,intranet: herramientas de comunicación interna y gestión
INTRANET: herramientas de comunicación interna y gestión,EEA Villa Mercedes,Villa Mercedes- San Luis,Argentina,In person,21 de abril de 2010,2010,Course,37,Teacher,,intranet: herramientas de comunicación interna y gestión
La importancia de cuantificar el recurso climático y el uso de los datos,conferencia pública por el día nacional del agua organizada por la Secretaría de Recursos Hídricos de La Pampa,Santa Rosa,Argentina,In person,31/03/2010,2010,Invited Talk,35,Speaker,,la importancia de cuantificar el recurso climático y el uso de los datos
RIAN- una red que nos puede contener a todos,Jornada de trabajo de asistentes de planificación institucional,EEA INTA Anguil,Argentina,In person,noviembre 2010,2010,Regular Talk,32,Speaker,,rian- una red que nos puede contener a todos
Sistema de Información “Informe de Estado Hídrico de Suelos”,39 JAIIO- Congreso Argentino de Agro informática,Buenos Aires,Latin America,In person,30 de Agosto al 3 de Septiembre de 2010,2010,Regular Talk,200,Speaker,,sistema de información “informe de estado hídrico de suelos”
Usos del RADAR Meteorológico en agricultura,Jornadas de Pronósticos Meteorológicos: conocimiento- usos y aprovechamiento.,Macachín,Argentina,In person,02/06/2010,2010,Invited Talk,100,Speaker,,usos del radar meteorológico en agricultura
Área Estratégica Tecnología de la Información,INTA Expone 2011,Marcos Juárez (Córdoba),Argentina,In person,abril 2011,2011,Exhibition,2000,Organizer,,área estratégica tecnología de la información
Data Mining: el que busca encuentra,INTA Expone 2011 Región Pampeana,Córdoba,Argentina,In person,01/12/2011,2011,Podcast,2000,Speaker,https://inta.gob.ar/videos/data-mining-el-que-busca-encuentra,data mining: el que busca encuentra
El uso de AgroTICs para generar las cartas agroclimáticas de la provincia de La Pampa,Congreso Argentino de Agroinformática. 40 JAIIO,,Latin America,In person,29 de Agosto al 2 de Septiembre de 2011,2011,Regular Talk,70,Speaker,,el uso de agrotics para generar las cartas agroclimáticas de la provincia de la pampa
Equipos interdisciplinarios en Agroinformática,Panel Sistemas de gestión y control,Congreso de AgroInformática 2011,Latin America,In person,agosto 2011,2011,Keynote,70,Speaker,https://docs.google.com/presentation/d/1OL-u7zuH33mlE_ulPAZ8OZFws__CrHjp29HgZyTMTCk/,equipos interdisciplinarios en agroinformática
Manuales de campo de la RIAN para dispositivos móviles,Congreso Argentino de Agroinformática. 40 JAIIO,,Latin America,In person,29 de Agosto al 2 de Septiembre de 2011,2011,Regular Talk,70,Speaker,,manuales de campo de la rian para dispositivos móviles
Red de Información Agropecuaria Nacional,Expo Ternero 2011,General Acha- La Pampa- Argentina,Argentina,In person,octubre 2011,2011,Invited Talk,50,Speaker,,red de información agropecuaria nacional
7mo Congreso Argentino de Agroinformática. 42 JAIIO.,INTA-SADIO,Córdoba.,Latin America,In person,16 al 20 de septiembre de 2013.,2013,Conference,200,Organizer,,7mo congreso argentino de agroinformática. 42 jaiio.
Área Estratégica Tecnología de la Información,INTA Expone 2013,Patagonia Sur-Trelew (Chubut),Argentina,In person,4 al 6 de Octubre de 2013,2013,Exhibition,2000,Organizer,,área estratégica tecnología de la información
Funcionamiento del RADAR Meteorológico de la EEA Anguil.,Alumnos del colegio Secundario Liceo Informático II en visita a la EEA Anguil.,EEA Anguil,Argentina,In person,octubre de 2013.,2013,Regular Talk,18,Speaker,,funcionamiento del radar meteorológico de la eea anguil.
Identificación de sistemas productivos preponderantes en una zona de la provincia de la pampa utilizando técnicas de datamining,Congreso Argentino de Agroinformática. 42 JAIIO,Córdoba,Latin America,In person,16 al 20 de Septiembre de 2013,2013,Regular Talk,20,Speaker,,identificación de sistemas productivos preponderantes en una zona de la provincia de la pampa utilizando técnicas de datamining
INTA- SIG,Exposición Rural- Comercial e Industrial de la Asociación Agrícola Ganadera de La Pampa,Santa Rosa,Argentina,In person,Octubre,2013,Exhibition,200,Speaker,,inta- sig
VI Congreso Nacional- III del Mercosur y II Jornada Técnica de Productores sobre Manejo de Pastizales Naturales.2013. La Pampa.,Profesionales,INTA,Latin America,In person,La Pampa 2013,2013,Conference,200,Organizer,,vi congreso nacional- iii del mercosur y ii jornada técnica de productores sobre manejo de pastizales naturales.2013. la pampa.
AgroTICs,Consejo Regional La Pampa San Luis,"Anguil, La Pampa",Argentina,In person,agosto 2013,2013,Invited Talk,25,Speaker,,agrotics
1ra conferencia y coloquio Gestión y uso de grandes datos aplicados al sector agropecuario y al manejo de los recursos naturales,INTA y Universidad Nacional de La Pampa,Santa Rosa,Argentina,In person,Santa Rosa- La Pampa - 3/12/2014,2014,Conference,38,Organizer,,1ra conferencia y coloquio gestión y uso de grandes datos aplicados al sector agropecuario y al manejo de los recursos naturales
INTA. AgroTICs,Exposición Rural- Comercial e Industrial de la Asociación Agrícola Ganadera de La Pampa,Santa Rosa,Argentina,In person,Octubre,2014,Exhibition,200,Speaker,,inta. agrotics
Las nuevas tecnologías de la información y comunicación (NTICs): un puente para describir nuevos mundos.,Jornada: Editoriales Puertas Abiertas. Vieja Usina,Santa Rosa,Argentina,In person,16 de junio de 2014.,2014,Invited Talk,45,Speaker,https://youtu.be/uSRQR4TistA,las nuevas tecnologías de la información y comunicación (ntics): un puente para describir nuevos mundos.
Sistema de Información del Seguimiento Semanal de los Sistemas de Producción,6º Congreso Argentino de AgroInformática,43 JAIIO,Latin America,In person,01/09/2014,2014,Regular Talk,80,Speaker,,sistema de información del seguimiento semanal de los sistemas de producción
,,Universidad de Palermo- Buenos Aires- Argentina,Argentina,In person,1 al 5 de Septiembre de 2014,2014,Regular Talk,70,Speaker,,
16º Argentine Symposium on Artificial Intelligence. Argentina Expositora.,ASAE-JAIIO,Rosario- Santa Fe- Argentina.,Latin America,In person,31 de agosto de 2015.,2015,Regular Talk,100,Speaker,,16º argentine symposium on artificial intelligence. argentina expositora.
2da conferencia y coloquio Gestión y uso de grandes datos aplicados al sector agropecuario y al manejo de los recursos naturales,INTA y Universidad Nacional de La Pampa,Santa Rosa,Argentina,In person,Santa Rosa- La Pampa - 3/10/2015,2015,Conference,43,Organizer,,2da conferencia y coloquio gestión y uso de grandes datos aplicados al sector agropecuario y al manejo de los recursos naturales
9º Simposio Argentino de Informática en el Estado. Expositora.,SADIO,Rosario- Santa Fe- Argentina.,Latin America,In person,2-3 y 4 de Septiembre de 2015,2015,Regular Talk,100,Speaker,,9º simposio argentino de informática en el estado. expositora.
AGRANDA Primer simposio argentino de grandes datos. Expositora.,SADIO,Rosario- Santa Fe- Argentina.,Latin America,In person,1 y 2 de Septiembre de 2015.,2015,Regular Talk,100,Speaker,,agranda primer simposio argentino de grandes datos. expositora.
Uso del radar meteorológico y Data Mining para la clasificación de granizo,Compañías de Seguro Agricolas,Rosario- Santa Fe,Latin America,In person,11 de junio de 2015.,2015,Regular Talk,12,Speaker,,uso del radar meteorológico y data mining para la clasificación de granizo
Clasificación de granizo en superficie usando técnicas de minería de datos y datos de radar meteorológico.,ASAI 2015,44 JAIIO,Latin America,In person,03/09/2015,2015,Regular Talk,50,Speaker,,clasificación de granizo en superficie usando técnicas de minería de datos y datos de radar meteorológico.
Espacios de colaboración: la nueva Intranet de INTA,EEA Anguil,Anguil,Argentina,In person,16 de septiembre de 2015,2015,Course,30,Teacher,,espacios de colaboración: la nueva intranet de inta
El valor del acceso al conocimiento digitalizado en la toma de decisiones,,Anguil,Argentina,In person,19/08/2015,2015,Panel,35,Organizer,https://inta.gob.ar/noticias/seminario-interno-el-valor-del-acceso-al-conocimiento-digitalizado-en-la-toma-de-decisiones,el valor del acceso al conocimiento digitalizado en la toma de decisiones
GeoINTA: la infraestructura de datos espaciales del INTA,Santa Rosa,,Argentina,In person,11 y 12 de Diciembre 2015,2015,Regular Talk,67,Speaker,,geointa: la infraestructura de datos espaciales del inta
Hacia una Arquitectura de Procesamiento de Datos del RADAR Meteorológico de INTA Anguil.,SIE 2015 - 9º Simposio de Informática en el Estado,44 JAIIO,Latin America,In person,04/09/2015,2015,Regular Talk,60,Speaker,,hacia una arquitectura de procesamiento de datos del radar meteorológico de inta anguil.
INTA. AgroTICs,Exposición Rural- Comercial e Industrial de la Asociación Agrícola Ganadera de La Pampa,Santa Rosa,Argentina,In person,Octubre,2015,Exhibition,200,Speaker,,inta. agrotics
Síntesis de una Arquitectura de Procesamiento de Datos del RADAR Meteorológico de INTA Anguil.,AGRANDA 2015,44 JAIIO,Latin America,In person,02/09/2015,2015,Lightning talk,30,Speaker,,síntesis de una arquitectura de procesamiento de datos del radar meteorológico de inta anguil.
,CONGREMET,Mar del Plata,Latin America,In person,26 al 29 de Mayo de 2015,2015,Lightning talk,50,Speaker,,
8vo Congreso Argentino de AgroInformática. 43 JAIIO,SADIO-INTA,Buenos Aires,Latin America,In person,5 y 6 de Septiembre de 2016,2016,Conference,200,Chair,,8vo congreso argentino de agroinformática. 43 jaiio
Introducción a la gestión de contenidos del sitio web de INTA,EEA Anguil,Anguil- La Pampa,Argentina,In person,abril 2016,2016,Course,15,Teacher,,introducción a la gestión de contenidos del sitio web de inta
Introducción al Uso y Administración de espacios de colaboración de INTA,EEA Anguil,Anguil- La Pampa,Argentina,In person,Junio a Agosto de 2016.,2016,Course,35,Teacher,,introducción al uso y administración de espacios de colaboración de inta
Turismo y Redes Sociales,Grupos de Cambio Rural sobre Turismo Rural y autoridades provinciales de la Dirección de Turismo de La Pampa.,Santa Rosa- La Pampa,Argentina,In person,2016,2016,Course,13,Teacher,,turismo y redes sociales
El uso de geotecnologías para el manejo de información agropecuaria,,Santa Rosa- La Pampa.,Argentina,In person,17 y 18/11/2016,2016,Keynote,100,Speaker,,el uso de geotecnologías para el manejo de información agropecuaria
GeoINTA: aprovechando los mapas del INTA en Internet.,,Santa Rosa,Argentina,In person,19/04/2016,2016,Podcast,1000,Speaker,https://inta.gob.ar/audios/yanina-bellini-geointa-aprovechando-los-mapas-del-inta-en-internet,geointa: aprovechando los mapas del inta en internet.
GeoINTA: compartiendo datos por medio de la Infraestructura de Datos Espaciales del INTA,10° Simposio de Informática en el Estado - SIE,Buenos Aires- Argentina.,Latin America,In person,7 al 9 de Septiembre de 2016.,2016,Regular Talk,70,Speaker,,geointa: compartiendo datos por medio de la infraestructura de datos espaciales del inta
INTA. Radar Meteorologico,Exposición Rural- Comercial e Industrial de la Asociación Agrícola Ganadera de La Pampa,Santa Rosa,Argentina,In person,Octubre,2016,Exhibition,200,Speaker,,inta. radar meteorologico
La industria espacial al servicio del agro,,Santa Rosa,Argentina,In person,10/11/2016,2016,Podcast,1000,Speaker,https://inta.gob.ar/audios/la-industria-espacial-al-servicio-del-agro,la industria espacial al servicio del agro
La tarea del INTA en La Pampa,Facultad de Ciencias Humanas. Universidad Nacional de La Pampa,Santa Rosa,Argentina,In person,9 de noviembre de 2016.,2016,Invited Talk,18,Speaker,,la tarea del inta en la pampa
Propuesta para una Infraestructura de Datos Agropecuarios del Instituto Nacional de Tecnología Agropecuaria (INTA),AGRANDA Segundo simposio argentino de grandes datos.,Buenos Aires- Argentina.,Latin America,In person,6 y 7 de Septiembre de 2016.,2016,Lightning talk,60,Speaker,,propuesta para una infraestructura de datos agropecuarios del instituto nacional de tecnología agropecuaria (inta)
Radar Meteorológico,Radio con Voz/s,Santa Rosa,Argentina,In person,17/05/2016,2016,Podcast,500,Speaker,https://inta.gob.ar/audios/radar-meteorologico,radar meteorológico
Sistema de Información y base de datos para el inventario de recursos naturales de La Pampa,10º Simposio Argentino de Informática en el Estado.,Buenos Aires- Argentina.,Latin America,In person,7 al 9 de Septiembre de 2016.,2016,Regular Talk,70,Speaker,,sistema de información y base de datos para el inventario de recursos naturales de la pampa
Radar Meteorologico de INTA,De Frente al Campo,Santa Rosa,Argentina,In person,04/06/2016,2016,Podcast,2000,Speaker,https://youtu.be/WA9jZdrNqOs?si=ooZtlzZo7tmeDDE1,radar meteorologico de inta
9vo Congreso Argentino de AgroInformática. 44 JAIIO,SADIO-INTA.-UNC. Córdoba,Córdoba,Latin America,In person,7 y 8 de Septiembre de 2017,2017,Conference,200,Chair,,9vo congreso argentino de agroinformática. 44 jaiio
Agro geotecnologías: sobre estrellas y semillas,INTA-LANIC,San Luis- Argentina,Latin America,In person,05/12/2017,2017,Keynote,200,Speaker,https://yabellini.netlify.app/talk/2017_nic_latam/,agro geotecnologías: sobre estrellas y semillas
Agroinformática- el uso de la ciencia de los datos aplicada al sector agro para adquirir un mayor conocimiento,,Santa Rosa,Argentina,In person,29/06/2017,2017,Podcast,100,Speaker,https://inta.gob.ar/audios/entrevista-a-lic-en-sistemas-de-informacion-yanina-bellini-investigadora-de-estacion-experimental-de-inta-anguil-agroinformatica-el-uso-de-la-ciencia-de-los-datos-aplicada-al-sector-agro-para,agroinformática- el uso de la ciencia de los datos aplicada al sector agro para adquirir un mayor conocimiento
Caracterización de sistemas productivos pampeanos,EEA Anguil. Cambio Rural.,Anguil-Santa Rosa-Toay,Argentina,In person,02/06/2017,2017,Regular Talk,9,Speaker,https://inta.gob.ar/noticias/caracterizacion-de-sistemas-productivos-pampeanos,caracterización de sistemas productivos pampeanos
AgroMinería de Datos,Instituto Tecnológico de Educación Superior,Santa Rosa,Argentina,In person,22 de junio de 2017,2017,Invited Talk,26,Speaker,https://yabellini.netlify.app/talk/2017_ites_agromineria/,agrominería de datos
AgroTICs: llevando la informática al campo,Liceo Informático II,Santa Rosa,Argentina,In person,15 de mayo de 2017.,2017,Invited Talk,17,Speaker,https://yabellini.netlify.app/talk/2017_liceo/,agrotics: llevando la informática al campo
Herramienta de limpieza de datos: OpenRefine,Liceo Informático II,Santa Rosa,Argentina,In person,28 de julio de 2017.,2017,Invited Talk,6,Speaker,,herramienta de limpieza de datos: openrefine
R-Ladies Santa Rosa,Liceo Informático II,Santa Rosa,Argentina,In person,22 de junio de 2017.,2017,Invited Talk,26,Speaker,,r-ladies santa rosa
Registro de propiedad intelectual de software,Reunión PROFEDER Contratistas Rurales.,EEA Anguil.,Argentina,In person,30 de noviembre de 2017,2017,Regular Talk,7,Speaker,https://yabellini.netlify.app/talk/2017_profeder/,registro de propiedad intelectual de software
Serie de Charlas Técnicas: AgroTICs,Instituto de Formación Técnica y Docente de Trenque Lauquen. Tecnicatura en Producción Agricola-Ganadera,Anguil- La Pampa,Argentina,In person,03 de noviembre de 2017,2017,Regular Talk,15,Speaker,,serie de charlas técnicas: agrotics
Serie de Charlas Técnicas: GeoINTA y GeoTecnologías en la nube,,Santa Rosa,Argentina,In person,20 de octubre de 2017.,2017,Invited Talk,21,Speaker,,serie de charlas técnicas: geointa y geotecnologías en la nube
Clasificación de Sistemas Productivos Preponderantes utilizando técnicas de agrupamiento para la estimación de emisiones de Gases de Efecto Invernadero,CAI - 9º Congreso de AgroInformática (JAIIO),46 JAIIO,Latin America,In person,04/09/2017,2017,Regular Talk,60,Speaker,,clasificación de sistemas productivos preponderantes utilizando técnicas de agrupamiento para la estimación de emisiones de gases de efecto invernadero
Introducción al Uso y Administración de espacios de colaboración de INTA,EEA Anguil,Anguil- La Pampa,Argentina,In person,Octubre a Noviembre de 2017,2017,Course,23,Teacher,,introducción al uso y administración de espacios de colaboración de inta
Base de Datos Relacionales para sistemas agropecuarios,EEA INTA Anguil,Anguil- La Pampa,Argentina,In person,16/06/2017 al 30/11/2017,2017,Course,9,Teacher,,base de datos relacionales para sistemas agropecuarios
Curso de capacitación interno sobre uso de web y espacios de colaboración.,EEA INTA Anguil,General Pico- La Pampa,Argentina,In person,27/11/2017,2017,Course,12,Teacher,,curso de capacitación interno sobre uso de web y espacios de colaboración.
Manejo de datos con herramientas libre,INTA - Universidad Nacional de La Pampa (UNLPam),Santa Rosa- La Pampa,Argentina,In person,marzo 2017,2017,Course,28,Teacher,,manejo de datos con herramientas libre
Manejo de datos con herramientas libre,INTA - Universidad Nacional de La Pampa (UNLPam),Santa Rosa- La Pampa,Argentina,In person,septiembre 2017,2017,Course,26,Teacher,,manejo de datos con herramientas libre
Manejo de datos con herramientas libre,INTA - Universidad Nacional de La Pampa (UNLPam),Santa Rosa- La Pampa,Argentina,In person,octubre 2017,2017,Course,23,Teacher,,manejo de datos con herramientas libre
AgroDatos abiertos en INTA,Clubes de Innovación,Municipalidad de Trenque Lauquen,Argentina,In person,26-10-2017,2017,Keynote,60,Speaker,https://yabellini.netlify.app/talk/2017_clubinnovacion/,agrodatos abiertos en inta
Hacia una Guía Digital Móvil para la identificación y manejo sustentable de los pastizales naturales,CAI - 9º Congreso de AgroInformática (JAIIO),46 JAIIO,Latin America,In person,05/09/2017,2017,Regular Talk,60,Speaker,,hacia una guía digital móvil para la identificación y manejo sustentable de los pastizales naturales
Herramientas para el manejo de datos agropecuarios. Base de Datos Relacionales para sistemas agropecuarios,Liceo Informatico II. INTA,Santa Rosa y Anguil,Argentina,In person,16/06/2017 al 30/11/2017,2017,Course,15,Teacher,,herramientas para el manejo de datos agropecuarios. base de datos relacionales para sistemas agropecuarios
Herramientas para el manejo de datos agropecuarios. Google Earth,Liceo Informatico II. INTA,Santa Rosa,Argentina,In person,18/08/2017,2017,Course,15,Teacher,,herramientas para el manejo de datos agropecuarios. google earth
Herramientas para el manejo de datos agropecuarios. Google Sheets,Liceo Informatico II. INTA,Santa Rosa,Argentina,In person,Septiembre,2017,Course,15,Teacher,,herramientas para el manejo de datos agropecuarios. google sheets
Herramientas para el manejo de datos agropecuarios. OpenRefine,Liceo Informatico II. INTA,Santa Rosa,Argentina,In person,11/08/2017,2017,Course,15,Teacher,,herramientas para el manejo de datos agropecuarios. openrefine
Herramientas para el manejo de datos agropecuarios. Sistemas de información de INTA,Liceo Informatico II. INTA,Santa Rosa,Argentina,In person,25/08/2017,2017,Course,15,Teacher,,herramientas para el manejo de datos agropecuarios. sistemas de información de inta
Herramientas para el manejo de datos agropecuarios. Tableau.,Liceo Informatico II. INTA,Santa Rosa,Argentina,In person,04/08/2017,2017,Course,15,Teacher,,herramientas para el manejo de datos agropecuarios. tableau.
INTA. Radar Meteorologico,Exposición Rural- Comercial e Industrial de la Asociación Agrícola Ganadera de La Pampa,Santa Rosa,Argentina,In person,Octubre,2017,Exhibition,200,Speaker,,inta. radar meteorologico
R-Ladies Santa Rosa,Radio Noticias,Santa Rosa,Argentina,In person,20/04/2017,2017,Podcast,1000,Speaker,https://yabellini.netlify.app/talk/2017_elfaro_rladies/,r-ladies santa rosa
R-Ladies: Agroinformática y el rol de la mujer,CAI - 9º Congreso de AgroInformática (JAIIO),46 JAIIO,Latin America,In person,05/09/2017,2017,Keynote,60,Speaker,https://yabellini.netlify.app/talk/2017_cai_clei/,r-ladies: agroinformática y el rol de la mujer
Resultados Convenio Comisiones de Estudio,Reuniones PRETs y Coordinadores de Área,"Anguil, La Pampa",Argentina,In person,24/11/2017,2017,Invited Talk,30,Speaker,https://yabellini.netlify.app/talk/2017_comisionestudios/,resultados convenio comisiones de estudio
"R-Ladies Santa Rosa, ¿porqué y para qué?",Instituto Tecnológico de Educación Superior,"Santa Rosa, La Pampa",Argentina,In person,22/06/2017,2017,Invited Talk,35,Speaker,https://yabellini.netlify.app/talk/2017_ites_rladies/,"r-ladies santa rosa, ¿porqué y para qué?"
¿Cómo profundizar la convergencia entre Internet y producción,Seminario web “Internet y producción: hacia la convergencia en el agro”.,San Luis,Latin America,In person,17 de mayo de 2018.,2018,Panel,200,Speaker,https://inta.gob.ar/eventos/internet-y-produccion-hacia-la-convergencia-en-el-agro,¿cómo profundizar la convergencia entre internet y producción
1 LatinR <- Conferencia Latinoamericana de R en Investigación y Desarrollo,47 JAIIO,Universidad de Palermo. Buenos Aires,Latin America,In person,3 al 5 de Septiembre de 2018,2018,Conference,200,Organizer,https://47jaiio.sadio.org.ar/index.php?q=node/125,1 latinr <- conferencia latinoamericana de r en investigación y desarrollo
10vo Congreso Argentino de AgroInformática. 45 JAIIO,INTA-SADIO.,Buenos Aires,Latin America,In person,septiembre de 2018,2018,Conference,300,Chair,,10vo congreso argentino de agroinformática. 45 jaiio
Análisis de clustering en una región de La Pampa para clasificar sistemas ganaderos preponderantes y estimar emisiones de gases de efecto invernadero,CAI 2018 - Congreso Argentino de AgroInformática,,Latin America,In person,05/09/2018,2018,Regular Talk,1000,Speaker,,análisis de clustering en una región de la pampa para clasificar sistemas ganaderos preponderantes y estimar emisiones de gases de efecto invernadero
Cambio climático,INTA Anguil. Radio Nacional. INTA con Vos/z,Santa Rosa,Argentina,In person,05/07/2018,2018,Podcast,1000,Speaker,https://inta.gob.ar/audios/entrevista-a-la-ing-rrnn-anabella-lozza-y-a-la-lic-yanina-bellini-cambio-climatico,cambio climático
GeoINTA y Geotecnologías en la nube.,Visita Alumnos Colegio secundario Enrique Stieben de Anguil. EEA Anguil.,Anguil- La Pampa,Argentina,In person,miércoles 6 de junio de 2018,2018,Regular Talk,35,Speaker,,geointa y geotecnologías en la nube.
Congreso Argentino de Agroinformática: Un análisis bibliometrico,CAI 2018 - Congreso Argentino de AgroInformática,47 JAIIO,Latin America,In person,06/09/2018,2018,Regular Talk,200,Speaker,,congreso argentino de agroinformática: un análisis bibliometrico
Congreso de Agroinformática 2018,INTA Anguil. Radio Nacional. INTA con Vos/z,Santa Rosa,Argentina,In person,13/09/2018,2018,Podcast,1000,Speaker,https://inta.gob.ar/audios/entrevista-a-la-lic-yanina-bellini-saibene-congreso-de-agroinformatica-2018,congreso de agroinformática 2018
Manejo de datos con herramientas libre,INTA - Universidad Nacional de La Pampa (UNLPam),Santa Rosa- La Pampa,Argentina,In person,03/07/2018,2018,Course,50,Teacher,,manejo de datos con herramientas libre
Evaluación del desempeño de productos satelitales para estimar precipitación en Córdoba (Argentina),CAI 2018 - Congreso Argentino de AgroInformática,47 JAIIO,Latin America,In person,05/09/2018,2018,Regular Talk,,Speaker,,evaluación del desempeño de productos satelitales para estimar precipitación en córdoba (argentina)
La comunidad del lenguaje R en Santa Rosa,R-Ladies Santa Rosa y PampaSeg,Prado Español- Santa Rosa,Latin America,In person,23/11/2018,2018,Invited Talk,,Speaker,,la comunidad del lenguaje r en santa rosa
Monitoreo móvil del programa ProHuerta en La Pampa,CAI 2018 - Congreso Argentino de AgroInformática,47 JAIIO,Latin America,In person,05/09/2018,2018,Regular Talk,,Speaker,,monitoreo móvil del programa prohuerta en la pampa
Primer Workshop Inundaciones y geotecnologías aplicadas: interinstitucionalidad y compromiso social,UNLPam-INTA,Santa Rosa,Argentina,In person,28 y 29 de Agosto de 2018,2018,Conference,,Organizer,https://inta.gob.ar/eventos/primer-workshop-inundaciones-y-geotecnologias-aplicadas-interinstitucionalidad-y-compromiso-social,primer workshop inundaciones y geotecnologías aplicadas: interinstitucionalidad y compromiso social
Relevamiento de la Agricultura Periurbana en una microregión de La Pampa,CAI 2018 - Congreso Argentino de AgroInformática,47 JAIIO,Latin America,In person,06/09/2018,2018,Regular Talk,,Speaker,,relevamiento de la agricultura periurbana en una microregión de la pampa
Seminario Charlando sobre brecha de género en STEM: AgroInformática y R-Ladies.,EEA Anguil.,Anguil- La Pampa,Argentina,In person,19 de abril de 2018.,2018,Regular Talk,,Speaker,,seminario charlando sobre brecha de género en stem: agroinformática y r-ladies.
Setup R Day,R-Ladies Santa Rosa,INTA Santa Rosa,Argentina,In person,26/02/2018,2018,Course,,Teacher,,setup r day
Tendências de pesquisa em Agroinformática na Argentina: uma análise histórica,CAI 2018 - Congreso Argentino de AgroInformática,47 JAIIO,Latin America,In person,06/09/2018,2018,Regular Talk,,Speaker,,tendências de pesquisa em agroinformática na argentina: uma análise histórica
20 años de desarrollo AgTech en la EEA Anguil,Consejo Regional La Pampa San Luis,"victorica, La Pampa",Argentina,In person,agosto de 2018,2018,Invited Talk,25,Speaker,,20 años de desarrollo agtech en la eea anguil
Mirando la producción de los Proyectos Regionales con Enfoque Territorial (PRETs) EEA Anguil,Consejo Regional La Pampa San Luis,"Anguil, La Pampa",Argentina,In person,26/12/2018,2018,Invited Talk,30,Speaker,,mirando la producción de los proyectos regionales con enfoque territorial (prets) eea anguil
10 años de la Red de Radares,INTA Anguil. Radio Nacional. INTA con Vos/z,Santa Rosa,Argentina,In person,08/08/2019,2019,Podcast,1000,Speaker,https://inta.gob.ar/audios/entrevista-a-la-ing-agr-laura-belmonte-y-la-lic-yanina-bellini-saibene-10-anos-de-la-red-de-radares,10 años de la red de radares
10 años del radar de Anguil.,EEA Anguil. Alumnos del colegio secundario de Anguil.,Anguil,Argentina,In person,11/10/2019,2019,Regular Talk,35,Speaker,,10 años del radar de anguil.
11vo Congreso Argentino de AgroInformática. 46 JAIIO,INTA-SADIO.,Salta,Argentina,In person,septiembre 2019,2019,Conference,300,Chair,,11vo congreso argentino de agroinformática. 46 jaiio
2 LatinR <- Conferencia Latinoamericana de R en Investigación y Desarrollo,R-Ladies- RConsortium- RFoundation,Santiago de Chile,Chile,In person,,2019,Conference,200,Organizer,,2 latinr <- conferencia latinoamericana de r en investigación y desarrollo
Análise das Tendências de pesquisa no Congresso de Agroinformática da Argentina: um estudo regional,11º Congreso Argentino de AgroInformática (CAI-2019),Salta,Argentina,In person,2019,2019,Regular Talk,50,Speaker,,análise das tendências de pesquisa no congresso de agroinformática da argentina: um estudo regional
Aplicaciones de Ciencia de Datos.,Seminario de aplicación. UADE.,Online,Argentina,Online,04/11/2019,2019,Invited Talk,,Speaker,,aplicaciones de ciencia de datos.
Becas de diversidad rstudio::conf 2020. Te ayudamos a presentar tu postulación!,R-Ladies Santa Rosa,Prado Español- Santa Rosa,Latin America,In person,Friday- September 13- 2019,2019,Course,,Organizer,,becas de diversidad rstudio::conf 2020. te ayudamos a presentar tu postulación!
Ciencia de Datos aplicada al Agro.,Jornada Trabajos de Sistemas. Colegio Universitario Liceo Informático II. EEA Anguil,Anguil- La Pampa,Argentina,In person,15/11/2019,2019,Regular Talk,,Speaker,,ciencia de datos aplicada al agro.
Ciencia de Datos aplicada al Agro.,INTA Anguil. Radio Nacional. INTA con Vos/z,Santa Rosa,Argentina,In person,11/04/2019,2019,Podcast,,Speaker,https://inta.gob.ar/audios/entrevista-a-la-lic-yanina-bellini-ciencia-de-datos-aplicada-al-agro,ciencia de datos aplicada al agro.
Ciencia de Datos con el Radar Meteorológico,AMUCAN,Santa Rosa,Argentina,In person,24/08/2019,2019,Podcast,,Speaker,,ciencia de datos con el radar meteorológico
Conjunto de datos de imágenes etiquetadas para el desarrollo de aplicaciones de reconocimiento de patrones en el cultivo de girasol,11º Congreso Argentino de AgroInformática (CAI-2019),Salta,Latin America,In person,2019,2019,Regular Talk,50,Speaker,,conjunto de datos de imágenes etiquetadas para el desarrollo de aplicaciones de reconocimiento de patrones en el cultivo de girasol
Conjunto de datos de resultados de la Red Nacional de Cultivares de Girasol de INTA,11º Congreso Argentino de AgroInformática (CAI-2019),Salta,Latin America,In person,2019,2019,Regular Talk,50,Speaker,,conjunto de datos de resultados de la red nacional de cultivares de girasol de inta
Google Earth Engine desde Cero,Universidad Nacional de Salta,Salta,Latin America,In person,17/09/2019,2019,Course,,Teacher,,google earth engine desde cero
Curso R desde Cero.,INTA. R-Ladies Santa Rosa.,Prado Español- Santa Rosa,Argentina,In person,7 asl 28 de Mayo de 2019,2019,Course,,Teacher,,curso r desde cero.
Curso R desde Cero.,Universidad Nacional de Salta.,Salta,Latin America,In person,17/09/2019,2019,Course,,Teacher,,curso r desde cero.
Exploración de Datos,Fundación Banco de La Pampa,Fundación Banco de La Pampa,Argentina,In person,Octubre-Noviembre,2019,Course,15,Teacher,,exploración de datos
Exploración de Datos,Fundación Banco de La Pampa,Fundación Banco de La Pampa,Argentina,In person,Octubre-Noviembre,2019,Course,12,Teacher,,exploración de datos
Desarrollo AgTech con Ciencia de Datos,Taller Argentino de Computación Científica (TAC²).,Universidad Nacional de San Luis (UNSL).,Latin America,In person,5/12/2019,2019,Keynote,80,Speaker,,desarrollo agtech con ciencia de datos
Evaluación del desempeño de productos satelitales para estimar evapotranspiración en la región pampeana (Argentina),11º Congreso Argentino de AgroInformática (CAI-2019),Salta,Latin America,In person,2019,2019,Regular Talk,50,Speaker,,evaluación del desempeño de productos satelitales para estimar evapotranspiración en la región pampeana (argentina)
Geotecnologías en la era del Big Data.,2019GISDay,UNLPam. Instituto de Geografía.,Argentina,In person,13/11/2019,2019,Keynote,200,Speaker,,geotecnologías en la era del big data.
Geotecnologías en la Nube,Universidad Nacional de La Pampa. Carrera de Geografía,Santa Rosa,Argentina,In person,30/10/2019,2019,Invited Talk,,Speaker,,geotecnologías en la nube
Modeling with H2O with R,LatinR 2019,Santiago de Chile,Chile,In person,2019,2019,Course,30,Teacher Assistant,,modeling with h2o with r
Panel comunidades de práctica: R-Ladies,LatinR 2019,Santiago de Chile,Chile,In person,25/09/2019,2019,Panel,,Speaker,,panel comunidades de práctica: r-ladies
Quién es Quién en la Agroinformática Argentina,11º Congreso Argentino de AgroInformática (CAI-2019),Salta,Latin America,In person,2019,2019,Regular Talk,50,Speaker,,quién es quién en la agroinformática argentina
R para análisis científicos reproducibles,INTA Castelar,Castelar- Buenos Aires- Argentina,Argentina,In person,06/08/2019,2019,Course,84,Teacher,,r para análisis científicos reproducibles
Radar Meteorológico: uso e interpretación de su información y productos,UNLPam-INTA,Facultad de Agromia de la UNLPam,Argentina,In person,14/08/2019,2019,Course,,Teacher,https://inta.gob.ar/eventos/radar-meteorologico-uso-e-interpretacion-de-su-informacion-y-productos,radar meteorológico: uso e interpretación de su información y productos
RMarkdown: generando reportes automáticos con R,11° PampaSeg. Santa Rosa- La Pampa.,Santa Rosa- La Pampa,Latin America,In person,14/12/2019,2019,Course,,Teacher,,rmarkdown: generando reportes automáticos con r
Técnicas de Análisis de Redes Sociales para estudiar la colaboración científica,Seminarios INTA Anguil,Anguil,Argentina,In person,04/06/2019,2019,Invited Talk,,Speaker,https://inta.gob.ar/noticias/seminario-inta-anguil-tecnicas-de-analisis-de-redes-sociales-para-estudiar-la-colaboracion-cientifica,técnicas de análisis de redes sociales para estudiar la colaboración científica
Ciencia de Datos aplicada al Agro.,De Fernte Al Campo,Santa Rosa,Argentina,In person,03/05/2019,2019,Podcast,2000,Speaker,https://youtu.be/X9L8PsDwod4?si=WZ1m2Uu_sLgiGlFp,ciencia de datos aplicada al agro.
¡Cierre del año y Tidymodels!,R-Ladies Argentina,,Argentina,Online,2020,2020,Course,40,Organizer,,¡cierre del año y tidymodels!
12vo Congreso Argentino de AgroInformática. 47 JAIIO,INTA-SADIO.,,Latin America,Online,octubre de 2020,2020,Conference,1000,Chair,,12vo congreso argentino de agroinformática. 47 jaiio
3 LatinR <- Conferencia Latinoamericana de R en Investigación y Desarrollo,Profesionales,,Latin America,Online,Online,2020,Conference,1000,Chair,,3 latinr <- conferencia latinoamericana de r en investigación y desarrollo
49 Jornadas Argentinas de Informática.,SADIO – FIUBA,,Latin America,Online,Online,2020,Conference,1000,Chair,,49 jornadas argentinas de informática.
Ciencia de Datos aplicada al Agro.,Clase invitada a la cátedra de AgroTICs de Ingeniería Agronómica. UN de Río Negro.,Rio Negro,Argentina,Online,22/04/2020,2020,Invited Talk,30,Speaker,,ciencia de datos aplicada al agro.
Ciencia de Datos aplicada al sector agropecuario.,Diplomatura Universitaria en Inteligencia Artificial. UNICEN.,Tandil,Argentina,Online,17/11/2020,2020,Invited Talk,65,Speaker,,ciencia de datos aplicada al sector agropecuario.
Ciencia de Datos aplicadas al sector agropecuario.,Ciclo de Charlas de R-Ladies La Paz. Bolivia-,La Paz,Bolivia,Online,04/06/2020,2020,Invited Talk,35,Speaker,,ciencia de datos aplicadas al sector agropecuario.
Ciencias de Datos en el sector agropecuario.,Seminario de matemática aplicada. FAMAF (UNC).,Cordoba,Argentina,Online,14/09/2020,2020,Invited Talk,60,Speaker,,ciencias de datos en el sector agropecuario.
Como organizar un evento virtual inolvidable (y no morir en el intento).,R-Ladies Global  para el mundo hispanohablante (Se organiza con Argentina- Chile- Perú- Bolivia- España y Ecuador).,,Global,Online,01/07/2020,2020,Course,200,Teacher,,como organizar un evento virtual inolvidable (y no morir en el intento).
Comunicando con posters,Proyecto Internacional de la Alfabetización Estadística,,Bolivia,Online,12/12/2020,2020,Invited Talk,150,Speaker,,comunicando con posters
Comunidades de práctica en América Latina: R y Colegas.,useR! 2020,,Global,Online,11/07/2020,2020,Invited Talk,200,Speaker,,comunidades de práctica en américa latina: r y colegas.
Comunidades de práctica para I+D y T+E: R y colegas. Seminario,Plataforma de Asistencia Estadística del INTA.,,Argentina,Online,23/10/2020,2020,Invited Talk,80,Speaker,,comunidades de práctica para i+d y t+e: r y colegas. seminario
Cosechando Datos: el manejo de la información digital.,Webinario Agricultura de Precisión: “El INTA y la Agricultura Digital”.,,Argentina,Online,22/09/2020,2020,Invited Talk,1000,Speaker,,cosechando datos: el manejo de la información digital.
Introducción al ABC para enseñar Online,MetaDocencia,,Argentina,Online,29/05/2020,2020,Course,20,Teacher,,introducción al abc para enseñar online
Introducción al ABC para enseñar Online,MetaDocencia,,Argentina,Online,16/05/2020,2020,Course,21,Teacher,,introducción al abc para enseñar online
Introducción al ABC para enseñar Online,MetaDocencia,,Argentina,Online,09/05/2020,2020,Course,23,Teacher,,introducción al abc para enseñar online
Introducción al ABC para enseñar Online,MetaDocencia,,Argentina,Online,02/05/2020,2020,Course,26,Teacher,,introducción al abc para enseñar online
Introducción al ABC para enseñar Online,MetaDocencia,,Argentina,Online,25/04/2020,2020,Course,21,Teacher,,introducción al abc para enseñar online
Introducción al ABC para enseñar Online,MetaDocencia/INTA,,Argentina,Online,18/04/2020,2020,Course,18,Teacher,,introducción al abc para enseñar online
Introducción al ABC para enseñar Online,MetaDocencia,,Argentina,Online,14/04/2020,2020,Course,17,Teacher,,introducción al abc para enseñar online
Introducción al ABC para enseñar Online,MetaDocencia,,Argentina,Online,11/04/2020,2020,Course,20,Teacher,,introducción al abc para enseñar online
Introducción al ABC para enseñar Online,MetaDocencia,,Argentina,Online,04/04/2020,2020,Course,21,Teacher,,introducción al abc para enseñar online
Introducción al ABC para enseñar Online,MetaDocencia,,Argentina,Online,03/04/2020,2020,Course,25,Teacher,,introducción al abc para enseñar online
Introducción al ABC para enseñar Online,MetaDocencia,,Argentina,Online,28/03/2020,2020,Course,20,Teacher,,introducción al abc para enseñar online
Curso RADAR Meteorológico.,INTA,,Argentina,Online,22/05/2020,2020,Course,25,Teacher,,curso radar meteorológico.
Generando tutoriales interactivos con el paquete learnr.,Conferencia LatinR,,Latin America,Online,3/10/2020,2020,Course,28,Teacher,,generando tutoriales interactivos con el paquete learnr.
Introducción al ABC para enseñar Online,Conferencia LatinR,,Latin America,Online,02/10/2020,2020,Course,17,Teacher,,introducción al abc para enseñar online
Datos Masivos en el sector Agropecuario,Diploma en nuevas tecnologías en el agro. Universidad de la Empresa (Uruguay),,Latin America,Online,junio 2020,2020,Course,18,Teacher,,datos masivos en el sector agropecuario
Datos Masivos en Politicas Publicas,Diplomatura en Ciencia de Datos aplicadas a politicas públicas,,Argentina,Online,,2020,Course,25,Teacher,,datos masivos en politicas publicas
Geotecnologías para el monitoreo y cuantificación de inundaciones.,Hidrología Pampeana Aplicada,,Argentina,Online,28/04/2020,2020,Invited Talk,60,Speaker,,geotecnologías para el monitoreo y cuantificación de inundaciones.
Hacia una red de práctica sobre comunidades de práctica.,Noviembre HD. Asociación Argentina de Humanidades Digitales.,,Argentina,Online,12/11/2020,2020,Panel,100,Speaker,,hacia una red de práctica sobre comunidades de práctica.
Intro al ABC para dar clases (y hacer otras cosas Online).,Red INTA Joven,,Argentina,Online,24/07/2020,2020,Course,21,Teacher,,intro al abc para dar clases (y hacer otras cosas online).
Intro al ABC para dar clases (y hacer otras cosas Online).,Red INTA Joven y MetaDocencia,,Argentina,Online,20/07/2020,2020,Course,18,Teacher,,intro al abc para dar clases (y hacer otras cosas online).
Intro al ABC para dar clases (y hacer otras cosas Online).,Red INTA Joven y MetaDocencia,,Argentina,Online,18/07/2020,2020,Course,23,Teacher,,intro al abc para dar clases (y hacer otras cosas online).
Intro al ABC para dar clases (y hacer otras cosas) Online,INTA Anguil,,Argentina,Online,30/07/2020,2020,Course,15,Teacher,https://yabellini.netlify.app/courses/introalabc_corto/,intro al abc para dar clases (y hacer otras cosas) online
Intro al ABC para dar clases (y hacer otras cosas) Online,INTA San Luis,,Argentina,Online,28/07/2020,2020,Course,16,Teacher,https://yabellini.netlify.app/courses/introalabc_corto/,intro al abc para dar clases (y hacer otras cosas) online
Intro al ABC para dar clases (y hacer otras cosas) Online,Centro Regional La Pampa/San Luis INTA,,Argentina,Online,23/07/2020,2020,Course,14,Teacher,https://yabellini.netlify.app/courses/introalabc_corto/,intro al abc para dar clases (y hacer otras cosas) online
Intro al ABC para dar clases (y hacer otras cosas) Online,Agencias de Extensión INTA Anguil,,Argentina,Online,21/07/2020,2020,Course,21,Teacher,https://yabellini.netlify.app/courses/introalabc_corto/,intro al abc para dar clases (y hacer otras cosas) online
Intro al ABC para dar clases (y hacer otras cosas) Online,Agencias de Extensión INTA Villa Mercedes,,Argentina,Online,16/07/2020,2020,Course,13,Teacher,https://yabellini.netlify.app/courses/introalabc_corto/,intro al abc para dar clases (y hacer otras cosas) online
Intro al ABC para dar clases (y hacer otras cosas) Online,Area de Administración y Apoyo Técnico de Anguil INTA,,Argentina,Online,14/07/2020,2020,Course,15,Teacher,https://yabellini.netlify.app/courses/introalabc_corto/,intro al abc para dar clases (y hacer otras cosas) online
Intro al ABC para dar clases (y hacer otras cosas) Online,Area de Administración y Apoyo Técnico de Villa Mercedes INTA,,Argentina,Online,07/07/2020,2020,Course,23,Teacher,https://yabellini.netlify.app/courses/introalabc_corto/,intro al abc para dar clases (y hacer otras cosas) online
Introducción a Git (control de versiones) y como usarlo con R y RStudio.,R-Ladies,,Argentina,Online,18/05/2020,2020,Course,60,Teacher,,introducción a git (control de versiones) y como usarlo con r y rstudio.
Los datos lo cambian todo: Big Data- sensores remotos e inteligencia artificial.,Congreso Maizar 4.0,,Argentina,Online,30/06/2020,2020,Panel,1000,Speaker,,los datos lo cambian todo: big data- sensores remotos e inteligencia artificial.
Mujeres en STEAM. ¿Quién es Yanina Bellini Saibene?,Las de Sistemas,,Argentina,Online,26/06/2020,2020,Podcast,200,Speaker,,mujeres en steam. ¿quién es yanina bellini saibene?
Panel: Supporting Diversity in the R Community,useR! 2020,,Global,Online,17/07/2020,2020,Panel,100,Speaker,,panel: supporting diversity in the r community
Practicas efectivas para realizar eventos Online.,Comunidades de transferencia y extensión tecnológica en España.,,España,Online,07/09/2020,2020,Panel,25,Speaker,,practicas efectivas para realizar eventos online.
Predictive modeling with text using tidy data principles.,Tutorial useR! 2020-R-Ladies,,Global,Online,2020,2020,Course,80,Organizer,,predictive modeling with text using tidy data principles.
Presentación de la Plataforma de Asistencia Estadística de INTA.,INTA,,Argentina,Online,18/11/2020,2020,Panel,100,Organizer,,presentación de la plataforma de asistencia estadística de inta.
R-Ladies Global- a worldwide organisation to promote gender diversity in the R community,EGU General Assembly 2020 was held Online.,,Global,Online,08/05/2020,2020,Regular Talk,25,Speaker,,r-ladies global- a worldwide organisation to promote gender diversity in the r community
Radar Meteorológico: uso e interpretación de su información.,XVIII Reunión Argentina y IX Latinoamericana de Agrometeorología 2020,,Argentina,Online,23/11/2020,2020,Course,20,Teacher,,radar meteorológico: uso e interpretación de su información.
RStudio Certification Panel.,MiR Community- Saint Luis- USA.,,Global,Online,12/06/2020,2020,Panel,60,Speaker,,rstudio certification panel.
Segunda edición del curso de radar meteorológico.,Para personal de INTA y profesionales del sector agropecuario de la zona del CERBAN,,Argentina,Online,03/07/2020,2020,Course,18,Teacher,,segunda edición del curso de radar meteorológico.
Seminario online: Uso y análisis de imágenes satelitales en el Agro,Día Internacional de la Juventud. Capacitación a jóvenes rurales. INTA,,Argentina,Online,11/11/2020,2020,Course,40,Teacher,,seminario online: uso y análisis de imágenes satelitales en el agro
Text Mining o minería de textos.,Ciclo de capacitación del PE Prospectiva y Observatorios Tecnológico. INTA,,Argentina,Online,25/09/2020,2020,Invited Talk,60,Speaker,,text mining o minería de textos.
useR! 2020. The R Global Conference.,RFoundation,,Global,Online,2020,2020,Conference,2000,Organizer,,user! 2020. the r global conference.
Visualización,Diplomatura en Ciencia de Datos aplicadas a politicas públicas,UNAB,Argentina,Online,,2020,Course,25,Teacher,,visualización
Webinar: Procesando datos espaciales con R.,Desafios AgTech.,,Latin America,Online,3/11/2020,2020,Course,100,Teacher,,webinar: procesando datos espaciales con r.
Aplicaciones de Big Data en el Agro.,Universidad de la Empresa. Uruguay. Diplomatura en AgTech.,,Latin America,Online,9 y 10 de Octubre 2020.,2020,Course,20,Teacher,,aplicaciones de big data en el agro.
{agromet}: un paquete en R para el análisis de datos meteorológicos,Congreso Argentino de AgroInformática (JAIIO),,Latin America,Online,2021,2021,Regular Talk,200,Speaker,,{agromet}: un paquete en r para el análisis de datos meteorológicos
13vo Congreso Argentino de AgroInformática.,SADIO,,Latin America,Online,octubre de 2021,2021,Conference,1000,Chair,,13vo congreso argentino de agroinformática.
4 LatinR <- Conferencia Latinoamericana de R en Investigación y Desarrollo,R-Ladies- RConsortium- RFoundation,,Latin America,Online,,2021,Conference,1000,Chair,,4 latinr <- conferencia latinoamericana de r en investigación y desarrollo
50 Jornadas Argentinas de Informática.,SADIO – INTA,,Latin America,Online,,2021,Conference,1000,Chair,,50 jornadas argentinas de informática.
Agricultura inteligente.,NASA Harverst. Bolsa de Cereales de Buenos Aires.,,Latin America,Online,2021,2021,Invited Talk,400,Speaker,,agricultura inteligente.
Aplicaciones agropecuarias de la Ciencia de datos,Segundas Jornadas Regionales de Cienca de Datos,,Argentina,Online,29/09/2021,2021,Invited Talk,37,Speaker,,aplicaciones agropecuarias de la ciencia de datos
Aplicaciones de Ciencia de Datos en el sector agropecuario.,Ecuador. X Seminario Internacional de Estadística Aplicada.,,Ecuador,Online,2021,2021,Keynote,200,Speaker,,aplicaciones de ciencia de datos en el sector agropecuario.
Ciencia de Datos aplicada al Agro.,Seminario virtual de Estadística- Big Data y Data Science.,,Colombia,Online,13/12/2021,2021,Keynote,100,Speaker,,ciencia de datos aplicada al agro.
Ciencia de Datos aplicada al sector agropecuario. Seminario de aplicación al ámbito público.,Maestría en Ciencia de Datos. UdeSA.,,Argentina,Online,24/04/2021,2021,Invited Talk,37,Speaker,,ciencia de datos aplicada al sector agropecuario. seminario de aplicación al ámbito público.
Ciencia de datos en el sector agropecuario y desde el sector público.,Cadena de Datos.,,Argentina,Online,02/02/2021,2021,Podcast,2000,Speaker,,ciencia de datos en el sector agropecuario y desde el sector público.
Ciencia de Datos para Turismo con R - Centro,Ministerio de Turismo,,Argentina,Online,Noviembre,2021,Course,37,Teacher,,ciencia de datos para turismo con r - centro
Ciencia de Datos para Turismo con R - Norte,Ministerio de Turismo,,Argentina,Online,Diciembre,2021,Course,35,Teacher,,ciencia de datos para turismo con r - norte
Ciencia de Datos para Turismo con R - Patagonia,Ministerio de Turismo,,Argentina,Online,Octubre,2021,Course,28,Teacher,,ciencia de datos para turismo con r - patagonia
Clustering para determinar Sistemas Productivos Preponderantes,INTA,,Argentina,Online,2021,2021,Invited Talk,32,Speaker,,clustering para determinar sistemas productivos preponderantes
Como enseñar a programar Online.,INTA/MetaDocencia,,Argentina,Online,24/04/2021,2021,Course,20,Teacher,,como enseñar a programar online.
Como enseñar a programar.,Women in Bioinformatics and Data Science.,,Argentina,Online,22/03/2021,2021,Course,20,Teacher,,como enseñar a programar.
Como enseñar a programar.,MetaDocencia,,Argentina,Online,2021,2021,Course,17,Teacher,,como enseñar a programar.
From spreadsheets to R,Software Susteanability Institute/ RS Camp: Beyond the Spreadsheet,,UK,Online,09/11/2021,2021,Course,30,Teacher,,from spreadsheets to r
Datos Masivos en el sector Agropecuario,Diploma en nuevas tecnologías en el agro. Universidad de la Empresa (Uruguay),,Latin America,Online,junio 2021,2021,Course,15,Teacher,,datos masivos en el sector agropecuario
Datos Masivos en Politicas Publicas,Diplomatura en Ciencia de Datos aplicadas a politicas públicas,,Argentina,Online,,2021,Course,25,Teacher,,datos masivos en politicas publicas
Enseñando a enseñar tecnología sin perder a nadie en el camino.,50 JAIIO - Jornadas Argentinas de Informática e Investigación Operativa,,Latin America,Online,25/10/2021,2021,Keynote,120,Speaker,,enseñando a enseñar tecnología sin perder a nadie en el camino.
Facilitating discussions around Diversity- Equity and Inclusion.,Center for Scientific Collaboration and Community Engagement- USA.,,Global,Online,27/04/2021,2021,Panel,170,Speaker,,facilitating discussions around diversity- equity and inclusion.
Generando tutoriales interactivos con el paquete learnr.,RenBaires. MetaDocencia.,,Argentina,Online,08/05/2021,2021,Course,75,Teacher,,generando tutoriales interactivos con el paquete learnr.
Geotecnologías al servicio del agro.,Academia de Riego. Kilimo.,,Latin America,Online,11/02/2021,2021,Invited Talk,200,Speaker,,geotecnologías al servicio del agro.
Geotecnologías aplicadas al sector agropecuario.,Diplomatura en Data Analytics para el Agro. Universidad Austral.,,Latin America,Online,2021,2021,Invited Talk,56,Speaker,,geotecnologías aplicadas al sector agropecuario.
Gestión de Datos,UNAB. Licenciatura en Ciencia de Datos,,Argentina,Online,Marzo-Julio,2021,Course,30,Teacher,,gestión de datos
Instructor trainer (how to teach computing skill to scientists),The Carpentries.,,Global,Online,2021,2021,Course,26,Teacher,,instructor trainer (how to teach computing skill to scientists)
Intro al ABC para enseñar (y hacer otras cosas) online.,INTA/MetaDocencia,,Argentina,Online,2021,2021,Course,22,Teacher,,intro al abc para enseñar (y hacer otras cosas) online.
Introducción al ABC para enseñar Online,MetaDocencia,,Global,Online,2021,2021,Course,21,Teacher,,introducción al abc para enseñar online
Introducción al ABC para enseñar Online,MetaDocencia,,Global,Online,2021,2021,Course,15,Teacher,,introducción al abc para enseñar online
Introducción al ABC para enseñar Online,INTA/MetaDocencia,,Argentina,Online,2021,2021,Course,13,Teacher,,introducción al abc para enseñar online
Introducción a la programación con R,Diploma de datos. Fundación Libertad. Rosario,,Latin America,Online,Marzo-Abril 2021,2021,Course,21,Teacher,,introducción a la programación con r
Introducción al ABC para enseñar (y hacer otras cosas) Online,SADIO,,Argentina,Online,octubre 2021,2021,Course,16,Teacher,,introducción al abc para enseñar (y hacer otras cosas) online
Introducción al ABC para enseñar (y hacer otras cosas) Online,INTA/MetaDocencia,,Argentina,Online,31/03/2021,2021,Course,20,Teacher,,introducción al abc para enseñar (y hacer otras cosas) online
Introducción al ABC para enseñar (y hacer otras cosas) Online.,MetaDocencia/INTA,,Argentina,Online,2021,2021,Course,18,Teacher,,introducción al abc para enseñar (y hacer otras cosas) online.
Introducción al ABC para enseñar (y hacer otras cosas) Online.,MetaDocencia,,Global,Online,20/03/2021,2021,Course,25,Teacher,,introducción al abc para enseñar (y hacer otras cosas) online.
Los datos en el Agro,AgroEvolución,,Latin America,Online,2021,2021,Podcast,3000,Speaker,,los datos en el agro
Los Datos en el Agro. Master Class.,FieldView,,Latin America,Online,2021,2021,Invited Talk,200,Speaker,,los datos en el agro. master class.
MetaDocencia: Teaching How to Teach Technology together.,XI Congreso Argentino de Bioinformática y Biología Computacional 2021,,Argentina,Online,11/11/2021,2021,Regular Talk,100,Speaker,,metadocencia: teaching how to teach technology together.
Missing narratives in discussions around diversity and inclusion in research software engineering. Panel discusión.,SeptembRSE. Conference- on Research Software Engineering,,USA,Online,28/09/2021,2021,Panel,80,Speaker,,missing narratives in discussions around diversity and inclusion in research software engineering. panel discusión.
On programming- teaching- and building tutorials with learnr.,RStudioConf.,,Global,Online,21/11/2021,2021,Regular Talk,15000,Speaker,,on programming- teaching- and building tutorials with learnr.
Panel Building RSE Communities Worldwide. RSE in Latin America and Argentina.,Research Software Engineers in HPC (RSE-HPC-2021),,USA,Online,15/11/2021,2021,Panel,80,Speaker,,panel building rse communities worldwide. rse in latin america and argentina.
Panel discussion: Do we have the right tools for research?,Research Software Camp: Beyond the Spreadsheet- organised by the Software Sustainability Institute.,,UK,Online,5/11/2021,2021,Panel,40,Speaker,,panel discussion: do we have the right tools for research?
Panel R-Ladies. Building- Growing- and Sustaining a Community.,Women in Statistics and Data Science conference,,USA,Online,07/10/2021,2021,Panel,70,Speaker,,panel r-ladies. building- growing- and sustaining a community.
Presentación REC 028- Red de Modelado de Agroecosistemas.,INTA,,Argentina,Online,2021,2021,Invited Talk,23,Speaker,,presentación rec 028- red de modelado de agroecosistemas.
Presentando useR! 2021.,Reunión internacional en conjunto con R-Ladies.,,Global,Online,28/04/2021,2021,Panel,70,Organizer,,presentando user! 2021.
Sororidad- comunidades y el empoderamiento de las Mujeres en la Ciencia,Encuentro Internacional de Mujeres y Niñas en las Ciencias. Logros y desafios de la contemporaniedad. Soy Mujer y hago Ciencia.,,Ecuador,Online,2021,2021,Panel,80,Speaker,,sororidad- comunidades y el empoderamiento de las mujeres en la ciencia
Tecnologías de TI para el Agro.,UPRA. Colombia.,,Colombia,Online,2021,2021,Panel,100,Speaker,,tecnologías de ti para el agro.
Tracking Impact and Measuring Success in Data Education Events.,csv-conf-v6.,,Global,Online,2021,2021,Panel,85,Organizer,,tracking impact and measuring success in data education events.
Un conjunto de paquetes para generar tutoriales interactivos para enseñar R,LatinR 2021 <- Conferencia Latinoamericana sobre Uso de R en Investigación + Desarrollo,,Latin America,Online,12/11/2021,2021,Regular Talk,1000,Speaker,,un conjunto de paquetes para generar tutoriales interactivos para enseñar r
useR! 2021. The R Global Conference.,ETH. RFoundation,,Global,Online,,2021,Conference,2000,Chair,,user! 2021. the r global conference.
Usos de la ciencia de datos en el sector agropecuario,Women in Data Science La Paz 2021,,Bolivia,Online,2021,2021,Invited Talk,54,Speaker,,usos de la ciencia de datos en el sector agropecuario
Visualización,Diploma de datos. Fundación Libertad. Rosario,,Latin America,Online,Octubre-Noviembre 2021,2021,Course,21,Teacher,,visualización
Visualización,Diplomatura en Ciencia de Datos aplicadas a politicas públicas,,Argentina,Online,,2021,Course,25,Teacher,,visualización
Visualization,UNAB. Licenciatura en Ciencia de Datos,,Argentina,Online,Agosto-Diciembre,2021,Course,30,Teacher,,visualization
Webinar: “La Ciencia de Datos al servicio del sector agropecuario“.,Universidad Autral.,,Latin America,Online,18/03/2021,2021,Invited Talk,80,Speaker,,webinar: “la ciencia de datos al servicio del sector agropecuario“.
What they forgot to teach you about teaching R..,RStudioConf 2021,,Global,Online,25 y 26 de Enero 2021,2021,Course,60,Teacher Assistant,,what they forgot to teach you about teaching r..
Presentación REC 028- Red de Modelado de Agroecosistemas.,Seminario REC 029.,,Argentina,Online,29/04/2021,2021,Invited Talk,35,Speaker,,presentación rec 028- red de modelado de agroecosistemas.
10 reglas para organizar un Club de Lectura (Online) exitoso,LatinR 2022,,Latin America,Online,14/10/2022,2022,Lightning talk,900,Speaker,,10 reglas para organizar un club de lectura (online) exitoso
14vo Congreso Argentino de AgroInformática.,INTA-SADIO.,,Latin America,Online,,2022,Conference,250,Organizer,,14vo congreso argentino de agroinformática.
5 LatinR <- Conferencia Latinoamericana de R en Investigación y Desarrollo,R-Ladies- RConsortium- RFoundation,,Latin America,Online,,2022,Conference,900,Chair,,5 latinr <- conferencia latinoamericana de r en investigación y desarrollo
Agricultura inteligente,Diplomatura en AgroAnalytics. Universidad Austral de Rosario,Rosario,Latin America,Online,15/10/2022,2022,Course,40,Teacher,,agricultura inteligente
Appsilon Shiny Conference,AppSilon,,Global,Online,27-29 April 2022,2022,Conference,350,Organizer,,appsilon shiny conference
Building inclusive communities. The Latin American Experience. (Panel),AsiaR,,Asia,Online,19/02/2022,2022,Panel,30,Speaker,,building inclusive communities. the latin american experience. (panel)
Champions Program,rOpenSci Co-working Sessions,,Global,Online,1/11/2022,2022,Lightning talk,15,Organizer,,champions program
"Club de Lectura ""Enseñando Tecnología en Comunidad"". Arquitectura cognitiva. Aprendizaje Individual",MetaDocencia,,Latin America,Online,29/03/2022,2022,Book Club,30,Organizer,,"club de lectura ""enseñando tecnología en comunidad"". arquitectura cognitiva. aprendizaje individual"
"Club de Lectura ""Enseñando Tecnología en Comunidad"". Conocimiento de la pedagogía del contenido. Enseñar como un arte performativo",MetaDocencia,,Latin America,Online,05/04/2022,2022,Book Club,30,Organizer,,"club de lectura ""enseñando tecnología en comunidad"". conocimiento de la pedagogía del contenido. enseñar como un arte performativo"
"Club de Lectura ""Enseñando Tecnología en Comunidad"". Construyendo una comunidad de práctica. Difusión y vinculación. Reuniones reuniones reuniones",MetaDocencia,,Latin America,Online,26/04/2022,2022,Book Club,30,Organizer,,"club de lectura ""enseñando tecnología en comunidad"". construyendo una comunidad de práctica. difusión y vinculación. reuniones reuniones reuniones"
"Club de Lectura ""Enseñando Tecnología en Comunidad"". En el salón de clase. Enseñar en línea",MetaDocencia,,Latin America,Online,19/04/2022,2022,Book Club,30,Organizer,,"club de lectura ""enseñando tecnología en comunidad"". en el salón de clase. enseñar en línea"
"Club de Lectura ""Enseñando Tecnología en Comunidad"". Las Reglas. Introducción. ¿Por qué enseño?",MetaDocencia,,Latin America,Online,03/05/2022,2022,Book Club,30,Organizer,,"club de lectura ""enseñando tecnología en comunidad"". las reglas. introducción. ¿por qué enseño?"
"Club de Lectura ""Enseñando Tecnología en Comunidad"". Modelos mentales y evaluación formativa. Tipos de Ejercicios",MetaDocencia,,Latin America,Online,15/03/2022,2022,Book Club,30,Organizer,,"club de lectura ""enseñando tecnología en comunidad"". modelos mentales y evaluación formativa. tipos de ejercicios"
"Club de Lectura ""Enseñando Tecnología en Comunidad"". Pericia y memoria. Ejemplos de mapas conceptuales",MetaDocencia,,Latin America,Online,22/03/2022,2022,Book Club,30,Organizer,,"club de lectura ""enseñando tecnología en comunidad"". pericia y memoria. ejemplos de mapas conceptuales"
"Club de Lectura ""Enseñando Tecnología en Comunidad"". Un proceso para diseñar lecciones. Motivación y desmotivación",MetaDocencia,,Latin America,Online,12/04/2022,2022,Book Club,30,Organizer,,"club de lectura ""enseñando tecnología en comunidad"". un proceso para diseñar lecciones. motivación y desmotivación"
Collaborative translations,CarpentryCon 2022,,Global,Online,09/08/2022,2022,Panel,32,Speaker,,collaborative translations
Como Carpentries me ayudó a diseñar una lección online para 300 estudiantes | How The Carpentries helped me design an online lesson for 300 students,CarpentryCon 2022,,Global,Online,31/07/2022,2022,Lightning talk,67,Speaker,,como carpentries me ayudó a diseñar una lección online para 300 estudiantes | how the carpentries helped me design an online lesson for 300 students
Cómo ganarse la vida enseñando R,LatinR 2022,,Latin America,Online,14/10/2022,2022,Regular Talk,900,Speaker,,cómo ganarse la vida enseñando r
Comunidades de práctica. Desarrollando capacidades en ciencia de datos en América Latina,Women in Data Science La Plata 2022,La Plata,Argentina,Online,10/06/2022,2022,Keynote,100,Speaker,,comunidades de práctica. desarrollando capacidades en ciencia de datos en américa latina
Creando y usando tutoriales interactivos con {learnr},SER - International Seminar on Statistics with R,,Brasil,Online,25/05/2022,2022,Keynote,200,Speaker,,creando y usando tutoriales interactivos con {learnr}
Creating fulfilling volunteer opportunities in open source software communities,CSCCE Community Call,,Global,Online,16/11/2022,2022,Panel,40,Speaker,,creating fulfilling volunteer opportunities in open source software communities
Creating interactive tutorials using {learnr} and {gradethis},The R User Group at the Harvard Data Science Initiative,,USA,Online,19/05/2022,2022,Invited Talk,25,Speaker,,creating interactive tutorials using {learnr} and {gradethis}
Data Science: aprendiendo a agregar valor a los datos,Diplomatura en AgroAnalytics.,,Latin America,Online,20/10/2022,2022,Course,25,Teacher,,data science: aprendiendo a agregar valor a los datos
Datos Masivos en el sector Agropecuario,Diploma en nuevas tecnologías en el agro,Montevideo,Uruguay,Online,11 y 11 de Junio de 2022,2022,Course,12,Teacher,,datos masivos en el sector agropecuario
Datos Masivos en Politicas Publicas,Diplomatura en Ciencia de Datos aplicadas a politicas públicas,Buenos Aires,Argentina,Online,,2022,Course,25,Teacher,,datos masivos en politicas publicas
Datos y digitalización del sector agropecuario.,DataLatam,,Latin America,Online,20/02/2022,2022,Podcast,1000,Speaker,,datos y digitalización del sector agropecuario.
Desde hojas de cálculo a R,Software Sustenaibility Institute,,Global,Online,17/05/2022,2022,Course,30,Teacher,,desde hojas de cálculo a r
From Excel to R,R-Ladies Gaborone,,Botsuana,Online,13/08/2022,2022,Invited Talk,50,Speaker,,from excel to r
Gaps & Opportunities for Inclusive Multilingual Data Science. (Panel),The Turing Way /The Turing Institute,,Global,Online,11/02/2022,2022,Panel,60,Speaker,,gaps & opportunities for inclusive multilingual data science. (panel)
Generando Tutoriales interactivos usando {learnr} y {gradethis},R-Ladies Buenos Aires y MetaDocencia,,Argentina,Online,11/05/2022,2022,Course,8,Teacher,,generando tutoriales interactivos usando {learnr} y {gradethis}
Generando Tutoriales interactivos usando {learnr} y {gradethis},R-Ladies Santa Rosa-R-Ladies Resistencia-Corrientes y MetaDocencia,,Argentina,Online,23/04/2022,2022,Course,8,Teacher,,generando tutoriales interactivos usando {learnr} y {gradethis}
Geotecnologías BigData Aprendizaje automático y emergencias agropecuarias,Seminario de Aplicación al Ambito público - Maestría en Ciencia de Datos - Univ. de San Andrés,,Argentina,Online,06/07/2022,2022,Invited Talk,23,Speaker,,geotecnologías bigdata aprendizaje automático y emergencias agropecuarias
Gestión de Datos,UNAB. Licenciatura en Ciencia de Datos,,Argentina,Online,Agosto-Diciembre,2022,Course,30,Teacher,,gestión de datos
I’ve got a little black Notebook with my code in | Tengo una pequeña notebook negra con mi código en ella,Notebook Now!,,Global,Hybrid,03/11/2022,2022,Keynote,50,Speaker,,i’ve got a little black notebook with my code in | tengo una pequeña notebook negra con mi código en ella
Instructor trainer (how to teach computing skill to scientists),The Carpentries,,Latin America,Online,10-12-17-19 y 26/05/2022,2022,Course,18,Teacher,,instructor trainer (how to teach computing skill to scientists)
Internal R packages for Open Science in Agrometeorology,FOSDEM'22,,Global,Online,05/02/2022,2022,Regular Talk,30,Speaker,,internal r packages for open science in agrometeorology
Intro al sensoramiento Remoto utilizando R aplicado al agro,Bolsa de Cereales de Buenos Aires. Universidad de Maryland,,Argentina,Online,12/09/2022,2022,Course,45,Teacher,,intro al sensoramiento remoto utilizando r aplicado al agro
Intro to {learnr} R package,R-Ladies,,Southafrica,Online,29/03/2022,2022,Course,27,Teacher,,intro to {learnr} r package
Introducción a la programación con R,Bolsa de Cereales de Buenos Aires,Buenos Aires,Argentina,Online,5-12-19-26/04 y 03-10/05/2022,2022,Course,18,Teacher,,introducción a la programación con r
Introducción al análisis de datos con lenguaje R.,Bolsa de Cereales de Bahía Blanca,Bahia Blanca,Argentina,Online,Mayo-Junio 2022,2022,Course,21,Teacher,,introducción al análisis de datos con lenguaje r.
Lo que todo el mundo en Ciencia de Datos debe saber sobre enseñar y aprender,Women In Data Science 2022 – Buenos Aires /FIUBA,,Argentina,Online,12/05/2022,2022,Invited Talk,80,Speaker,,lo que todo el mundo en ciencia de datos debe saber sobre enseñar y aprender
Logrando el cambio que queremos de a una conferencia a la vez | Achieving the change we want one conference at a time,CarpentryCon 2022,,Global,Online,01/08/2022,2022,Keynote,100,Speaker,,logrando el cambio que queremos de a una conferencia a la vez | achieving the change we want one conference at a time
Mentoring & training program for Scientific Open Source Champions,rOpenSci Community Calls,,Global,Online,24/10/2022,2022,Community Call,30,Speaker,,mentoring & training program for scientific open source champions
Panel de GitHub Stars de habla hispana,Octogatos 2022,,Global,Online,15/09/2022,2022,Panel,1000,Speaker,,panel de github stars de habla hispana
rOpenSci: infraestructura para una ciencia abierta en Agrometeorología,Reunión Argentina de Agrometerología 2022,,Latin America,Online,30/09/2022,2022,Keynote,500,Speaker,,ropensci: infraestructura para una ciencia abierta en agrometeorología
rOpenSci. Bringing the best parts of academic peer-review to research software,Notebook Now!,,Global,Hybrid,04/11/2022,2022,Invited Talk,50,Speaker,,ropensci. bringing the best parts of academic peer-review to research software
rOpenSci. Ciencia abierta reproducible,Seminarios INTA-PAE,,Argentina,Online,02/12/2022,2022,Invited Talk,23,Speaker,,ropensci. ciencia abierta reproducible
rOpenSci. Open Source Software Community,Abuja RUG Meetup,,Africa,Online,18/10/2022,2022,Invited Talk,34,Speaker,,ropensci. open source software community
rOpenSci.Convertite en una campeona del desarrollo de paquetes de R,RenBaires Meetup,,Latin America,Online,09/08/2022,2022,Invited Talk,25,Speaker,,ropensci.convertite en una campeona del desarrollo de paquetes de r
Sistema de consulta de datos e información agrometeorológica y agroclimática para la provincia de La Pampa,LatinR 2022,,Latin America,Online,13/10/2022,2022,Regular Talk,900,Speaker,,sistema de consulta de datos e información agrometeorológica y agroclimática para la provincia de la pampa
Teaching with R,rOpenSci Co-working Sessions,,Global,Online,septiembre 2022,2022,Lightning talk,15,Organizer,,teaching with r
Towards More Equitable Open Science Events: Assessing Tools Techniques and Frameworks for Inclusion/Exclusions,Event Fund Seminar Series for grantees and CS&S affiliates,,Global,Online,09/08/2022,2022,Invited Talk,23,Speaker,https://yabellini.netlify.app/talk/2022_css/,towards more equitable open science events: assessing tools techniques and frameworks for inclusion/exclusions
Un palenque pa ́l granizo: una arquitectura flexible para manejo de grandes volúmenes de datos para el agro.,AGRANDA 2022,,Latin America,Online,25/10/2022,2022,Keynote,100,Speaker,,un palenque pa ́l granizo: una arquitectura flexible para manejo de grandes volúmenes de datos para el agro.
useR! 2022. The R Global Conference.,RFoundation/( Vanderbilt University),,Global,Online,julio 2022,2022,Conference,1500,Organizer,,user! 2022. the r global conference.
Visualización,Diplomatura en Ciencia de Datos aplicadas a politicas públicas,,Argentina,Online,,2022,Course,25,Teacher,,visualización
Visualization,UNAB. Licenciatura en Ciencia de Datos,,Argentina,Online,Marzo-Julio,2022,Course,30,Teacher,,visualization
What Everyone In Data Science Should Know About Teaching And Learning,16th Brazilian Meeting of Bayesian Statistics and VI Latin American Conference on Statistical Computing,,Brasil,Online,16/03/2022,2022,Keynote,100,Speaker,,what everyone in data science should know about teaching and learning
rOpenSci. Ciencia abierta reproducible,INTA,,Argentina,Online,02/12/2022,2022,Invited Talk,30,Speaker,https://yabellini.netlify.app/talk/ropensci_pae_inta_2022/,ropensci. ciencia abierta reproducible
Diplomatura en AgroAnalytics. Agricultura inteligente,,,Argentina,Online,15/10/2022,2022,Course,65,Teacher,https://yabellini.netlify.app/talk/austral_agroanalitycs_2022/,diplomatura en agroanalytics. agricultura inteligente
Community Call: mentoring & training program for scientific open source champions,rOpenSci,,Global,Online,24/10/2022,2022,Community Call,50,Speaker,,community call: mentoring & training program for scientific open source champions
Champions Program application clinic - coworking session,rOpenSci,,Global,Online,01/11/2022,2022,Coworking,20,Speaker,,champions program application clinic - coworking session
"Dinosaurs, Pirates, Spaceships",Embedded podcast,,USA,Online,30/11/2023,2023,Podcast,1000,Speaker,https://yabellini.netlify.app/talk/2023_embedded_podcast/,"dinosaurs, pirates, spaceships"
rOpenSci. Ciencia abierta con R,R Day Colombia,,Colombia,Hybrid,23/11/2023,2023,Keynote,150,Speaker,https://yabellini.netlify.app/talk/2023_rday_colombia/,ropensci. ciencia abierta con r
Celebración del 25 Aniversario,The Carpentries 25 aniversario,,Latin America,Online,30/10/2023,2023,Panel,100,Speaker,https://yabellini.netlify.app/talk/2023-10-30-thecarpentries25/,celebración del 25 aniversario
Charla Sponsor: R Consortium,LatinR 2023,Montevideo,Uruguay,In person,20/10/2023,2023,Sponsor Talk,300,Speaker,https://yabellini.netlify.app/talk/2023_latinr_rconsortium/,charla sponsor: r consortium
Análisis de colaboración en comunidades por medio de analisis de redes sociales,LatinR 2023,Montevideo,Uruguay,In person,19/10/2023,2023,Regular Talk,300,Speaker,,análisis de colaboración en comunidades por medio de analisis de redes sociales
6 LatinR 2023 <- Conferencia Latinoamericana de R en Investigación y Desarrollo,LatinR 2023,Montevideo,Uruguay,In person,19/10/2023,2023,Conference,300,Chair,,6 latinr 2023 <- conferencia latinoamericana de r en investigación y desarrollo
rOpenSci. Ciencia Abierta Reproducible por y para todes,4to encuentro anual de R Ladies México,Mexico,Latin America,Online,23/09/2023,2023,Invited Talk,70,Speaker,https://yabellini.netlify.app/talk/2023_r-ladiesmexico/,ropensci. ciencia abierta reproducible por y para todes
Organizing Community Calls using GitHub,CSCCE Open-Source Tools Trial Recap,,Global,Online,30/08/2023,2023,Invited Talk,80,Speaker,https://yabellini.netlify.app/talk/2023_github_cscce/,organizing community calls using github
Campeonas del software libre para ciencia,R-Ladies Santa Rosa y Buenos Aires,,Argentina,Online,08/08/2023,2023,Invited Talk,15,Speaker,,campeonas del software libre para ciencia
Let’s Talk Community with Yanina Belline Saibene,Data Umbrella,,Global,Online,04/08/2023,2023,Podcast,83,Speaker,https://yabellini.netlify.app/talk/2023_dataumbrella/,let’s talk community with yanina belline saibene
Building the rOpenSci Community of Practice,Tampa Bay Estuary Program,,USA,Online,02/08/2023,2023,Invited Talk,30,Speaker,https://yabellini.netlify.app/talk/2023_tbep/,building the ropensci community of practice
Programming for Science,OLS-7,,Global,Online,10/05/2023,2023,Invited Talk,30,Speaker,https://yabellini.netlify.app/talk/2023_ols/,programming for science
"Charla abierta con Thomas Dohmke, CEO de GitHub",Microsoft Argentina,Buenos Aires,Argentina,In person,08/05/2023,2023,Panel,400,Speaker,https://yabellini.netlify.app/talk/2023_github/,"charla abierta con thomas dohmke, ceo de github"
Tell me who you hang out with and I’ll tell you who you are: a collaborative analysis using social network analysis.,"CSV, Conf",Buenos Aires,Argentina,In person,20/04/2023,2023,Regular Talk,200,Speaker,https://yabellini.netlify.app/talk/2023_csv_conf/,tell me who you hang out with and i’ll tell you who you are: a collaborative analysis using social network analysis.
rOpenSci. Reproducible Open Science for (and by) All,Toronto Workshop on Reproducibility / Hybrid (Global),Toronto,Global,Hybrid,23/02/2023,2023,Invited Talk,200,Speaker,,ropensci. reproducible open science for (and by) all
rOpenSci Champions Program. A mentoring & training program for Scientific Open Source Champions,EuroBioImaging,,Europe,Online,16/02/2023,2023,Invited Talk,30,Speaker,https://yabellini.netlify.app/talk/2023_eurobioimaging/,ropensci champions program. a mentoring & training program for scientific open source champions
Multilingual Publishing,Bioconductor,,Global,Online,09/02/2023,2023,Invited Talk,25,Speaker,https://yabellini.netlify.app/talk/2023_bioconductor/,multilingual publishing
rOpenSci Mentoring & training program for Scientific Open Source Champions - Champions and mentors 1,rOpenSci,,Global,Online,27/01/2023,2023,Regular Talk,10,Speaker,https://yabellini.netlify.app/talk/2023_kickoff_meting_2/,ropensci mentoring & training program for scientific open source champions - champions and mentors 1
rOpenSci Mentoring & training program for Scientific Open Source Champions - Champions and mentors 2,rOpenSci,,Global,Online,24/01/2023,2023,Regular Talk,10,Speaker,,ropensci mentoring & training program for scientific open source champions - champions and mentors 2
rOpenSci Mentoring & training program for Scientific Open Source Champions - mentors 1,rOpenSci,,Global,Online,04/12/2023,2023,Regular Talk,2,Speaker,,ropensci mentoring & training program for scientific open source champions - mentors 1
rOpenSci Mentoring & training program for Scientific Open Source Champions - mentors 2,rOpenSci,,Global,Online,05/12/2023,2023,Regular Talk,5,Speaker,,ropensci mentoring & training program for scientific open source champions - mentors 2
rOpenSci Mentoring & training program for Scientific Open Source Champions - mentors 3,rOpenSci,,Global,Online,04/12/2023,2023,Regular Talk,4,Speaker,,ropensci mentoring & training program for scientific open source champions - mentors 3
Proyecto Multilingüe,rOpenSci,,Global,Online,23/11/2023,2023,Community Call,20,Organizer,,proyecto multilingüe
Multilingual Publishing,rOpenSci,,Global,Online,21/11/2023,2023,Community Call,20,Organizer,,multilingual publishing
R in Government,rOpenSci,,Global,Online,31/10/2023,2023,Community Call,60,Organizer,,r in government
Mentoring & training program for Scientific Open Source Champions,rOpenSci,,Global,Online,25/07/2023,2023,Community Call,30,Organizer,,mentoring & training program for scientific open source champions
A Journey through Arrow in R,rOpenSci,,Global,Online,28/06/2023,2023,Community Call,60,Organizer,,a journey through arrow in r
{targets} in Action,rOpenSci,,Global,Online,31/01/2023,2023,Community Call,90,Organizer,,{targets} in action
Making a PACT for engaging virtual meetings and events,rOpenSci,,Global,Online,15/02/2023,2023,Course,10,Organizer,,making a pact for engaging virtual meetings and events
Package development: the mechanics,rOpenSci,,Global,Online,14/03/2023,2023,Course,20,Teacher Assistant,,package development: the mechanics
Package development: not rocket science,rOpenSci,,Global,Online,23/03/2023,2023,Course,20,Teacher Assistant,,package development: not rocket science
How rOpenSci performs peer review (Mauro Lepore),rOpenSci,,Global,Online,04/04/2023,2023,Course,20,Organizer,,how ropensci performs peer review (mauro lepore)
How to contribute to base R (Heather Turner),rOpenSci,,Global,Online,18/05/2023,2023,Course,20,Organizer,,how to contribute to base r (heather turner)
Developing software together (Paola Corrales & Yanina Bellini Saibene),rOpenSci,,Global,Online,19/05/2023,2023,Course,20,Teacher,,developing software together (paola corrales & yanina bellini saibene)
Kickoff meeting for champions and mentors,rOpenSci,,Global,Online,24/01/2023,2023,Course,10,Organizer,,kickoff meeting for champions and mentors
Cohort meeting - champions program 2022-2023,rOpenSci,,Global,Online,19/06/2023,2023,Course,10,Organizer,,cohort meeting - champions program 2022-2023
Cohort meeting - champions program 2022-2023,rOpenSci,,Global,Online,27/06/2023,2023,Course,10,Organizer,,cohort meeting - champions program 2022-2023
Kickoff meeting for champions and mentors,rOpenSci,,Global,Online,27/01/2023,2023,Course,10,Organizer,,kickoff meeting for champions and mentors
Cohort meeting - champions program 2022-2023,rOpenSci,,Global,Online,23/08/2023,2023,Course,10,Organizer,,cohort meeting - champions program 2022-2023
Cohort meeting - champions program 2022-2023,rOpenSci,,Global,Online,31/08/2023,2023,Course,10,Organizer,,cohort meeting - champions program 2022-2023
Cohort meeting - champions program 2022-2023,rOpenSci,,Global,Online,24/11/2023,2023,Course,15,Organizer,,cohort meeting - champions program 2022-2023
Spring Cleaning for R packages and Scripts,rOpenSci,,Global,Online,03/05/2023,2023,Coworking,10,Organizer,https://ropensci.org/events/coworking-2023-05/,spring cleaning for r packages and scripts
Champions Program Application Clinic,rOpenSci,,Global,Online,23/08/2023,2023,Coworking,8,Organizer,https://ropensci.org/events/coworking-2023-08-23/,champions program application clinic
Champions Program Application Clinic,rOpenSci,,Global,Online,27/08/2023,2023,Coworking,5,Organizer,https://ropensci.org/events/coworking-2023-08-17/,champions program application clinic
Causal Inference,PositConf 2023,,Global,In person,19y20 Septiembre de 2023,2023,Course,60,Teacher Assistant,,causal inference
Champions Program Kickoff Meeting - 1,rOpenSci Champions Program,,Global,Online,29-01-2024,2024,Course,15,Teacher,,champions program kickoff meeting - 1
Champions Program Kickoff Meeting - 2,rOpenSci Champions Program,,Global,Online,30-01-2024,2024,Course,5,Teacher,,champions program kickoff meeting - 2
Mentorship Training and Orientation,rOpenSci Champions Program,,Global,Online,14-02-2024,2024,Course,20,Teacher,,mentorship training and orientation
Beautiful Code. Because we are worthy,rOpenSci Champions Program,,Global,Online,15/02/2024,2024,Course,15,Teacher Assistant,,beautiful code. because we are worthy
Package Development - The Mechanics Session 1,rOpenSci Champions Program,,Global,Online,22/02/2024,2024,Course,12,Teacher Assistant,,package development - the mechanics session 1
Package Development - The Mechanics Session 2,rOpenSci Champions Program,,Global,Online,29/02/2024,2024,Course,15,Teacher Assistant,,package development - the mechanics session 2
Package Development - The Mechanics Session 3,rOpenSci Champions Program,,Global,Online,07/03/2024,2024,Course,10,Teacher Assistant,,package development - the mechanics session 3
Package Development - Not Rocket Science,rOpenSci Champions Program,,Global,Online,10/03/2024,2024,Course,12,Teacher Assistant,,package development - not rocket science
How to contribute to open projects and communities,rOpenSci Champions Program,,Global,Online,03-04-2024,2024,Course,10,Teacher,,how to contribute to open projects and communities
Reproducible Open Science by and for All,CZI Open Science 2024,Boston,USA,In person,14/06/2024,2024,Invited Talk,300,Speaker,https://yabellini.netlify.app/talk/2024_czi_boston/,reproducible open science by and for all
Amplificando voces: minorías en la frontera de la IA en la comunidad R,VIII International Seminar on Statistics with R.,,Brasil,Hybrid,04/06/2024,2024,Invited Talk,300,Speaker,https://yabellini.netlify.app/talk/2024_ser_brasil/,amplificando voces: minorías en la frontera de la ia en la comunidad r
Yani Bellini Saibene on better scientific coding communities,Sustain Podcast,,Global,Online,12/04/2024,2024,Podcast,2000,Speaker,https://yabellini.netlify.app/talk/2024_sustain_podcast/,yani bellini saibene on better scientific coding communities
rOpenSci and the Peer-Review of Research Software,BioPackhaton,,Japon,Online,11/12/2024,2024,Invited Talk,11,Speaker,https://yabellini.netlify.app/talk/2024_biopackhaton/,ropensci and the peer-review of research software
Using GitHub Copilot (and other LLM) with R,R-Ladies Rome,Rome,Global,Online,10/12/2024,2024,Invited Talk,30,Speaker,https://yabellini.netlify.app/talk/2024_r-ladiesrome/,using github copilot (and other llm) with r
Usando Quarto Live para tutoriales interactivos,LatinR 2024,,Global,Online,22/11/2024,2024,Regular Talk,800,Speaker,https://yabellini.netlify.app/talk/2024_latinr_quartolive/,usando quarto live para tutoriales interactivos
The stories behind your community numbers,CarpentryConnect,Heilderberg,Alemania,Hybrid,14/12/2024,2024,Keynote,200,Speaker,https://yabellini.netlify.app/talk/2024_carpentryconbiont/,the stories behind your community numbers
Unlocking Insights from LatinR. Collaboration and Innovation in Data Science,RConsortium Webinars,,Global,Online,22/10/2024,2024,Invited Talk,200,Speaker,https://yabellini.netlify.app/talk/2024_rconsortium_latinr/,unlocking insights from latinr. collaboration and innovation in data science
R-Ladies Global & Other #RStats Communities,Ghana R User Groups,,Global,Online,14/09/2024,2024,Invited Talk,50,Speaker,https://yabellini.netlify.app/talk/2024_r-ladies-ghana/,r-ladies global & other #rstats communities
Educación abierta: materiales online al alcance de la mano,Innovation Day 2024 - Universidad Austral,Rosario,Argentina,Online,11/12/2024,2024,Lightning talk,200,Speaker,https://yabellini.netlify.app/talk/2024_austral_educacion/,educación abierta: materiales online al alcance de la mano
Making a PACT for engaging virtual meetings and events,rOpenSci Champions Program,,Global,Online,14/08/2024,2024,Course,20,Organizer,,making a pact for engaging virtual meetings and events
Hermosas presentaciones con Quarto,Santa Rosa Meetup,Santa Rosa,Argentina,Online,16/03/2024,2024,Course,16,Teacher,https://yabellini.netlify.app/talk/2024_quarto_rladiessr/,hermosas presentaciones con quarto
Crossing the Language Barrier,Code for Thought,,Global,Online,12/03/2024,2024,Podcast,200,Speaker,https://yabellini.netlify.app/talk/2024_code_4_thought_podcast/,crossing the language barrier
Fostering Diversity and Sustainability in the Open Source Scientific Software Community. The rOpenSci Champions Program,Open Research Devroom. FOSSDEM,,Global,Online,10/02/2024,2024,Regular Talk,50,Speaker,https://yabellini.netlify.app/talk/2024_devroom/,fostering diversity and sustainability in the open source scientific software community. the ropensci champions program
Research Software Camp: From spreadsheets to R,Software Sustainability Institute,,Global,Online,27/11/2024,2024,Course,30,Teacher,https://www.eventbrite.co.uk/e/research-software-camp-from-spreadsheets-to-r-tickets-1056738235509,research software camp: from spreadsheets to r
"Concurso ""Contar con Datos""",Universidad de San Andres. Fundacion Sadosky.,Buenos Aires,Argentina,Hybrid,24/11/2024,2024,Contest,40,Jury,https://udesa.edu.ar/contarcondatos,"concurso ""contar con datos"""
Tradução + Hackathon = Traslaton rOpenSci,LatinR. rOpenSci,,Latin America,Online,18/11/2024,2024,Hackathon,20,Organizer,https://www.eventbrite.cl/e/traducao-hackathon-traslaton-ropensci-tickets-1045507530167,tradução + hackathon = traslaton ropensci
7 LatinR Conference 2024,LatinR 2024,,Latin America,Online,18-22/11/2024,2024,Conference,800,Chair,,7 latinr conference 2024
Workshop Introduccion a Github para Investigador(a|e)s,LatinR. GitHub Star,,Latin America,Online,18/11/2024,2024,Course,30,Teacher,https://www.eventbrite.cl/e/introduccion-a-github-para-investigadoraes-tickets-1045617188157?utm-campaign=social&utm-content=attendeeshare&utm-medium=discovery&utm-term=listing&utm-source=cp&aff=ebdsshcopyurl,workshop introduccion a github para investigador(a|e)s
A comunidade R fala português,rOpenSci Community Call,,Latin America,Online,6/11/2024,2024,Community Call,20,Organizer,https://ropensci.org/commcalls/translation-portuguese/,a comunidade r fala português
Navigating the R ecosystem using R-universe,rOpenSci Community Call,,Global,Online,24/09/2024,2024,Community Call,60,Organizer,https://ropensci.org/commcalls/nov2024-r-universe/,navigating the r ecosystem using r-universe
Nerdearla Argentina,Nerdearla Argentina Conferencia,,Global,Hybrid,30/09/2024,2024,Conference,1000,Organizer,,nerdearla argentina
Nerdearla Mexico,Nerdearla Mexico Conferencia,,Global,Hybrid,30/09/2024,2024,Conference,1000,Organizer,,nerdearla mexico
Screen Reader Accessible Tools and Resources for Learning and Working with R,Champions Program Event,,Global,Online,10/09/2024,2024,Community Call,70,Organizer,https://ropensci.org/events/rsr-learn-and-use/,screen reader accessible tools and resources for learning and working with r
"CSV,Conf,v8 2024",Conferencia,,Global,In person,28/05/2024,2024,Conference,300,Organizer,,"csv,conf,v8 2024"
How rOpenSci performs peer-review,rOpenSci Champions Program,,Global,Online,15/04/2024,2024,Course,20,Organizer,,how ropensci performs peer-review
Introduccion a AgTech,UCES,,Argentina,Online,11/07-25/07,2024,Course,30,Teacher,,introduccion a agtech
Training - Developing Software Together,rOpenSci Champions Program,,Global,Online,23/07/2024,2024,Course,50,Teacher,,training - developing software together
Last Cohort Meeting - rOpenSci Champions Program,rOpenSci Champions Program,,Global,Online,13/12/2024,2024,Coworking,15,Organizer,,last cohort meeting - ropensci champions program
Gestión de Datos Masivos en el Agro,UCA,,Argentina,Online,3/10/2024,2024,Course,17,Teacher,,gestión de datos masivos en el agro
Ciencia de Datos en el Agro,UCES,,Argentina,Online,3/10-17/10,2024,Course,23,Teacher,,ciencia de datos en el agro
Role of community manager in rOpensci community,This is Tech Talks,,Global,Online,18/01/2025,2025,Podcast,2000,Speaker,https://yabellini.netlify.app/talk/2025_this_is_tech/,role of community manager in ropensci community
8 LatinR 2025 - Latinamerican Conference About the Use of R in R&D,LatinR 2025,,Latin America,Online,1-5/12/2025,2025,Conference,800,Chair,,8 latinr 2025 - latinamerican conference about the use of r in r&d
Nerdearla Argentina 2025,Conferencia,Buenos Aires,Argentina,Hybrid,23/09/2025,2025,Conference,2000,Organizer,,nerdearla argentina 2025
From Novice to Contributor: Making and Supporting First-Time Contributions to FOSS,rOpenSci,,Global,Online,20/01/2025,2025,Community Call,60,Organizer,https://ropensci.org/commcalls/first-time-contributor/,from novice to contributor: making and supporting first-time contributions to foss
"Session Open Science, R Packages, and Research Software Development","CSIDNet, rOpenSci",,Thailand,In person,20/07/2025,2025,Coworking,25,Organizer,,"session open science, r packages, and research software development"
Clinica de Aplicación para el Programa de Campeon(e|a)s de rOpenSci,rOpenSci,,Global,Online,15/04/2025,2025,Coworking,30,Organizer,https://ropensci.org/events/clinica-champions-2025-04/,clinica de aplicación para el programa de campeon(e|a)s de ropensci
"Mini-hackathons ""For first time contributors""",rOpenSci,,Global,Online,04/02/2025,2025,Hackathon,35,Organizer,,"mini-hackathons ""for first time contributors"""
"Mini-hackathons ""For first time contributors""",rOpenSci,,Global,Online,04/03/2025,2025,Hackathon,35,Organizer,,"mini-hackathons ""for first time contributors"""
Package Development - Encuentro 3,Champions Program Event,,Latin America,Online,30/09/2025,2025,Course,20,Organizer,,package development - encuentro 3
Package Development - Encuentro 2,Champions Program Event,,Latin America,Online,23/09/2025,2025,Course,20,Organizer,,package development - encuentro 2
Package Development - Encuentro 1,Champions Program Event,,Latin America,Online,16/09/2025,2025,Course,20,Organizer,,package development - encuentro 1
Code Style,Champions Program Event,,Latin America,Online,02/09/2025,2025,Course,20,Organizer,,code style
Desarrollo de Software en Comunidad - Encuentro 2,Champions Program Event,,Latin America,Online,27/08/2025,2025,Course,20,Teacher,,desarrollo de software en comunidad - encuentro 2
Desarrollo de Software en Comunidad - Encuentro 1,Champions Program Event,,Latin America,Online,20/08/2025,2025,Course,20,Teacher,,desarrollo de software en comunidad - encuentro 1
Social Coworking and Office Hours - Research Software Engineering and R (rOpenSci),rOpenSci,,Global,Online,01/07/2025,2025,Coworking,40,Organizer,,social coworking and office hours - research software engineering and r (ropensci)
rOpenSci Champions Program. A mentoring & training program for Scientific Open Source Champions,Champions Program Event,,Latin America,Online,18/06/2025,2025,Course,10,Teacher,,ropensci champions program. a mentoring & training program for scientific open source champions
Kickoff meeting for Champions,Champions Program Event,,Latin America,Online,25/06/2025,2025,Coworking,15,Organizer,,kickoff meeting for champions
Mi3rda git!,R-Ladies Santa Rosa,,Argentina,Online,24/06/2025,2025,Course,15,Organizer,,mi3rda git!
rOpenSci Champions Program. A mentoring & training program for Scientific Open Source Champions,Champions Program Event,,Latin America,Online,12/06/2025,2025,Course,10,Teacher,,ropensci champions program. a mentoring & training program for scientific open source champions
Kickoff meeting for Champions,Champions Program Event,,Latin America,Online,03/07/2025,2025,Coworking,10,Organizer,,kickoff meeting for champions
Reunión de Inicio Mentor(a|e)s - Opción 1,Champions Program Event,,Latin America,Online,27/05/2025,2025,Coworking,5,Organizer,,reunión de inicio mentor(a|e)s - opción 1
Reunión de Inicio Mentor(a|e)s - Opción 2,Champions Program Event,,Latin America,Online,28/05/2025,2025,Coworking,7,Organizer,,reunión de inicio mentor(a|e)s - opción 2
Reunión de Inicio Mentor(a|e)s - Opción 3,Champions Program Event,,Latin America,Online,30/05/2025,2025,Coworking,6,Organizer,,reunión de inicio mentor(a|e)s - opción 3
Club de Lectura de Enseñar Tecnología en Comunidad,,,,,2022-05-08,2022,Talk,,Speaker,https://yabellini.netlify.app/blog/2022_metadocencia_club_lectura_t3/10-bookclubt3/,
How 2021 went?,,,,,2022-01-01,2022,Talk,,Speaker,https://yabellini.netlify.app/blog/2021_how2021went_en/,
"On programming, teaching, and building interactive tutorials with learnr",,,,Online,2021-01-21,2021,Talk,,Speaker,https://resources.rstudio.com/resources/rstudioglobal-2021/on-programming-teaching-and-building-interactive-tutorials-with-learnr/,
Aprendiendo {learnr} - Tutoriales interactivos,,,,,2021-01-21,2021,Talk,,Speaker,https://learning-learnr.netlify.app/,
"rOpenSci, infraestructura para una ciencia abierta en Agrometeorología",,,,,2022-09-30,2022,Talk,,Speaker,https://yabellini.netlify.app/talk/keynote_rada_2022/,
"Towards More Equitable Open Science Events: Assessing Tools, Techniques, and Frameworks for Inclusion/Exclusions",,,,Online,2022-08-09,2022,Talk,,Speaker,https://yabellini.netlify.app/talk/css_2022/,
"Geotecnologías, BigData, Aprendizaje automático y emergencias agropecuarias",,,,,2022-07-06,2022,Talk,,Speaker,https://yabellini.netlify.app/talk/seminarioaplicacionespublicas_2022/,
GitHub Stars Latin American Panel,,,,,2022-09-15,2022,Talk,,Speaker,https://sessionize.com/octogatosconf22,
[Open Course] Intro al sensoramiento Remoto utilizando R aplicado al agro,,,,,2022-09-12,2022,Talk,,Speaker,https://yabellini.netlify.app/courses/agri_remote_sensing/,
10 reglas para organizar un Club de Lectura (on-line) exitoso,,,,,2022-10-13,2022,Talk,,Speaker,https://yabellini.netlify.app/talk/latinr_2022_book_club/,
Datos y digitalización del sector agropecuario,,,,,2022-02-20,2022,Talk,,Speaker,https://youtu.be/JUBySmXqwc4,
Gaps & Opportunities for Inclusive Multilingual Data Science,,,,,2022-02-11,2022,Talk,,Speaker,https://yabellini.netlify.app/talk/ttw_firechat_2022/,
Building inclusive communities,,,,,2022-02-19,2022,Talk,,Speaker,https://yabellini.netlify.app/talk/asiar_2022/,
Generando tutoriales interactivos con el paquete {learnr},,,,,2022-04-23,2022,Talk,,Speaker,https://yabellini.netlify.app/courses/tutorialesinteractivos_intro/,
Enabling Inclusive Research Conferencing in the ‘Post-Pandemic Era’,,,,,2022-04-29,2022,Talk,,Speaker,https://pad.sfconservancy.org/p/ttw-fireside-chat-apr2022,
The Carpentries - Instructor Training,,,,,2022-03-10,2022,Event Organization,,Organizer,https://yabellini.github.io/2022-05-10-ttt-online-spanish/,
Taller learnr - R-Ladies BA,,,,,2022-03-10,2022,Talk,,Speaker,https://yabellini.netlify.app/courses/tutorialesinteractivos_intro/,
Desde las hojas de cálculo a R,,,,,2022-05-17,2022,Talk,,Speaker,https://www.youtube.com/watch?v=qOpXUo6epr0,
"Bueno, bonito y barato: reportes reproducibles con Rmarkdown",,,,,2022-05-28,2022,Talk,,Speaker,https://t.co/rF9rdTN0GB,
useR! Conference 2022,,,,Online,2022-06-20,2022,Event Organization,,Organizer,https://user2022.r-project.org/,
Bug Barbecue,,,,Online,2022-06-23,2022,Event Organization,,Organizer,https://contributor.r-project.org/events/bug-bbq,
LatinR 2022|  Conferencia Latinoamericana sobre Uso de R en Investigación + Desarrollo,,,,,2022-10-10,2022,Event Organization,,Organizer,https://latin-r.com/,
Datos y digitalización del sector agropecuario,,,,,2022-02-20,2022,Video/Podcast,,Participant,https://youtu.be/JUBySmXqwc4,
Episodio 27 del podcast AgroVision.,,,,,2021-06-04,2021,Video/Podcast,,Participant,https://open.spotify.com/episode/7cDJJo6OcAhswDyjE0noYe?si=gS-6jmW2TSGw2tjqcVIW7g,
useR! 2021 The R Conference,,,,Online,2021-07-05,2021,Event Organization,,Organizer,https://user2021.r-project.org/,
LatinR 2021| Conferencia Latinoamericana sobre Uso de R en Investigación + Desarrollo,,,,,2021-11-08,2021,Event Organization,,Organizer,https://latin-r.com/,
Introduction to online teaching essentials,,,,Online,2020-06-20,2020,Event Organization,,Organizer,https://www.metadocencia.org/en/curso/intro-abc-online/,
Teaching on-line essentials,,,,Online,2020-10-03,2020,Event Organization,,Organizer,https://www.meetup.com/es/rladies-santa-rosa/events/273506766/,
Introduction to online teaching essentials,,,,Online,2020-06-18,2020,Event Organization,,Organizer,https://www.metadocencia.org/en/curso/intro-abc-online/,
BoF Measure Impact in Educational Events,,,,,2021-05-05,2021,Event Organization,,Organizer,https://csvconf.com/,
Cómo hacer una reunión virtual inolvidable (sin morir en el intento),,,,Online,2020-07-01,2020,Talk,,Speaker,https://www.meetup.com/es/rladies-santa-rosa/events/271529806/,
49 Jornadas Argentinas de Informática e Investigación Operativa,,,,,2020-10-30,2020,Event Organization,,Organizer,https://49jaiio.sadio.org.ar/,
LatinR -> Conferencia Latinoamerica de R para Investigación y Desarrollo,,,,Online,2020-10-07,2020,Event Organization,,Organizer,https://github.com/LatinR/presentaciones-LatinR2020,
RStudio Instructor Certification Webinar,,,,,2020-06-12,2020,Talk,,Speaker,https://youtu.be/582tMkPvloU,
Mujeres en STEAM - ¿Quién es Yanina Bellini Saibene?,,,,,2020-06-26,2020,Video/Podcast,,Participant,https://youtu.be/_SmnmK6DgOg,
Cadena de datos Episodio 37. Entrevista a Yanina Bellini Saibene,,,,,2021-02-03,2021,Video/Podcast,,Participant,https://youtu.be/5usE2w2v33E,
Facilitating discussions around DEI,,,,,2021-04-27,2021,Talk,,Speaker,https://www.cscce.org/event/dei-sig-facilitating-discussions-around-dei/,
Como enseñar a programar on-line,,,,,2021-03-22,2021,Event Organization,,Organizer,https://www.metadocencia.org/curso/programar/,
Intro al ABC para enseñar on-line,,,,,2021-03-20,2021,Event Organization,,Organizer,https://www.metadocencia.org/curso/intro-abc-online/,
R-Ladies 2020 and TidyModels,,,,,2020-12-07,2020,Event Organization,,Organizer,https://rladiesenargentina.github.io/Resumen_meetups_2020/,
Cómo enseñar a programar online,,,,Online,2021-04-24,2021,Event Organization,,Organizer,https://www.metadocencia.org/curso/programar/,
Comunidades de práctica - Mujeres que inspiran,,,,,2021-02-12,2021,Talk,,Speaker,https://twitter.com/CientificasEC,
Intro al ABC para enseñar on-line,,,,,2021-02-26,2021,Event Organization,,Organizer,https://www.metadocencia.org/curso/intro-abc-online/,
Procesando datos espaciales con R,,,,,2020-11-03,2020,Hackathon,,Participant,https://desafiosagtech.com/,
Aplicaciones de Ciencias de Datos en el sector agropecuario,,,,,2021-05-14,2021,Talk,,Speaker,https://congreso.see-ec.org/,
Hacia una red de práctica sobre comunidades de práctica,,,,,2020-11-12,2020,Talk,,Speaker,https://www.youtube.com/watch?v=7faW466eccM,
Generando tutoriales interactivos con el paquete learnr,,,,Online,2020-10-02,2020,Event Organization,,Organizer,https://www.meetup.com/es/rladies-santa-rosa/events/273513242/,
Predictive modeling with text using tidy data principles - useR! 2020 tutorial,,,,,2020-07-24,2020,Event Organization,,Organizer,https://www.meetup.com/es/rladies-santa-rosa/events/271927045/,
Ciencia de datos aplicada al sector agropecuario,,,,,2021-05-01,2021,Talk,,Speaker,https://twitter.com/wids_lapaz,
¿Qué es un poster?,,,,,2020-12-12,2020,Talk,,Speaker,https://twitter.com/rladieslapaz,
La ciencia de datos al servicio del sector agropecuario,,,,,2021-03-10,2021,Talk,,Speaker,https://www.austral.edu.ar/cienciasempresariales/conocimiento-e-impacto/austral-en-linea/webinars-2021/,
Primeros pasos con GIT,,,,,2020-05-18,2020,Talk,,Speaker,https://www.meetup.com/es/rladies-santa-rosa/events/270668823/,
Aprendé a hacer ejercicios interactivos de R con learnr.,,,,,2021-05-08,2021,Event Organization,,Organizer,https://www.meetup.com/es/renbaires/events/277921094/,
Geotecnologías aplicadas al sector agropecuario,,,,Online,2021-02-11,2021,Talk,,Speaker,https://youtu.be/k3rS2vIZaLc,
Taller de Imagenes satelitales para uso agropecuario,,,,Online,2020-11-17,2020,Talk,,Speaker,https://inta.gob.ar/eventos/uso-y-analisis-de-imagenes-satelitales-en-el-agro,
R-Ladies+ Invita a useR!,,,,,2021-04-28,2021,Event Organization,,Organizer,https://www.meetup.com/es/rladies-santa-rosa/events/277740852/,
"On programming, teaching, and building interactive tutorials with learnr",,,,Online,2021-01-21,2021,Talk,,Speaker,https://www.rstudio.com/resources/rstudioglobal-2021/on-programming-teaching-and-building-interactive-tutorials-with-learnr/,
Intro al ABC para enseñar on-line,,,,Online,2020-05-16,2020,Event Organization,,Organizer,https://www.metadocencia.org/curso/intro-abc-online/,
"CSV,Conf",,,,Online,2023-04-17,2023,Event Organization,,Organizer,https://csvconf.com/,
Enseñar Tecnología en Comunidad,,,,,2023-06-19,2023,Event Organization,,Organizer,https://yabellini.netlify.app/courses/t3es/,
rOpenSci Mentoring & training program for Scientific Open Source Champions. Kickoff meeting 1.,,,,,2023-01-24,2023,Event Organization,,Organizer,https://yabellini.netlify.app/talk/2023_kickoff_meting_1/,
rOpenSci Mentoring & training program for Scientific Open Source Champions. Kickoff Meeting 2,,,,,2023-01-27,2023,Event Organization,,Organizer,https://yabellini.netlify.app/talk/2023_kickoff_meting_2/,
Nerdearla,,,,,2023-07-31,2023,Event Organization,,Organizer,https://nerdear.la/,
Developing Software Together (training for champions program applicants),,,,,2023-05-19,2023,Event Organization,,Organizer,https://ropensci.org/events/2023-05-19-developing-software-together/,
How to contribute to base R (champions training),,,,,2023-05-18,2023,Event Organization,,Organizer,https://ropensci.org/events/2023-05-18-how-to-contribute-base-r/,
How rOpenSci performs peer-review,,,,,2023-04-04,2023,Event Organization,,Organizer,https://ropensci.org/events/2023-04-04-how-ropensci-review/,
Package Development: Not Rocket Science (champions training),,,,,2023-03-23,2023,Event Organization,,Organizer,https://ropensci.org/events/2023-03-23-pkg-dev-not-rocket-science-champions/,
Package Development: the Mechanics (champions training),,,,,2023-03-14,2023,Event Organization,,Organizer,https://ropensci.org/events/2023-03-14-pkg-dev-mechanics-champions/,
rOpenSci Champions Program. Mentorship Training and Orientation,,,,,2023-02-21,2023,Event Organization,,Organizer,https://ropensci.org/events/2023-03-01-mentor-orientation/,
Let's Talk Community with Yanina Bellini Saibene,,,,,2023-08-04,2023,Video/Podcast,,Participant,https://blog.dataumbrella.org/yanina-community,
LatinR 2023| Conferencia Latinoamericana sobre Uso de R en Investigación + Desarrollo,,,,Online,2023-10-18,2023,Event Organization,,Organizer,https://latin-r.com/,
Nerdearla Argentina y Mexico,,,,,2024-10-01,2024,Event Organization,,Organizer,https://nerdear.la/en/,
Social Coworking and Office Hours - Champions Program Application Clinic,,,,,2023-08-23,2023,Event Organization,,Organizer,https://ropensci.org/events/coworking-2023-08-23/,
Social Coworking and Office Hours - Champions Program Application Clinic,,,,,2023-08-17,2023,Event Organization,,Organizer,https://ropensci.org/events/coworking-2023-08-17/,
Charla R Consortium,,,,,2023-10-20,2023,Talk,,Speaker,https://yabellini.netlify.app/talk/2023_latinr_rconsortium/,
"rOpenSci News Digest, November 2023",,,,,2023-11-24,2023,Other,,Other,https://ropensci.org/blog/2023/11/24/news-november-2023/,
"rOpenSci News Digest, October 2023",,,,,2023-10-20,2023,Other,,Other,https://ropensci.org/blog/2023/10/20/news-october-2023/,
"rOpenSci News Digest, September 2023",,,,,2023-09-22,2023,Other,,Other,https://ropensci.org/blog/2023/09/22/news-september-2023/,
"rOpenSci News Digest, August 2023",,,,,2023-08-25,2023,Other,,Other,https://ropensci.org/blog/2023/08/25/news-august-2023/,
"rOpenSci News Digest, July 2023",,,,,2023-07-21,2023,Other,,Other,https://ropensci.org/blog/2023/07/21/news-july-2023/,
"rOpenSci News Digest, June 2023",,,,,2023-06-22,2023,Other,,Other,https://ropensci.org/blog/2023/06/22/ropensci-news-digest-june-2023/,
"rOpenSci News Digest, May 2023",,,,,2023-05-19,2023,Other,,Other,https://ropensci.org/blog/2023/05/19/ropensci-news-digest-may-2023/,
"rOpenSci News Digest, April 2023",,,,,2023-04-21,2023,Other,,Other,https://ropensci.org/blog/2023/04/21/ropensci-news-digest-april-2023/,
"rOpenSci News Digest, March 2023",,,,,2023-03-17,2023,Other,,Other,https://ropensci.org/blog/2023/03/17/ropensci-news-digest-march-2023/,
"rOpenSci News Digest, February 2023",,,,,2023-02-17,2023,Other,,Other,https://ropensci.org/blog/2023/02/17/ropensci-news-digest-february-2023/,
"rOpenSci News Digest, January 2023",,,,,2023-01-20,2023,Other,,Other,https://ropensci.org/blog/2023/01/20/ropensci-news-digest-january-2023/,
Community Call Multilingual Publishing,,,,,2023-11-21,2023,Event Organization,,Organizer,https://ropensci.org/commcalls/nov2023-multilingual/,
Community Call - Proyecto Multilingüe,,,,,2023-11-23,2023,Event Organization,,Organizer,https://ropensci.org/commcalls/nov2023-multilenguaje/,
"Dinosaurs, Pirates, Spaceships - Embedded Podcast",,,,,2023-12-01,2023,Video/Podcast,,Participant,https://embedded.fm/episodes/465,
rOpenSci: Ciencia abierta con R,,,,,2023-11-24,2023,Talk,,Speaker,https://youtu.be/iFf6v4SZvR0,
R-Ladies Project Lead,,,,,2023-12-31,2023,Other,,Other,https://rladies.org/,
Member The Carpentries Executive Council and Board of Directors,,,,,2023-12-01,2023,Other,,Other,https://carpentries.org/,
"Member R Consortium Infrastructure Steering Committee,",,,,,2023-12-01,2023,Other,,Other,https://www.r-consortium.org/about/governance,
Research Software Camp Steering Committee,,,,Online,2023-12-01,2023,Other,,Other,https://www.software.ac.uk/training/research-software-camps,
he Carpentries Community Discussion Session: Carpentries Conversation with the Executive Council,,,,,2023-06-14,2023,Talk,,Speaker,"https://pad.carpentries.org/community-discussions,%20https://carpentries.zoom.us/my/carpentriesroom2",
Desde las hojas de cálculo a R,,,,,2023-06-28,2023,Event Organization,,Organizer,https://www.eventbrite.co.uk/e/desde-las-hojas-de-calculo-a-r-tickets-628425626967?aff=oddtdtcreator,
Notebooks Now! Steering Committee,,,,,2023-12-01,2023,Other,,Other,https://data.agu.org/notebooks-now/,
LatinR Conference 2024,,,,Online,2024-11-20,2024,Event Organization,,Organizer,https://latinr.org/,
"Contests ""Tell with Data""",,,,,2024-11-25,2024,Hackathon,,Participant,https://udesa.edu.ar/contarcondatos,
rOpenSci Champions Program. Mentorship Training and Orientation,,,,,2024-02-15,2024,Talk,,Speaker,https://ropensci.org/events/2024-02-15-mentor-orientation/,
"Beautiful code, because we’re worth it!",,,,,2024-02-15,2024,Event Organization,,Organizer,https://ropensci.org/events/2024-02-15-stylish-code/,
Package Development: Not Rocket Science (champions training),,,,,2024-03-07,2024,Event Organization,,Organizer,https://ropensci.org/events/2024-04-01-pkg-dev-not-rocket-science-champions/,
Package Development: the Mechanics,,,,,2024-03-01,2024,Event Organization,,Organizer,https://ropensci.org/events/2024-03-01-pkg-dev-mechanics-champions/,
Using GitHub Copilot with R,,,,,2024-12-10,2024,Talk,,Speaker,https://rladiesrome.quarto.pub/,
rOpenSci and Open Source for reproducible science,,,,,2024-12-05,2024,Talk,,Speaker,https://biopackathon.connpass.com/event/332275/,
The Carpentries Advisory Committee,,,,,2024-01-01,2024,Other,,Other,https://carpentries.org/about-us/governance/,
The Carpentries Board of Directors,,,,Online,2024-01-01,2024,Other,,Other,https://carpentries.org/about-us/governance/,
R-Ladies Board of Director/Leadership Team,,,,,2024-01-01,2024,Other,,Other,https://rladies.org/about-us/global-team/,
El rol del software de investigación a lo largo del ciclo de vida investigativo,,,,,2025-08-20,2025,Talk,,Speaker,https://yabellini.netlify.app/talk/2025_resa_ropensci/,
NumFOCUS’ DISC Unconf,,,,,2025-03-14,2025,Hackathon,,Participant,https://numfocus.github.io/disc-unconference-2025/,
Learning from Each Other’s Journeys: Case Studies from Open Initiatives,,,,,2025-07-31,2025,Talk,,Speaker,https://yabellini.netlify.app/talk/2025_theturingway/,
Desarrollando paquetes de R con la ayuda de rOpenSci,,,,Online,2025-04-23,2025,Talk,,Speaker,https://yabellini.netlify.app/talk/2025_r-ladies_ropensci/,
Trying to deal with LLMs to Teach Tech Skills,,,,,2025-05-20,2025,Talk,,Speaker,https://yabellini.netlify.app/talk/2025_thecarpentries_llm/,
Advancing Research with openScience and Collaborative Communitties,,,,Online,2025-01-31,2025,Talk,,Speaker,https://yabellini.netlify.app/talk/2025_brandon_university/,
"Keynote: Teaching Tech Together: What’s Worked, What Hasn’t, and What’s Next",,,,Online,2025-01-08,2025,Talk,,Speaker,https://yabellini.netlify.app/talk/2025_edinburgh_winter_school/,
Keynote: The stories behind your community numbers,,,,,2024-11-12,2024,Talk,,Speaker,https://ropensci.org/events/carpentryconnect-2024/,
"Understanding Quarto Documents: Types, Formatting, and Creation",,,,Online,2025-04-26,2025,Talk,,Speaker,https://yabellini.netlify.app/talk/2025_unilorin_rug/,
"Keynote: We R Together. How to learn, use and improve a programming language as a community.",,,,,2025-08-08,2025,Talk,,Speaker,https://yabellini.netlify.app/talk/2025_user2025/,
LatinR 2025 - Latinamerican Conference About the Use of R in R&D,,,,Online,2025-12-01,2025,Event Organization,,Organizer,https://latinr.org/en/,
Coworking Mini-Hackathon for First-Time Contributors!,,,,,2025-02-04,2025,Hackathon,,Participant,https://ropensci.org/events/coworking-2025-02/,
Coworking Mini-Hackathon for First-Time Contributors!,,,,,2025-03-04,2025,Hackathon,,Participant,https://ropensci.org/events/coworking-2025-03/,
Replications Project Advisory Board,,,,,2025-05-23,2025,Other,,Other,https://forrt.org/,
Social Coworking and Office Hours - Improving accessibility in your work (rOpenSci),,,,,2025-09-02,2025,Event Organization,,Organizer,https://ropensci.org/events/coworking-2025-09/,
"Profesora Curso ""Programación  II"" ' Universidad Austral",,,,,2025-08-01,2025,Other,,Other,https://intro-programacion.netlify.app/,
Desarrollar Software en Comunidad,,,,,2025-08-27,2025,Talk,,Speaker,https://paocorrales.github.io/git-desarrollo-software/,
Desarrollo de paquetes para principiantes,,,,,2025-09-16,2025,Event Organization,,Organizer,https://desarrollo-paquetes-basico-2025.netlify.app/session-1/slides/#/,
Desarrollo de paquetes para principiantes: Testeo!,,,,,2025-09-23,2025,Event Organization,,Organizer,https://desarrollo-paquetes-basico-2025.netlify.app/session-2/slides/#/,
Desarrollo de Paquetes para principiantes: documentacion,,,,,2025-09-30,2025,Event Organization,,Organizer,https://desarrollo-paquetes-basico-2025.netlify.app/session-3/slides/#/,
"¡Código hermoso, porque lo valemos!",,,,,2025-09-02,2025,Event Organization,,Organizer,https://codigo-hermoso.netlify.app/#/,
Intro: Desarrollando software en comunidad con git y GitHub,,,,,2025-08-20,2025,Event Organization,,Organizer,https://paocorrales.github.io/git-desarrollo-software/,
Cómo contribuir a proyectos y comunidades abiertas,,,,,2025-10-29,2025,Talk,,Speaker,https://yabellini.github.io/osscontribuir/#/title-slide,
Graceful Internet Packages,,,,Online,2025-11-06,2025,Event Organization,,Organizer,https://ropensci.org/commcalls/graceful-internet-packages/,
"¡Miércoles, Git! Manejo de errores en Git y no morir en el intento",,,,,2025-12-02,2025,Event Organization,,Organizer,https://www.eventbrite.cl/e/miercoles-git-manejo-de-errores-en-git-y-no-morir-en-el-intento-tickets-1937068908249?aff=oddtdtcreator,
¿Qué historia vas a contar hoy? Herramientas para una comunicación eficaz.,,,,,2025-12-02,2025,Event Organization,,Organizer,https://www.eventbrite.cl/e/que-historia-vas-a-contar-hoy-herramientas-para-una-comunicacion-eficaz-tickets-1891497192019?aff=oddtdtcreator,
LLMs en tu PC: Inteligencia Artificial Generativa en forma local.,,,,,2025-12-01,2025,Event Organization,,Organizer,https://www.eventbrite.cl/e/llms-en-tu-pc-inteligencia-artificial-generativa-en-forma-local-tickets-1953038152689?aff=oddtdtcreator,
Automatización de workflows en R y Python con targets y snakemake,,,,,2025-12-02,2025,Event Organization,,Organizer,https://www.eventbrite.cl/e/automatizacion-de-workflows-en-r-y-python-con-targets-y-snakemake-tickets-1936131664929?aff=oddtdtcreator,
Crea tus propios inputs y outputs en Shiny,,,,,2025-12-01,2025,Event Organization,,Organizer,https://www.eventbrite.cl/e/crea-tus-propios-inputs-y-outputs-en-shiny-tickets-1955947434429?aff=oddtdtcreator,
Forecasting with regression models,,,,,2025-12-01,2025,Event Organization,,Organizer,https://www.eventbrite.cl/e/forecasting-with-regression-models-tickets-1955640717029?aff=oddtdtcreator,
Intro a Positron,,,,,2025-12-01,2025,Event Organization,,Organizer,https://www.eventbrite.cl/e/intro-a-positron-tickets-1964484827000?aff=oddtdtcreator,
Introdución a Tidymodels,,,,,2025-12-01,2025,Event Organization,,Organizer,https://www.eventbrite.com.ar/e/1962543491413?aff=oddtdtcreator,
R-multiverse: a new way to publish R packages,,,,,2025-09-29,2025,Event Organization,,Organizer,https://ropensci.org/commcalls/r-multiverse/,
Tableros con Quarto Dashboards y Crosswalk,,,,,2025-12-01,2025,Event Organization,,Organizer,https://www.eventbrite.com.ar/e/1955757476259?aff=oddtdtcreator,
Análisis y visualización de datos funcionales en R,,,,,2025-12-02,2025,Event Organization,,Organizer,https://www.eventbrite.com.ar/e/1962639693155?aff=oddtdtcreator,
Análisis cualitativo para grandes volúmenes de texto con LLMs,,,,,2025-12-02,2025,Event Organization,,Organizer,https://www.eventbrite.com.ar/e/analisis-cualitativo-para-grandes-volumenes-de-texto-con-llms-tickets-1962623150676?aff=oddtdtcreator,
Coworking Mini-Hackathon for First-Time Contributors,,,,Online,2025-02-04,2025,Hackathon,,Participant,https://ropensci.org/events/coworking-2025-02/,
Coding with AI in RStudio,,,,,2025-12-02,2025,Event Organization,,Organizer,https://www.eventbrite.com.ar/e/1962817615325?aff=oddtdtcreator,
Coworking Mini-Hackathon for First-Time Contributors,,,,,2025-03-04,2025,Hackathon,,Participant,https://ropensci.org/events/coworking-2025-03/,
Desde hojas de calculo a R - Encuentro 1,,,,,2025-06-18,2025,Talk,,Speaker,https://www.meetup.com/rladies-santa-rosa/events/308228742/,
Desde hojas de calculo a R - Encuentro 2,,,,,2025-06-25,2025,Talk,,Speaker,https://www.meetup.com/rladies-santa-rosa/events/308229006/,
"¡Miércoles, Git! Manejo de errores en Git y no morir en el intento",,,,Online,2025-10-24,2025,Event Organization,,Organizer,https://www.meetup.com/rladies-santa-rosa/events/308395195/,
Member Infrastructure Steering Committee R Consortium,,,,,2025-10-11,2025,Other,,Other,https://r-consortium.org/about/governance.html#infrastructure-steering-committee,
Big Team Collaboration on Data Management and Analysis with rOpenSci,,,,,2025-10-06,2025,Talk,,Speaker,https://ropensci.org/events/csidnetwork-2025/,
Connecting with the Larger Open Science Community,,,,,2025-11-13,2025,Talk,,Speaker,https://www.notion.so/Connecting-with-the-Larger-Open-Science-Community-25530b623ec8804ab5a3c1710b92c24e,
