Title,Year,Type_Long,Type,Link,En_mi_web
"Internet. La red de redes. Bellini Saibene, Y.; Vega, J.; Muñoz, V.; Bruno, V. Cuartas Jornadas sobre Informática, Educación y Sociedad. 31 de Octubre y 1 de Noviembre de 1998. Colegio Universitario Liceo Informático II, Santa Rosa (LP)",1998,"En Congresos, Seminarios, Simposios y Jornadas Nacionales",National Conferences,,
"Evaluación del Área Anegada del Noreste de La Pampa Mediante Teledetección. Sipowicz, A.; Roberto, Z.; Casagrande, G.; Lorda, H. O.; Gomez Hermida, V.; Bellini Saibene, Y. y Sarasola, J. A. Actas de las VII Jornadas Pampeanas de Ciencias Naturales, Consejo Profesional de Ciencias Naturales de La Pampa y Facultad de Ciencias Exactas y Naturales, UNLPam. 1 al 3 de Diciembre de 1999. Santa Rosa.",1999,"En Congresos, Seminarios, Simposios y Jornadas Nacionales",National Conferences,,
"Evaluación del Área Anegada del Noreste de La Pampa. Sipowicz, A.; Roberto, Z.; Casagrande, G.; Lorda, H. O.; Gomez Hermida, V.; Bellini Saibene, Y. y Sarasola, J. A. La Reforma. Mayo 1999.",1999,Popular science articles,Popular science articles,,
"Inundaciones el Noreste de la Provincia de La Pampa. Lorda, H.O., Roberto, Z.; Casagrande, G.; Gomez Hermida, V.; Bellini Saibene, Y. La Arena del Campo. Diario La Arena, Santa Rosa, La Pampa. Mayo. 1999.",1999,Popular science articles,Popular science articles,,
Aplicación de un Sistema de Información Geográfico aplicado al Agro. Sipowicz A.; Lorda H.O.; Bellini Saibene Y.; Lucchetti P. AgroInformática 2000. 8 al 10 de Diciembre. La Dulce. Buenos Aires.,2000,"En Congresos, Seminarios, Simposios y Jornadas Nacionales",National Conferences,,
Clasificación Supervisada de Imágenes Satelitales. Sipowicz A.; Lorda H.O.; Bellini Saibene Y.; Lucchetti P. AgroInformática 2000. 8 al 10 de Diciembre. La Dulce. Buenos Aires.,2000,"En Congresos, Seminarios, Simposios y Jornadas Nacionales",National Conferences,,
"Estimación de Intención de Siembra de Trigo Campaña 00/01. Lorda, H.; Bellini Saibene, Y. La Arena del Campo. Diario La Arena, Santa Rosa, La Pampa. 16 de Septiembre de 2000.",2000,Popular science articles,Popular science articles,,
"Informe “Evaluación de Pérdidas Económicas por Efecto de las Inundaciones en el Norte de la Provincia de La Pampa”, Bellini Saibene Y.; Casagrande, G.; Caviglia, J.; Colazo, R.; Lorda, H.;Roberto, Z.; Sipowicz, A. Abril 2000.",2000,Journals,Journals,,
"Inundaciones y Teledetección. Roberto, Z.; Casagrande, G.; Bellini Saibene, Y.; Lorda, H.O.; Sipowicz, A.. Boletín AgroRADAR N1 5. Octubre 2000",2000,Articulo de Divulgación,Popular science articles,,
Manejo de Información Agroeconómica utilizando Base de Datos. Sipowicz A.; Lorda H.O.; Bellini Saibene Y.; Lucchetti P. AgroInformática 2000. 8 al 10 de Diciembre. La Dulce. Buenos Aires.,2000,"En Congresos, Seminarios, Simposios y Jornadas Nacionales",National Conferences,,
"Producción de Girasol Campaña 99/00. Sipowicz, A., Lorda, H.; Bellini Saibene, Y. La Arena del Campo. Diario La Arena, Santa Rosa, La Pampa. 18 de marzo de 2000.",2000,Popular science articles,Popular science articles,,
Red Agroeconómica de Administración de Recursos. R.A.D.A.R. Sipowicz A.; Lorda H.O.; Bellini Saibene Y.; Lucchetti P. AgroInformática 2000. 8 al 10 de Diciembre. La Dulce. Buenos Aires.,2000,"En Congresos, Seminarios, Simposios y Jornadas Nacionales",National Conferences,,
"Resultados de la Encuesta Agrícola 1999. I. Región Pampeana del Proyecto RADAR. Lorda, H.; Bellini Saibene, Y.; Sipowicz, A.; Colazo, R.; Roberto, Z.; Sarasola, J.; Lucchetti, P. Boletín de divulgación Técnica Nº 1. Marzo 2000. 50 pp. Ediciones AgroRADAR.",2000,Journals,Journals,,
"Zona I. Provincia de La Pampa. Lorda, H; Bellini Saibene Y. Agro RADAR Boletín Informativo Nº 2. ISSN: 1666 - 6852. Pp. 1-2. Septiembre 2000.",2000,Popular science articles,Popular science articles,,
"Zona II. Provincia de La Pampa. Lorda, H; Bellini Saibene Y. Agro RADAR Boletín Informativo Nº 3. ISSN: 1666 - 6852. Pp. 1-2. Octubre 2000.",2000,Popular science articles,Popular science articles,,
"Zona III. Provincia de La Pampa. Lorda, H; Bellini Saibene Y. Agro RADAR Boletín Informativo Nº 4. ISSN: 1666 - 6852. Pp. 1-2. Noviembre 2000.",2000,Popular science articles,Popular science articles,,
"Zona IV. Provincia de La Pampa. Lorda, H; Bellini Saibene Y. Agro RADAR Boletín Informativo Nº 5. ISSN: 1666 - 6852. Pp. 1-2. Diciembre 2000.",2000,Popular science articles,Popular science articles,,
"¿Dónde queda la producción después de la cosecha?. Lorda, H.; Bellini Saibene Y; Sipowicz, A. La Arena del Campo. Diario La Arena. 02 de Junio de 2001.",2001,Popular science articles,Popular science articles,,
"Almacenaje de Granos en el área RADAR – 1º Parte. Lorda, H.; Bellini Saibene Y.; Lucchetti, P.; Roberto Z.; Sipowicz A.y Coma C. AgroRADAR Boletín Informativo Nº 12. ISSN: 1666 - 6852. Pp. 6-8. Septiembre 2001.",2001,Popular science articles,Popular science articles,,
"Almacenaje de Granos en el área RADAR – 2º Parte. Lorda, H.; Bellini Saibene Y.; Lucchetti, P.; Roberto Z.; Sipowicz A.y Coma C. AgroRADAR Boletín Informativo Nº 13. ISSN: 1666 - 6852. Pp. 7-8. Octubre 2001.",2001,Popular science articles,Popular science articles,,
"Almacenaje de Granos en el área RADAR – 3º Parte. Lorda, H.; Bellini Saibene Y.; Lucchetti, P.; Roberto Z.; Sipowicz A.y Coma C. AgroRADAR Boletín Informativo Nº 14. ISSN: 1666 - 6852. Pp. 6-8. Noviembre 2001.",2001,Popular science articles,Popular science articles,,
"Campaña 2000/2001 en La Pampa. Lorda, H; Sipowicz, A.; Bellini Saibene Yanina. La Arena del Campo. Diario La Arena. Santa Rosa, La Pampa. 14 de Abril 2001.",2001,Popular science articles,Popular science articles,,
"Caracterización del Almacenaje de Granos en el Area RADAR. Lorda, H.; Lucchetti, P.; Bellini Saibene, Y.; Sipowicz, A.; Lacorte, S. Actas de la Primer Jornada de Calidad e identidad Preservada. 11 de Julio de 2001. Bolsa de Cereales de Buenos Aires.",2001,"En Congresos, Seminarios, Simposios y Jornadas Nacionales",National Conferences,,
"Coberturas agrícolas, mercado de futuros y opciones. Lorda, Héctor; Bellini Saibene, Yanina; Sipowicz, Andrés. AgroRADAR. Boletín Informativo Nº 8. ISSN: 1666 - 6852. Pp. 5. Mayo 2001.",2001,Popular science articles,Popular science articles,,
"Distribución de los grupos de calidad de trigo en dos áreas de la región AgroRADAR. Carlos Coma, Yanina Bellini. AgroRADAR Boletín Informativo Nº 15. ISSN: 1666 - 6852. Pp. 11. Diciembre 2001.",2001,Popular science articles,Popular science articles,,
"Estimación del área sembrada. Bellini, Yanina; Lorda, Héctor. AgroRADAR Boletín Informativo Nº 11. ISSN: 1666 - 6852. Pp. 6-7.Agosto 2001.",2001,Popular science articles,Popular science articles,,
"Grupos de Calidad de Trigo. Bellini Saibene Y. Diario La Reforma. General Pico, La Pampa. 7 de Abril de 2001.",2001,Popular science articles,Popular science articles,,
"Informe RADAR – Campaña Agrícola 2000 – 2001. Sorteando Obstáculos. Lorda, H; Bellini Saibene Y. De Frente al Campo Nº 1, Santa Rosa, La Pampa. Enero 2001.",2001,Popular science articles,Popular science articles,,
"La soja ganó la batalla. Lorda, H; Bellini Saibene Y.; Sipowicz A. Diario La Reforma. General Pico, La Pampa. 31 de Marzo de 2001.",2001,Popular science articles,Popular science articles,,
"Lo que queda después del fuego. Sipowicz, A; Lorda, H; Lucchetti, P; Bellini Saibene Y. La Arena del Campo. Diario La Arena. Santa Rosa, La Pampa. 28 de Abril 2001.",2001,Popular science articles,Popular science articles,,
"Los incendios rurales. Bellini Yanina, Lucchetti, Pablo, Lorda, Héctor. Agro RADAR Boletín Informativo Nº 6. ISSN: 1666 - 6852. Pp. 6-7. Marzo 2001.",2001,Popular science articles,Popular science articles,,
"Los resultados del Trigo”. Superficie, rendimiento y producción de la campaña 2001/2002. Lorda, H. Bellini Saibene, Y. AgroRADAR Boletín Informativo Nº 15. ISSN: 1666 - 6852. Pp. 29-30. Diciembre 2001.",2001,Popular science articles,Popular science articles,,
"Orientación de la producción bovina en la región RADAR. Lorda, H; Bellini Saibene Y. Desafio 21 Nº 15. pp 24-25. Junio 2001.",2001,Popular science articles,Popular science articles,,
RADAR Informa. Forrajes & Granos. Agribusiness Journal. Año 6 Nº 71. Diciembre 2001. Páginas 12 a 14.,2001,Popular science articles,Popular science articles,,
"RADAR: Un Movimiento Institucional en Apoyo del Desarrollo Regional. Coma, C.; Sipowicz, A.; Bellini Saibene, Y.; Lorda, H. Actas del VII Encuentro de la Asociación Panamericana de Bolsas de Productos. Buenos Aires. Capital Federal. Argentina. Noviembre de 2001. Buenos Aires.",2001,"En Congresos, Seminarios, Simposios y Jornadas Nacionales",National Conferences,,
"Relevamiento Ganadero. Lorda, H; Bellini Saibene Y. AgroRADAR Boletín Informativo Nº 8. ISSN: 1666 - 6852. Pp. 8. Mayo 2001.",2001,Popular science articles,Popular science articles,,
"Zona VI. Lorda, Héctor; Campi, Eduardo; Bellini, Yanina. Agro RADAR Boletín Informativo Nº 7. ISSN: 1666 - 6852. Pp. 1-3. Abril 2001.",2001,Popular science articles,Popular science articles,,
"Zona VII. Campi, Eduardo; Bellini Saibene, Yanina. AgroRADAR Boletín Informativo Nº 8. ISSN: 1666 - 6852. Pp. 1-3. Mayo 2001.",2001,Popular science articles,Popular science articles,,
"Zona VIII. Campi, Eduardo; Bellini Saibene, Yanina. AgroRADAR Boletín Informativo Nº 9. ISSN: 1666 - 6852. Pp. 1-3. Junio 2001.",2001,Popular science articles,Popular science articles,,
"El trigo en la vidriera. Lorda, H.; Bellini Saibene Y. AgroRADAR. Boletín Informativo Nº 18. ISSN: 1666 - 6852. pp. 38-44. Diciembre 2002.",2002,Popular science articles,Popular science articles,https://inta.gob.ar/documentos/el-trigo-en-la-vidriera,
"Girasol, Los números productivos. Lorda, H.; Bellini Saibene Y. AgroRADAR. Boletín Informativo Nº 16. ISSN: 1666 - 6852. Pp. 27-29. Julio 2002.",2002,Popular science articles,Popular science articles,,
"GIRASOL. Lorda, Héctor y Yanina Bellini Saibene. AgroRADAR Boletín Informativo Nº 16. ISSN: 1666 - 6852. Pp.27-28. Abril 2002.",2002,Popular science articles,Popular science articles,,
"La siembra de trigo. Estimando la superficie. Lorda, H.; Bellini Saibene Y.; Lucchetti P.A. AgroRADAR. Boletín Informativo Nº 17. ISSN: 1666 - 6852. Pp. 12-13. Agosto 2002.",2002,Popular science articles,Popular science articles,https://inta.gob.ar/documentos/la-siembra-de-trigo.-estimando-la-superficie,
"Tecnología Aplicada en Girasol en la región AgroRADAR. Lorda, H.; Bellini Saibene Y.;Roberto, Z. Agromercado. Cuadernillo de Girasol. Pp. 21-26. Octubre 2002.",2002,Popular science articles,Popular science articles,,
"“Caracterización Productiva y Tecnológica de los Cultivos de Verano”. Lorda H, Bellini Saibene Y, Lucchetti P, Roberto Z, Coma C, Farell M y Corro Molas A. Capítulo 1 del Boletín de Divulgación Técnica Nº 77: “Cultivos de Cosecha Gruesa. Actualización 2003”. ISSN: 0325-2167. Agosto 2003.. pp 1 – 39.",2003,Journals,Journals,,
"“Caracterización Tecnológica del Cultivo de Trigo”. Lorda H, Bellini Saibene Y, Lucchetti P, Roberto Z y Coma C. Capítulo de la Publicación de Divulgación Técnica Nº 76: “Trigo. Actualización 2003.” ISSN: 0325-2167. Mayo 2003. pp 134 – 175.",2003,Journals,Journals,,
"Caracterización del Almacenaje de Granos en el Área AgroRADAR. Lorda, H.O.; Lucchetti, P; Roberto Z; Bellini Saibene, Y y Sipowicz, A. 1º Congreso Sobre Producción de Origen Agropecuario del SE Pampeano.28 de Enero al 4 de Febrero de 2003. Necochea, Bs. As.",2003,"En Congresos, Seminarios, Simposios y Jornadas Nacionales",National Conferences,,
"Caracterización tecnológica del cultivo de trigo en la región AgroRadar. Lorda, Héctor; Bellini Saibene, Yanina; Sipowicz, Andrés; Lucchetti, Pablo; Coma, Carlos. AgroRADAR Boletín Informativo Nº 19. ISSN: 1666 - 6852. pp 18-20. Diciembre 2003.",2003,Popular science articles,Popular science articles,,
"En La Pampa, la agricultura mantiene un crecimiento sin límites. Fascículo Pampa Central. Año 1, Nº 1 El Diario de La Pampa. Pp 9 y 15. 4 de Julio 2003",2003,Popular science articles,Popular science articles,,
"Sistema de Información Geográfica. Roberto, Z.; Bellini Saibene, Y.; Lucchetti, P.; Coma, C. RADAR Boletín Informativo Nº 19. ISSN: 1666 - 6852. pp 18-20. Diciembre 2003.",2003,Popular science articles,Popular science articles,,
"“Caracterización Productiva y Tecnológica del Cultivo de Trigo”. Lorda H.O., Lucchetti P., Bellini Saibene Y, Farell M, Roberto Z, Sipowicz A. y Coma C. Boletín de Divulgación Técnica Nº 83. ISSN: 0325-2167. Julio 2004. pp 1- 24.",2004,Journals,Journals,,
"Relevamiento y análisis de la superficie de las explotaciones agropecuarias en el este de La Pampa. Bellini Saibene Y, Lorda H, Farrell, M. Boletín de Divulgación Técnica Nº 84. ISSN: 0325-2132 Junio 2004 - Ediciones INTA",2004,Journals,Journals,https://inta.gob.ar/documentos/relevamiento-y-analisis-de-la-superficie-de-las-explotaciones-agropecuarias-en-el-este-de-la-pampa,
"""Escenarios tecnológicos en el cultivo de trigo según toma de decisiones"". Lorda H., Bellini Saibene Y., Sipowicz A., Lucchetti P., Coma C. Ciclo de Conferencias INTA Expone 2004. ISBN: 10:987-521-202-4 13: 978-987-521-202-2. Conferencias presentadas en el Auditorio Ing. Agr. Guillermo Covas. Volumen III. 2005.",2005,Book Chapters,Book Chapters,,
"""Relevamiento Agro económico en la región pampeana"". Sipowicz A., Roberto Z., Bellini Saibene Y. Ciclo de Conferencias INTA Expone 2004. ISBN: 10:987-521-202-4 13: 978-987-521-202-2. Conferencias presentadas en el Auditorio Ing. Agr. Guillermo Covas. Volumen III. 2005.",2005,Book Chapters,Book Chapters,,
Boletín RIAN La Pampa - San Luis - Abril 2005 - Nro 4,2005,Newsletter,Popular science articles,https://inta.gob.ar/documentos/boletin-rian-la-pampa-san-luis-abril-2005-nro-4,
Boletín RIAN La Pampa - San Luis - Agosto 2005 - Nro 8,2005,Newsletter,Popular science articles,https://inta.gob.ar/documentos/boletin-rian-la-pampa-san-luis-agosto-2005-nro-8,
Boletín RIAN La Pampa - San Luis - Agosto 2005 - Nro 9,2005,Newsletter,Popular science articles,https://inta.gob.ar/documentos/boletin-rian-la-pampa-san-luis-agosto-2005-9,
Boletín RIAN La Pampa - San Luis - Enero 2005 - Nro 1,2005,Newsletter,Popular science articles,https://inta.gob.ar/documentos/boletin-rian-la-pampa-san-luis-enero-2005-nro-1,
Boletín RIAN La Pampa - San Luis - Febrero 2005 - Nro 2,2005,Newsletter,Popular science articles,https://inta.gob.ar/documentos/boletin-rian-la-pampa-san-luis-febrero-2005-nro-2,
Boletín RIAN La Pampa - San Luis - Julio 2005 - Nro 7,2005,Newsletter,Popular science articles,https://inta.gob.ar/documentos/boletin-rian-la-pampa-san-luis-julio-2005-nro-7,
Boletín RIAN La Pampa - San Luis - Junio 2005 - Nro 6,2005,Newsletter,Popular science articles,https://inta.gob.ar/documentos/boletin-rian-la-pampa-san-luis-junio-2005-nro-6,
Boletín RIAN La Pampa - San Luis - Marzo 2005 - Nro 3,2005,Newsletter,Popular science articles,https://inta.gob.ar/documentos/boletin-rian-la-pampa-san-luis-marzo-2005-nro-3,
Boletín RIAN La Pampa - San Luis - Mayo 2005 - Nro 5,2005,Newsletter,Popular science articles,https://inta.gob.ar/documentos/boletin-rian-la-pampa-san-luis-mayo-2005-nro-5,
Boletín RIAN La Pampa - San Luis - Noviembre 2005 -Nro 10,2005,Newsletter,Popular science articles,https://inta.gob.ar/documentos/boletin-rian-la-pampa-san-luis-noviembre-2005-nro-10,
Boletín RIAN La Pampa - San Luis - Noviembre 2005 -Nro 11,2005,Newsletter,Popular science articles,https://inta.gob.ar/documentos/boletin-rian-la-pampa-san-luis-noviembre-2005-nro-11,
Boletín RIAN La Pampa - San Luis - Octubre 2005 - Nro 12,2005,Newsletter,Popular science articles,https://inta.gob.ar/documentos/boletin-rian-la-pampa-san-luis-octubre-2005-nro-12,
"Caracterización del Almacenaje de Granos en la Región Agroradar. Lorda, Héctor; Lucchetti, Pablo; Bellini Saibene, Yanina; Fernandez, Darío. Boletín de Divulgación Técnica Nº 89. ISSN: 0325-2132 Mayo 2005 - Ediciones INTA",2005,Journals,Journals,https://inta.gob.ar/documentos/caracterizacion-del-almacenaje-de-granos-en-la-region-agroradar,
"Cartas Agroclimaticas De Temperaturas, Heladas Y Lluvia De La Provincia De La Pampa (Argentina). Casagrande, G.A; Vergara, G.T. y Bellini, Y. IX Congreso Argentino de Agrometerologia. Octubre de 2005.",2005,"En Congresos, Seminarios, Simposios y Jornadas Nacionales",National Conferences,,
"Cosecha gruesa, soja, maíz y girasol. Manual de campo",2005,Colaboración,Book Chapters,https://inta.gob.ar/documentos/cosecha-gruesa-soja-maiz-y-girasol-manual-de-campo,
"AgroSys N° 1. Boletín Informativo Grupo de Sistemas-Información y Comunicación de la EEA Anguil. Bellini Saibene, Y. Lucchetti, P.A, Ferreyra C.A. Caldera, JC, Ramos, L., Fernandez, MD, Schaab, L, Etchart, F. Garro, RJA. Noviembre 2006",2006,Newsletter,Popular science articles,,
"AgroSys N° 2. Boletín Informativo Grupo de Sistemas-Información y Comunicación de la EEA Anguil. Bellini Saibene, Y. Lucchetti, P.A, Ferreyra C.A. Caldera, JC, Ramos, L., Fernandez, MD, Schaab, L, Etchart, F. Garro, RJA. Diciembre 2006",2006,Newsletter,Popular science articles,,
"Boletín Enlaces N° 1. Newsletter informativo Proyecto Estructurante del SICyC. Bellini Saibene, Y. Zubillaja, J., Franco, L., Lucchetti, P., Godoy, S., Chavero, A., Cáceres, A, Nani, L. Noviembre 2006.",2006,Newsletter,Popular science articles,,
"Boletín Enlaces N° 2. Newsletter informativo Proyecto Estructurante del SICyC. Bellini Saibene, Y. Zubillaja, J., Franco, L., Lucchetti, P., Godoy, S., Chavero, A., Cáceres, A, Nani, L. Diciembre 2006.",2006,Newsletter,Popular science articles,,
Boletín RIAN La Pampa - San Luis - Abril 2006 -Nro 24,2006,Newsletter,Popular science articles,https://inta.gob.ar/documentos/boletin-rian-la-pampa-san-luis-abril-2006-24,
Boletín RIAN La Pampa - San Luis - Agosto 2006 - Nro 27,2006,Newsletter,Popular science articles,https://inta.gob.ar/documentos/boletin-rian-la-pampa-san-luis-Agosto-2006-27,
Boletín RIAN La Pampa - San Luis - Diciembre 2006 - Nro 33,2006,Newsletter,Popular science articles,https://inta.gob.ar/documentos/boletin-rian-la-pampa-san-luis-diciembre-2006-nro-33,
Boletín RIAN La Pampa - San Luis - Enero 2006 - Nro 14,2006,Newsletter,Popular science articles,https://inta.gob.ar/documentos/copy_of_boletin-rian-la-pampa-san-luis-enero-2006,
Boletín RIAN La Pampa - San Luis - Enero 2006 -Nro 15,2006,Newsletter,Popular science articles,https://inta.gob.ar/documentos/copy_of_boletin-rian-la-pampa-san-luis-enero-2006-15,
Boletín RIAN La Pampa - San Luis - Enero 2006 -Nro 16,2006,Newsletter,Popular science articles,https://inta.gob.ar/documentos/copy_of_boletin-rian-la-pampa-san-luis-enero-2006-16,
Boletín RIAN La Pampa - San Luis - Enero 2006 -Nro 17,2006,Newsletter,Popular science articles,https://inta.gob.ar/documentos/copy_of_boletin-rian-la-pampa-san-luis-enero-2006-17,
Boletín RIAN La Pampa - San Luis - Enero 2006 -Nro 18,2006,Newsletter,Popular science articles,https://inta.gob.ar/documentos/copy_of_boletin-rian-la-pampa-san-luis-enero-2006-18,
Boletín RIAN La Pampa - San Luis - Enero 2006 -Nro 19,2006,Newsletter,Popular science articles,https://inta.gob.ar/documentos/copy_of_boletin-rian-la-pampa-san-luis-enero-2006-19,
Boletín RIAN La Pampa - San Luis - Enero 2006 -Nro 20,2006,Newsletter,Popular science articles,https://inta.gob.ar/documentos/boletin-rian-la-pampa-san-luis-enero-2006-20,
Boletín RIAN La Pampa - San Luis - Febrero 2006 -Nro 21,2006,Newsletter,Popular science articles,https://inta.gob.ar/documentos/boletin-rian-la-pampa-san-luis-febrero-2006-21,
Boletín RIAN La Pampa - San Luis - Julio 2006 -Nro 26,2006,Newsletter,Popular science articles,https://inta.gob.ar/documentos/boletin-rian-la-pampa-san-luis-Julio-2006-26,
Boletín RIAN La Pampa - San Luis - Junio 2006 -Nro 25,2006,Newsletter,Popular science articles,https://inta.gob.ar/documentos/boletin-rian-la-pampa-san-luis-Junio-2006-25,
Boletín RIAN La Pampa - San Luis - Marzo 2006 -Nro 22,2006,Newsletter,Popular science articles,https://inta.gob.ar/documentos/boletin-rian-la-pampa-san-luis-marzo-2006-22,
Boletín RIAN La Pampa - San Luis - Mayo 2006 -Nro 23,2006,Newsletter,Popular science articles,https://inta.gob.ar/documentos/boletin-rian-la-pampa-san-luis-mayo-2006-23,
Boletín RIAN La Pampa - San Luis - Noviembre 2006 - Nro 30,2006,Newsletter,Popular science articles,https://inta.gob.ar/documentos/boletin-rian-la-pampa-san-luis-Noviembre-2006-30,
Boletín RIAN La Pampa - San Luis - Noviembre 2006 - Nro 31,2006,Newsletter,Popular science articles,https://inta.gob.ar/documentos/boletin-rian-la-pampa-san-luis-Noviembre-2006-31,
Boletín RIAN La Pampa - San Luis - Noviembre 2006 - Nro 32,2006,Newsletter,Popular science articles,https://inta.gob.ar/documentos/boletin-rian-la-pampa-san-luis-noviembre-2006-nro-32,
Boletín RIAN La Pampa - San Luis - Octubre 2006 - Nro 29,2006,Newsletter,Popular science articles,https://inta.gob.ar/documentos/boletin-rian-la-pampa-san-luis-Octubre-2006-29,
Boletín RIAN La Pampa - San Luis - Septiembre 2006 - Nro 28,2006,Newsletter,Popular science articles,https://inta.gob.ar/documentos/boletin-rian-la-pampa-san-luis-Septiembre-2006-28,
"Cartas Agroclimáticas actuales de temperaturas, heladas y lluvias de la provincia de La Pampa (Argentina). Casagrande, G.A,; Vergara, G.T; Bellini, Y. Revista Facultad de Agronomía UNLPam. Vol. 17 Nº 1. ISSN 0326-6184.pp 15 – 21. 2006.",2006,Journals,Journals,,
"AgroSys N° 10. Boletín Informativo Grupo de Sistemas-Información y Comunicación de la EEA Anguil. Bellini Saibene, Y. Lucchetti, P.A, Ferreyra C.A. Caldera, JC, Ramos, L., Fernandez, MD, Schaab, L, Etchart, F. Garro, RJA. Noviembre 2007",2007,Newsletter,Popular science articles,,
"AgroSys N° 3. Boletín Informativo Grupo de Sistemas-Información y Comunicación de la EEA Anguil. Bellini Saibene, Y. Lucchetti, P.A, Ferreyra C.A. Caldera, JC, Ramos, L., Fernandez, MD, Schaab, L, Etchart, F. Garro, RJA. Febrero 2007.",2007,Newsletter,Popular science articles,,
"AgroSys N° 4. Boletín Informativo Grupo de Sistemas-Información y Comunicación de la EEA Anguil. Bellini Saibene, Y. Lucchetti, P.A, Ferreyra C.A. Caldera, JC, Ramos, L., Fernandez, MD, Schaab, L, Etchart, F. Garro, RJA. Marzo 2007.",2007,Newsletter,Popular science articles,,
"AgroSys N° 5. Boletín Informativo Grupo de Sistemas-Información y Comunicación de la EEA Anguil. Bellini Saibene, Y. Lucchetti, P.A, Ferreyra C.A. Caldera, JC, Ramos, L., Fernandez, MD, Schaab, L, Etchart, F. Garro, RJA. Abril 2007.",2007,Newsletter,Popular science articles,,
"AgroSys N° 6. Boletín Informativo Grupo de Sistemas-Información y Comunicación de la EEA Anguil. Bellini Saibene, Y. Lucchetti, P.A, Ferreyra C.A. Caldera, JC, Ramos, L., Fernandez, MD, Schaab, L, Etchart, F. Garro, RJA. Mayo 2007.",2007,Newsletter,Popular science articles,,
"AgroSys N° 7. Boletín Informativo Grupo de Sistemas-Información y Comunicación de la EEA Anguil. Bellini Saibene, Y. Lucchetti, P.A, Ferreyra C.A. Caldera, JC, Ramos, L., Fernandez, MD, Schaab, L, Etchart, F. Garro, RJA. Junio 2007",2007,Newsletter,Popular science articles,,
"AgroSys N° 8. Boletín Informativo Grupo de Sistemas-Información y Comunicación de la EEA Anguil. Bellini Saibene, Y. Lucchetti, P.A, Ferreyra C.A. Caldera, JC, Ramos, L., Fernandez, MD, Schaab, L, Etchart, F. Garro, RJA. Agosto 2007.",2007,Newsletter,Popular science articles,,
"AgroSys N° 9. Boletín Informativo Grupo de Sistemas-Información y Comunicación de la EEA Anguil. Bellini Saibene, Y. Lucchetti, P.A, Ferreyra C.A. Caldera, JC, Ramos, L., Fernandez, MD, Schaab, L, Etchart, F. Garro, RJA. Octubre 2007",2007,Newsletter,Popular science articles,,
"Boletín Enlaces N° 10. Newsletter informativo Proyecto Estructurante del SICyC. Bellini Saibene, Y. Zubillaja, J., Franco, L., Lucchetti, P., Godoy, S., Chavero, A., Cáceres, A, Nani, L. Octubre 2007",2007,Newsletter,Popular science articles,,
"Boletín Enlaces N° 11. Newsletter informativo Proyecto Estructurante del SICyC. Bellini Saibene, Y. Zubillaja, J., Franco, L., Lucchetti, P., Godoy, S., Chavero, A., Cáceres, A, Nani, L. Noviembre 2007",2007,Newsletter,Popular science articles,,
"Boletín Enlaces N° 12. Newsletter informativo Proyecto Estructurante del SICyC. Bellini Saibene, Y. Zubillaja, J., Franco, L., Lucchetti, P., Godoy, S., Chavero, A., Cáceres, A, Nani, L. Diciembre 2007",2007,Newsletter,Popular science articles,,
"Boletín Enlaces N° 3. Newsletter informativo Proyecto Estructurante del SICyC. Bellini Saibene, Y. Zubillaja, J., Franco, L., Lucchetti, P., Godoy, S., Chavero, A., Cáceres, A, Nani, L. Febrero 2007",2007,Newsletter,Popular science articles,,
"Boletín Enlaces N° 4. Newsletter informativo Proyecto Estructurante del SICyC. Bellini Saibene, Y. Zubillaja, J., Franco, L., Lucchetti, P., Godoy, S., Chavero, A., Cáceres, A, Nani, L. Marzo 2007",2007,Newsletter,Popular science articles,,
"Boletín Enlaces N° 5. Newsletter informativo Proyecto Estructurante del SICyC. Bellini Saibene, Y. Zubillaja, J., Franco, L., Lucchetti, P., Godoy, S., Chavero, A., Cáceres, A, Nani, L. Abril 2007",2007,Newsletter,Popular science articles,,
"Boletín Enlaces N° 6. Newsletter informativo Proyecto Estructurante del SICyC. Bellini Saibene, Y. Zubillaja, J., Franco, L., Lucchetti, P., Godoy, S., Chavero, A., Cáceres, A, Nani, L. Mayo 2007",2007,Newsletter,Popular science articles,,
"Boletín Enlaces N° 7. Newsletter informativo Proyecto Estructurante del SICyC. Bellini Saibene, Y. Zubillaja, J., Franco, L., Lucchetti, P., Godoy, S., Chavero, A., Cáceres, A, Nani, L. Junio 2007",2007,Newsletter,Popular science articles,,
"Boletín Enlaces N° 8. Newsletter informativo Proyecto Estructurante del SICyC. Bellini Saibene, Y. Zubillaja, J., Franco, L., Lucchetti, P., Godoy, S., Chavero, A., Cáceres, A, Nani, L. Agosto 2007",2007,Newsletter,Popular science articles,,
"Boletín Enlaces N° 9. Newsletter informativo Proyecto Estructurante del SICyC. Bellini Saibene, Y. Zubillaja, J., Franco, L., Lucchetti, P., Godoy, S., Chavero, A., Cáceres, A, Nani, L. Septiembre 2007",2007,Newsletter,Popular science articles,,
Boletín RIAN La Pampa - San Luis - Abril 2007 - Nro 37,2007,Newsletter,Popular science articles,https://inta.gob.ar/documentos/boletin-rian-la-pampa-san-luis-abril-2007-nro-37,
Boletín RIAN La Pampa - San Luis - Agosto y Septiembre 2007 - Nro 40,2007,Newsletter,Popular science articles,https://inta.gob.ar/documentos/boletin-rian-la-pampa-san-luis-Agosto-Septiembre-2007-40,
Boletín RIAN La Pampa - San Luis - Enero 2007 - Nro 34,2007,Newsletter,Popular science articles,https://inta.gob.ar/documentos/boletin-rian-la-pampa-san-luis-Enero-2007-34,
Boletín RIAN La Pampa - San Luis - Febrero 2007 - Nro 35,2007,Newsletter,Popular science articles,https://inta.gob.ar/documentos/boletin-rian-la-pampa-san-luis-Febrero-2007-35,
Boletín RIAN La Pampa - San Luis - Junio 2007 - Nro 39,2007,Newsletter,Popular science articles,https://inta.gob.ar/documentos/boletin-rian-la-pampa-san-luis-Junio-2007-39,
Boletín RIAN La Pampa - San Luis - Marzo 2007 - Nro 36,2007,Newsletter,Popular science articles,https://inta.gob.ar/documentos/boletin-rian-la-pampa-san-luis-marzo-2007-nro-36,
Boletín RIAN La Pampa - San Luis - Mayo 2007 - Nro 38,2007,Newsletter,Popular science articles,https://inta.gob.ar/documentos/boletin-rian-la-pampa-san-luis-mayo-2007-nro-38,
Boletín RIAN La Pampa - San Luis - Noviembre 2007 - Nro 41,2007,Newsletter,Popular science articles,https://inta.gob.ar/documentos/boletin-rian-la-pampa-san-luis-noviembre-2007-nro-41,
Boletín RIAN La Pampa - San Luis - Noviembre 2007 - Nro 42,2007,Newsletter,Popular science articles,https://inta.gob.ar/documentos/boletin-rian-la-pampa-san-luis-noviembre-2007-nro-42,
Boletín RIAN La Pampa - San Luis - Noviembre 2007 - Nro 44,2007,Newsletter,Popular science articles,https://inta.gob.ar/documentos/boletin-rian-la-pampa-san-luis-Noviembre-2007-44,
Boletín RIAN La Pampa - San Luis - Octubre 2007 - Nro 43,2007,Newsletter,Popular science articles,https://inta.gob.ar/documentos/boletin-rian-la-pampa-san-luis-Octubre-2007-43,
"CD Interactivo SIG AgroRADAR 1999-2004. Daitsch, Nicolas; Bellini, Yanina; Lucchetti, Pablo; Caldera, Juan; Ramos, Lucas; Lorda, Héctor; Roberto Zinda; Cepeda, Jorge; Pezzola, Alejandro. Boletín de Divulgación Técnica Nº 92. ISSN:0325-2132. Junio 2007 - Ediciones INTA",2007,Journals,Journals,https://inta.gob.ar/documentos/cd-interactivo-sig-agroradar-1999-2004,
"Delegación de técnicos venezolanos. Bellini, Yanina; Lorda, Héctor. Horizonte agropecuario Nº 74. Noviembre de 2007.",2007,Popular science articles,Popular science articles,,
"Implementacion de un sistema de información geoespacial en recursos naturales. Mercuri,P.; Bordignon,F.; Cruzate,G.; Bellini,Y.; Ramos,L. Congreso de la asociación española de teledetección, Mar del Plata. Argentina. 2007.",2007,"En Congresos, Seminarios, Simposios y Jornadas Internacionales",International Conferences,,
"Inventario De Malezas En El Cultivo De Girasol En La Provincia De La Pampa. Montoya, J., Berhongaray, G., Pérez, A., Títolo, D., Troiani, H., Roberto, Z.,Ramos, L. y Bellini, Y. Actas IV Congreso Argentino de Girasol. ASAGIR. Mayo 2007.",2007,"En Congresos, Seminarios, Simposios y Jornadas Nacionales",National Conferences,,
"“Caracterización tecnológica y productiva del cultivo de girasol para la provincia de La Pampa”. Belmonte, M. L.; Fernández, M. D.; Bellini Saibene, Y.; Lorda, H. O.; Schaab, L. R.; y Fernández, J. C. Junio 2008. Capítulo 2 de la Publicación Técnica 72. ISSN: 0325-2132. El cultivo de girasol en la región semiárida pampeana. Editores: Quiroga, Alberto; Pérez Fernández, J.",2008,Journals,Journals,,
"AgroSys N° 11. Boletín Informativo Grupo de Sistemas-Información y Comunicación de la EEA Anguil. Bellini Saibene, Y. Lucchetti, P.A, Ferreyra C.A. Caldera, JC, Ramos, L., Fernandez, MD, Schaab, L, Etchart, F. Garro, RJA. Febrero 2008",2008,Newsletter,Popular science articles,,
"AgroSys N° 12. Boletín Informativo Grupo de Sistemas-Información y Comunicación de la EEA Anguil. Bellini Saibene, Y. Lucchetti, P.A, Ferreyra C.A. Caldera, JC, Ramos, L., Fernandez, MD, Schaab, L, Etchart, F. Garro, RJA. Marzo 2008",2008,Newsletter,Popular science articles,,
"AgroSys N° 13. Boletín Informativo Grupo de Sistemas-Información y Comunicación de la EEA Anguil. Bellini Saibene, Y. Lucchetti, P.A, Ferreyra C.A. Caldera, JC, Ramos, L., Fernandez, MD, Schaab, L, Etchart, F. Garro, RJA. Abril 2008.",2008,Newsletter,Popular science articles,,
"AgroSys N° 14. Boletín Informativo Grupo de Sistemas-Información y Comunicación de la EEA Anguil. Bellini Saibene, Y. Lucchetti, P.A, Ferreyra C.A. Caldera, JC, Ramos, L., Fernandez, MD, Schaab, L, Etchart, F. Garro, RJA. Mayo 2008",2008,Newsletter,Popular science articles,,
"AgroSys N° 15. Boletín Informativo Grupo de Sistemas-Información y Comunicación de la EEA Anguil. Bellini Saibene, Y. Lucchetti, P.A, Ferreyra C.A. Caldera, JC, Ramos, L., Fernandez, MD, Schaab, L, Etchart, F. Garro, RJA. Abril 2017.",2008,Newsletter,Popular science articles,,
"AgroSys N° 16. Boletín Informativo Grupo de Sistemas-Información y Comunicación de la EEA Anguil. Bellini Saibene, Y. Lucchetti, P.A, Ferreyra C.A. Caldera, JC, Ramos, L., Fernandez, MD, Schaab, L, Etchart, F. Garro, RJA. Junio 2008",2008,Newsletter,Popular science articles,,
"AgroSys N° 17. Boletín Informativo Grupo de Sistemas-Información y Comunicación de la EEA Anguil. Bellini Saibene, Y. Lucchetti, P.A, Ferreyra C.A. Caldera, JC, Ramos, L., Fernandez, MD, Schaab, L, Etchart, F. Garro, RJA. Septiembre 2008",2008,Newsletter,Popular science articles,,
"Aplicación de la Metodología Q para la Evaluación de Proyectos de Intervención. Experiencias Centro Regional La Pampa-San Luis. R. Bonelli, Bertella, E., Benitez, R., Albarracin, M., Aurand, S., Frasier I ,Fontana, L.,. Iacovino R., Kent F., Bellini Y., Galli M., Benitez N., Colazo R., Reichert H., Bonatti R., Frigerio K., Churín N., Pereira M., Montiel E., Echeverría, J., Torrado, J. XIV Jornadas Nacionales de Extensión Rural y VI del MERCOSUR. San Miguel de Tucumán, 8 al 10 de octubre de 2008.",2008,"En Congresos, Seminarios, Simposios y Jornadas Nacionales",National Conferences,,
"Boletín Enlaces N° 13. Newsletter informativo Proyecto Estructurante del SICyC. Bellini Saibene, Y. Zubillaja, J., Franco, L., Lucchetti, P., Godoy, S., Chavero, A., Cáceres, A, Nani, L. Febrero 2008",2008,Newsletter,Popular science articles,,
"Boletín Enlaces N° 14. Newsletter informativo Proyecto Estructurante del SICyC. Bellini Saibene, Y. Zubillaja, J., Franco, L., Lucchetti, P., Godoy, S., Chavero, A., Cáceres, A, Nani, L. Marzo 208",2008,Newsletter,Popular science articles,,
"Boletín Enlaces N° 15. Newsletter informativo Proyecto Estructurante del SICyC. Bellini Saibene, Y. Zubillaja, J., Franco, L., Lucchetti, P., Godoy, S., Chavero, A., Cáceres, A, Nani, L. Abril 2008",2008,Newsletter,Popular science articles,,
Boletín RIAN La Pampa - San Luis - Agosto 2008- Nro 53,2008,Newsletter,Popular science articles,https://inta.gob.ar/documentos/boletin-rian-la-pampa-san-luis-agosto-2008-53,
Boletín RIAN La Pampa - San Luis - Diciembre 2007 - Enero 2008- Nro 46,2008,Newsletter,Popular science articles,https://inta.gob.ar/documentos/boletin-rian-la-pampa-san-luis-diciembre-2007-enero-2008-nro-46,
Boletín RIAN La Pampa - San Luis - Enero 2008- Nro 45,2008,Newsletter,Popular science articles,https://inta.gob.ar/documentos/boletin-rian-la-pampa-san-luis-enero-2008-45,
Boletín RIAN La Pampa - San Luis - Junio-Julio 2008- Nro 50,2008,Newsletter,Popular science articles,https://inta.gob.ar/documentos/boletin-rian-la-pampa-san-luis-junio-julio-2008-50,
Boletín RIAN La Pampa - San Luis - Marzo-Abril 2008- Nro 48,2008,Newsletter,Popular science articles,https://inta.gob.ar/documentos/boletin-rian-la-pampa-san-luis-marzo-abril-2008-48,
Boletín RIAN La Pampa - San Luis - Mayo 2008- Nro 49,2008,Newsletter,Popular science articles,https://inta.gob.ar/documentos/boletin-rian-la-pampa-san-luis-mayo-2008-49,
Boletín RIAN La Pampa - San Luis - Noviembre 2008- Nro 58,2008,Newsletter,Popular science articles,https://inta.gob.ar/documentos/boletin-rian-la-pampa-san-luis-noviembre-2008-nro-58,
Boletín RIAN La Pampa - San Luis - Octubre 2008 - Nro 56,2008,Newsletter,Popular science articles,https://inta.gob.ar/documentos/boletin-rian-la-pampa-san-luis-Octubre-2008-56,
Boletín RIAN La Pampa - San Luis - Septiembre - Octubre 2008- Nro 57,2008,Newsletter,Popular science articles,https://inta.gob.ar/documentos/boletin-rian-la-pampa-san-luis-septiembre-octubre-2008-57,
Boletín RIAN La Pampa - San Luis - Septiembre 2008 - Nro 51,2008,Newsletter,Popular science articles,https://inta.gob.ar/documentos/boletin-rian-la-pampa-san-luis-Septiembre-2008-51,
Boletín RIAN La Pampa - San Luis - Septiembre 2008 - Nro 52,2008,Newsletter,Popular science articles,https://inta.gob.ar/documentos/boletin-rian-la-pampa-san-luis-Septiembre-2008-52,
Boletín RIAN La Pampa - San Luis - Septiembre 2008 - Nro 54,2008,Newsletter,Popular science articles,https://inta.gob.ar/documentos/boletin-rian-la-pampa-san-luis-Septiembre-2008-54,
Boletín RIAN La Pampa - San Luis - Septiembre 2008 - Nro 55,2008,Newsletter,Popular science articles,https://inta.gob.ar/documentos/boletin-rian-la-pampa-san-luis-Septiembre-2008-55,
"Catálogo de datos Geoespaciales del Instituto Nacional de Tecnología Agropecuaria. Ramos, L.; Mercuri, P.; Bellini Saibene, Y.; Pizarro, M. J. Anales de la 37 JAIIO – JII – AgroInformática – Cadenas de abastecimiento. 8 a 12 de Octubre de 2008. ISSN: 1850-2849.",2008,"En Congresos, Seminarios, Simposios y Jornadas Nacionales",National Conferences,https://inta.gob.ar/documentos/catalogo-de-datos-geoespaciales-del-instituto-nacional-de-tecnologia-agropecuaria,
"Desarrollo de un Sistema de Gestión Apícola. Bellini Saibene, Yanina; Caldera, Juan Marcelo; Balbarrey, Germán; Lucchetti, Pablo; Caldentey, Laura; Ferreyra, Carlos; Garro, Ricardo. Anales de la 37 JAIIO – JII – AgroInformática – Cadenas de abastecimiento. 8 a 12 de Octubre de 2008. ISSN: 1850-2849.",2008,"En Congresos, Seminarios, Simposios y Jornadas Nacionales",National Conferences,https://inta.gob.ar/node/361,
"Descripción de las zonas y subzonas agroecológicas RIAP. Área de Influencia de la EEA Anguil. Lorda, H.; Roberto Z.; Bellini Saibene, Y.; Sipowicz, A.; Belmonte M.L. Boletín de Divulgación Técnica Nº 96. ISSN: 0325-2167. Octubre 2008 - Ediciones INTA",2008,Journals,Journals,https://inta.gob.ar/documentos/descripcion-de-las-zonas-y-subzonas-agroecologicas-riap-area-de-influencia-de-la-eea-anguil,
"Hacia una Biblioteca Digital Agropecuaria. Fernandez, D; Bellini Saibene, Y.; Ferreyra, C; Ayala, A; Caldera, J. Anales de la 37 JAIIO – JII – AgroInformática – Cadenas de abastecimiento. 8 a 12 de Octubre de 2008. ISSN: 1850-2849.",2008,"En Congresos, Seminarios, Simposios y Jornadas Nacionales",National Conferences,https://inta.gob.ar/documentos/hacia-una-biblioteca-digital-agropecuaria,
"Red de Estaciones Meterológicas Automáticas de la Estación Experimental Agropecuaria Anguil, La Pampa. Bellini Saibene, Y.; Fernandez, D.; Casagrande G.; Lucchetti, P. Anales de la 37 JAIIO – JII – AgroInformática – Cadenas de abastecimiento. 8 a 12 de Octubre de 2008. ISSN: 1850-2849.",2008,"En Congresos, Seminarios, Simposios y Jornadas Nacionales",National Conferences,https://inta.gob.ar/documentos/red-de-estaciones-meterologicas-automaticas-de-la-estacion-experimental-agropecuaria-anguil-la-pampa,
"Red Termopluviométrica de la Red de Información Agropecuaria Pampeana. Bellini Saibene, Y.; Schaab, L.; Ramos, L.; Fernandez, D.; Casagrande, G.; Lucchetti, P; Lemes, D. Anales de la 37 JAIIO – JII – AgroInformática – Cadenas de abastecimiento. 8 a 12 de Octubre de 2008. ISSN: 1850-2849.",2008,"En Congresos, Seminarios, Simposios y Jornadas Nacionales",National Conferences,https://inta.gob.ar/documentos/red-termopluviometrica-de-la-red-de-informacion-agropecuaria-pampeana-0,
"Relevamiento de malezas en cultivos de girasol de la provincia de La Pampa y zonas limítrofes. Montoya, J.C.; Berhongaray, G.; Pérez, A.; Títolo, D.; Troiani, H.; Roberto, Z.; Ramos, L.; Bellini Saibene. Boletín de Divulgación Técnica Nº 93. ISSN: 0325-2167. Noviembre 2008- Ediciones INTA.",2008,Journals,Journals,https://inta.gob.ar/documentos/relevamiento-de-malezas-en-cultivos-de-girasol-de-la-provincia-de-la-pampa-y-zonas-limitrofes,
"Sistema de Información “Informe Agronómico Mensual. Bellini Saibene, Y.; Schaab, L.; Ramos, L.; Fernandez, D.; Caldera, J.; Lucchetti, P; Lorda, H; Lemes, D. Anales de la 37 JAIIO – JII – AgroInformática – Cadenas de abastecimiento. 8 a 12 de Octubre de 2008. ISSN: 1850-2849.",2008,"En Congresos, Seminarios, Simposios y Jornadas Nacionales",National Conferences,https://inta.gob.ar/documentos/sistema-de-informacion-informe-agronomico-mensual,
"Un Sistema de Información para el Inventario de Malezas en Girasol en la Provincia de La Pampa. Bellini Saibene, Y.; Ramos, L.; Montoya, J.C; Roberto, Z.; Titolo, D.; Berhongaray, G; Perez, A. Anales de la 37 JAIIO – JII – AgroInformática – Cadenas de abastecimiento. 8 a 12 de Octubre de 2008. ISSN: 1850-2849.",2008,"En Congresos, Seminarios, Simposios y Jornadas Nacionales",National Conferences,https://inta.gob.ar/node/1304,
"“Sistema móvil para carga de datos del informe agronómico mensual del RIAN.” Herrera Germán, Escobar Guillermo, Schaab Lucas, Ramos Lucas, Bellini Saibene Yanina. Anales del Congreso Argentino de AgroInformática 2009. ISSN: 1852-4850. Editor: SADIO. 24 y 25 de Agosto de 2009. Mar del Plata.",2009,"En Congresos, Seminarios, Simposios y Jornadas Nacionales",National Conferences,https://inta.gob.ar/documentos/sistema-movil-para-carga-de-datos-del-informe-agronomico-mensual-del-rian,
"Alarmas Agropecuarias a Teléfonos Celulares. Bellini Saibene, Yanina; Suarez, Armando; Schaab, Lucas; Figueruelo Andrea. Anales del Congreso Argentino de AgroInformática 2009. ISSN: 1852-4850. 24 y 25 de Agosto de 2009. Mar del Plata.",2009,"En Congresos, Seminarios, Simposios y Jornadas Nacionales",National Conferences,,
Algodón. Manual de Campo,2009,Colaboración,Book Chapters,https://inta.gob.ar/documentos/algodon-manual-de-campo,
Boletín RIAN La Pampa - San Luis - Abril 2009- Nro 64,2009,Newsletter,Popular science articles,https://inta.gob.ar/documentos/boletin-rian-la-pampa-san-luis-abril-2009-64,
Boletín RIAN La Pampa - San Luis - Agosto 2009- Nro 67,2009,Newsletter,Popular science articles,https://inta.gob.ar/documentos/boletin-rian-la-pampa-san-luis-agosto-2009-67,
Boletín RIAN La Pampa - San Luis - Agosto-Septiembre 2009- Nro 69,2009,Newsletter,Popular science articles,https://inta.gob.ar/documentos/boletin-rian-la-pampa-san-luis-agosto-septiembre-2009-nro-69,
Boletín RIAN La Pampa - San Luis - Diciembre 2008- Nro 59,2009,Newsletter,Popular science articles,https://inta.gob.ar/documentos/boletin-rian-la-pampa-san-luis-diciembre-2008-nro-59,
Boletín RIAN La Pampa - San Luis - Enero-Febrero 2009- Nro 60,2009,Newsletter,Popular science articles,https://inta.gob.ar/documentos/boletin-rian-la-pampa-san-luis-enero-febrero-2009-nro-60,
Boletín RIAN La Pampa - San Luis - Febrero 2009- Nro 61,2009,Newsletter,Popular science articles,https://inta.gob.ar/documentos/boletin-rian-la-pampa-san-luis-febrero-2009-nro-61,
Boletín RIAN La Pampa - San Luis - Julio 2009- Nro 66,2009,Newsletter,Popular science articles,https://inta.gob.ar/documentos/boletin-rian-la-pampa-san-luis-julio-2009-66,
Boletín RIAN La Pampa - San Luis - Julio-Agosto 2009- Nro 68,2009,Newsletter,Popular science articles,https://inta.gob.ar/documentos/copy_of_boletin-rian-la-pampa-san-luis-julio-agosto-2009-68,
Boletín RIAN La Pampa - San Luis - Junio-Julio 2009- Nro 65,2009,Newsletter,Popular science articles,https://inta.gob.ar/documentos/boletin-rian-la-pampa-san-luis-junio-julio-2009-65,
Boletín RIAN La Pampa - San Luis - Marzo 2009- Nro 62,2009,Newsletter,Popular science articles,https://inta.gob.ar/documentos/boletin-rian-la-pampa-san-luis-marzo-2009-nro-62,
Boletín RIAN La Pampa - San Luis - Marzo 2009- Nro 63,2009,Newsletter,Popular science articles,https://inta.gob.ar/documentos/boletin-rian-la-pampa-san-luis-marzo-2009-nro-63,
Boletín RIAN La Pampa - San Luis - Noviembre 2009- Nro 72,2009,Newsletter,Popular science articles,https://inta.gob.ar/documentos/boletin-rian-la-pampa-san-luis-noviembre-2009-72,
Boletín RIAN La Pampa - San Luis - Octubre 2009- Nro 71,2009,Newsletter,Popular science articles,https://inta.gob.ar/documentos/boletin-rian-la-pampa-san-luis-octubre-2009-71,
Boletín RIAN La Pampa - San Luis - Septiembre 2009- Nro 70,2009,Newsletter,Popular science articles,https://inta.gob.ar/documentos/boletin-rian-la-pampa-san-luis-septiembre-2009-70,
"Profesionales venezolanos en Anguil. En Nuevo ABC Rural. Septiembre 2009. Nº13. Año VIII, Nº 97. Pág. 58. Belmonte, ML, Bellini, Y",2009,Popular science articles,Popular science articles,,
"Se mejoran los controles de las plagas. Ing. Agr. Armando Suarez, Ing. Agr. Andrea Figuerelo, Lic. Yanina Bellini Saibene. Horizonte Agropecuario Nº 81. Marzo 2009. ISSN: 0327-3180.",2009,Popular science articles,Popular science articles,,
"Segunda Capacitación Internacional de la RIAN. Lic. Yanina Bellini Saibene, Ings. Agrs. Laura Belmonte, Héctor Lorda. Horizonte Agropecuario Nº 83. Septiembre 2009. ISSN: 0327-3180.",2009,Popular science articles,Popular science articles,,
"Alarmas Agropecuarias a Teléfonos Celulares. Bellini Saibene Yanina, Suarez Armando, Schaab Lucas, Figueruelo Andrea. 4to Simposio de Informática en el Estado. ISSN: 1851-2526. 30 de Agosto al 3 de Septiembre de 2010.",2010,"En Congresos, Seminarios, Simposios y Jornadas Nacionales",National Conferences,https://inta.gob.ar/documentos/alarmas-agropecuarias-a-telefonos-celulares,
Boletín RIAN La Pampa - San Luis - Agosto 2010- Nro 78,2010,Newsletter,Popular science articles,https://inta.gob.ar/documentos/boletin-rian-la-pampa-san-luis-agosto-2010-78,
Boletín RIAN La Pampa - San Luis - Agosto 2010- Nro 79,2010,Newsletter,Popular science articles,https://inta.gob.ar/documentos/boletin-rian-la-pampa-san-luis-agosto-2010-79,
Boletín RIAN La Pampa - San Luis - Diciembre 2009- Nro 73,2010,Newsletter,Popular science articles,https://inta.gob.ar/documentos/boletin-rian-la-pampa-san-luis-diciembre-2009-73,
Boletín RIAN La Pampa - San Luis - Enero 2010- Nro 74,2010,Newsletter,Popular science articles,https://inta.gob.ar/documentos/boletin-rian-la-pampa-san-luis-enero-2010-74,
Boletín RIAN La Pampa - San Luis - Febrero 2010- Nro 75,2010,Newsletter,Popular science articles,https://inta.gob.ar/documentos/boletin-rian-la-pampa-san-luis-febrero-2010-75,
Boletín RIAN La Pampa - San Luis - Junio-Julio 2010- Nro 77,2010,Newsletter,Popular science articles,https://inta.gob.ar/documentos/boletin-rian-la-pampa-san-luis-junio-julio-2010-77,
Boletín RIAN La Pampa - San Luis - Mayo-Junio 2010- Nro 76,2010,Newsletter,Popular science articles,https://inta.gob.ar/documentos/boletin-rian-la-pampa-san-luis-mayo-junio-2010-76,
Boletín RIAN La Pampa - San Luis - Noviembre-Diciembre 2010- Nro 82,2010,Newsletter,Popular science articles,https://inta.gob.ar/documentos/boletin-rian-la-pampa-san-luis-noviembre-diciembre-2010-nro-82,
Boletín RIAN La Pampa - San Luis - Octubre 2010- Nro 81,2010,Newsletter,Popular science articles,https://inta.gob.ar/documentos/boletin-rian-la-pampa-san-luis-octubre-2010-nro-81,
Boletín RIAN La Pampa - San Luis - Septiembre 2010- Nro 80,2010,Newsletter,Popular science articles,https://inta.gob.ar/documentos/copy_of_boletin-rian-la-pampa-san-luis-septiembre-2010-80,
"Caracterización tecnológica y productiva de trigo para La Pampa y San Luis. Belmonte, ML, Fuentes, ME, Bellini,Y. Horizonte Agropecuario Nº 85. Abril 2010. ISSN: 0327-3180. Ediciones INTA.",2010,Popular science articles,Popular science articles,,
"Información para la gestión del sistema de transferencia y extensión del INTA. Bellini Saibene, Yanina; Malvido, Agustina; Caldera, Juan. 4to Simposio de Informática en el Estado (SIE). ISSN: 1851-2526. 30 de Agosto al 3 de Septiembre de 2010.",2010,"En Congresos, Seminarios, Simposios y Jornadas Nacionales",National Conferences,,
Radar meteorológico en la EEA Anguil,2010,Articulo de Divulgación,Popular science articles,https://inta.gob.ar/documentos/radar-meteorologico-en-la-eea-anguil,
"RADAR Meteorológico en la EEA Anguil. Lic. Yanina Bellini Saibene, Ing. Agr. Guillermo Casagrande. Horizonte Agropecuario Nº 85. Abril 2010. ISSN: 0327-3180. Ediciones INTA.",2010,Popular science articles,Popular science articles,,
"Sistema de Información “Informe de Estado Hídrico de Suelos”. Bellini Saibene, Y.; Schaab, L.; Ramos, L.; Fuentes M.; Belmonte L. Segundo Congreso Argentino de Agro informática. ISSN: 1852-4850. Editor: SADIO. 30 de Agosto al 3 de Septiembre de 2010.",2010,"En Congresos, Seminarios, Simposios y Jornadas Nacionales",National Conferences,,
Anuario RIAN-RIAP 2005-2006. Bellini Saibene Yanina; Schaab Lucas; Lucas Ramos; Belmonte Laura; Fuentes María Elena. Boletín de Divulgación Técnica Nº 101. Febrero 2011. ISSN 0325-2167. Ediciones INTA.,2011,Journals,Journals,,
Anuario RIAN-RIAP 2006-2007. Bellini Saibene Yanina; Schaab Lucas; Lucas Ramos; Belmonte Laura; Fuentes María Elena. Boletín de Divulgación Técnica Nº 102. Febrero 2011. ISSN 0325-2167. Ediciones INTA.,2011,Journals,Journals,https://inta.gob.ar/documentos/anuario-rian-riap-2006-2007,
Anuario RIAN-RIAP 2007-2008. Bellini Saibene Yanina; Schaab Lucas; Lucas Ramos; Belmonte Laura; Fuentes María Elena. Boletín de Divulgación Técnica Nº 103. Marzo 2011. ISSN 0325-2167. Ediciones INTA.,2011,Journals,Journals,https://inta.gob.ar/documentos/sistema-multimedial-anuario-rian-2007-2008,
Anuario RIAN-RIAP 2008-2009. Bellini Saibene Yanina; Schaab Lucas; Lucas Ramos; Belmonte Laura; Fuentes María Elena. Boletín de Divulgación Técnica Nº 104. Junio 2011. ISSN 0325-2167. Ediciones INTA.,2011,Journals,Journals,https://inta.gob.ar/documentos/anuario-rian-riap-2008-2009,
Anuario RIAN-RIAP 2009-2010. Bellini Saibene Yanina; Schaab Lucas; Lucas Ramos; Belmonte Laura; Fuentes María Elena. Boletín de Divulgación Técnica Nº 105. Octubre 2011. ISSN 0325-2167. Ediciones INTA.,2011,Journals,Journals,https://inta.gob.ar/documentos/anuario-rian-riap-2009-2010,
Boletín RIAN La Pampa - San Luis - Agosto 2011- Nro 86,2011,Newsletter,Popular science articles,https://inta.gob.ar/documentos/boletin-rian-la-pampa-san-luis-agosto-2011-nro-86,
Boletín RIAN La Pampa - San Luis - Diciembre 2010-Enero 2011- Nro 83,2011,Newsletter,Popular science articles,https://inta.gob.ar/documentos/boletin-rian-la-pampa-san-luis-diciembre-2010-enero-2011-nro-83,
Boletín RIAN La Pampa - San Luis - Julio 2011- Nro 85,2011,Newsletter,Popular science articles,https://inta.gob.ar/documentos/boletin-rian-la-pampa-san-luis-julio-2011-nro-85,
Boletín RIAN La Pampa - San Luis - Junio 2011- Nro 84,2011,Newsletter,Popular science articles,https://inta.gob.ar/documentos/boletin-rian-la-pampa-san-luis-junio-2011-nro-84,
Boletín RIAN La Pampa - San Luis - Noviembre 2011- Nro 89,2011,Newsletter,Popular science articles,https://inta.gob.ar/documentos/boletin-rian-la-pampa-san-luis-noviembre-2011-nro-89,
Boletín RIAN La Pampa - San Luis - Octubre 2011- Nro 88,2011,Newsletter,Popular science articles,https://inta.gob.ar/documentos/boletin-rian-la-pampa-san-luis-octubre-2011-nro-88,
Boletín RIAN La Pampa - San Luis - Septiembre 2011- Nro 87,2011,Newsletter,Popular science articles,https://inta.gob.ar/documentos/boletin-rian-la-pampa-san-luis-septiembre-2011-nro-87,
"Caracterización económica-productiva de los sistemas productivos preponderantes de la provincia de La Pampa, Argentina. Iturrioz Gabriela, Lorda Héctor, Bellini Saibene Yanina, Torrado Roberto, Taié Armando, Caldera Juan. III CONGRESO REGIONAL DE ECONOMIA AGRARIA. Valdivia, Chile. 9 al 11 de noviembre de 2011.",2011,"En Congresos, Seminarios, Simposios y Jornadas Internacionales",International Conferences,,
Desarrollo de un sistema de gestión apícola,2011,Tesis,Book,https://inta.gob.ar/documentos/desarrollo-de-un-sistema-de-gestion-apicola,
"El uso de AgroTICs para generar las cartas agroclimáticas de la provincia de La Pampa. Bellini Saibene, Yanina; Ramos, Lucas; Casagrande, Guillermo; Vergara Graciela. Tercer Congreso Argentino de Agro informática. ISSN: 1852-4850. Editor: SADIO. 30 y 31 de Agosto de 2011.",2011,"En Congresos, Seminarios, Simposios y Jornadas Nacionales",National Conferences,https://inta.gob.ar/documentos/el-uso-de-agrotics-para-generar-las-cartas-agroclimaticas-de-la-provincia-de-la-pampa,
"Manuales de campo de la RIAN para dispositivos móviles. Herrera, Germán; Escobar, Guillermo; Schaab, Lucas; Bellini Saibene, Yanina; Caldera, Juan; Ramos, Lucas. Tercer Congreso Argentino de Agro informática. ISSN: 1852-4850. Editor: SADIO. 30 y 31 de Agosto de 2011.",2011,"En Congresos, Seminarios, Simposios y Jornadas Nacionales",National Conferences,https://inta.gob.ar/documentos/manuales-de-campo-de-la-rian-para-dispositivos-moviles,
Metodología utilizada para el manejo de la información en AgroRADAR,2011,Articulo de Divulgación,Popular science articles,https://inta.gob.ar/documentos/metodologia-utilizada-para-el-manejo-de-la-informacion-en-agroradar,
"Minería de datos: el que busca, encuentra. Bellini Saibene, Yanina. Horizonte Agropecuario Pampeano-Puntano. Julio 2011. ISSN 0327-3180. Ediciones INTA.",2011,Popular science articles,Popular science articles,,
Trigo. Manual de campo,2011,Colaboración,Book Chapters,https://inta.gob.ar/documentos/trigo-manual-de-campo,
Yerba mate. Manual de campo,2011,Colaboración,Book Chapters,https://inta.gob.ar/documentos/yerba-mate-manual-de-campo,
Boletín RIAN La Pampa - San Luis - Agosto 2012- Nro 91,2012,Newsletter,Popular science articles,https://inta.gob.ar/documentos/boletin-rian-la-pampa-san-luis-septiembre-2012-nro-91,
Boletín RIAN La Pampa - San Luis - Diciembre 2012- Nro 94,2012,Newsletter,Popular science articles,https://inta.gob.ar/documentos/boletin-rian-la-pampa-san-luis-diciembre-2012-nro-94,
Boletín RIAN La Pampa - San Luis - Junio 2012- Nro 90,2012,Newsletter,Popular science articles,https://inta.gob.ar/documentos/boletin-rian-la-pampa-san-luis-junio-2012-nro-90,
Boletín RIAN La Pampa - San Luis - Octubre 2012- Nro 93,2012,Newsletter,Popular science articles,https://inta.gob.ar/documentos/boletin-rian-la-pampa-san-luis-octubre-2012-nro-93,
Boletín RIAN La Pampa - San Luis - Septiembre 2012- Nro 92,2012,Newsletter,Popular science articles,https://inta.gob.ar/documentos/boletin-rian-la-pampa-san-luis-septiembre-2012-nro-92,
El Trigo en la Vidriera,2012,Articulo de Divulgación,Popular science articles,https://inta.gob.ar/documentos/el-trigo-en-la-vidriera,
"Identificación de granizo con la utilización de variables polarimetricas de los radares de Paraná y Anguil, el radar de Pergamino y daño en cultivos. Romina Nahir Mezher, Santiago Banchero y Yanina Bellini. CongreMet XI. XI Congreso Argentino de Meteorología. 28 de Mayo al 1 de Junio de 2012. Mendoza, Argentina.",2012,"En Congresos, Seminarios, Simposios y Jornadas Nacionales",National Conferences,,
"Radar Meteorológico INTA. Bellini Yanina, Casagrande Guillermo. Revista 365. Pág. 18 y 19. Abril del 2012.",2012,Popular science articles,Popular science articles,,
Boletín RIAN La Pampa - San Luis - Enero 2013- Nro 95,2013,Newsletter,Popular science articles,https://inta.gob.ar/documentos/boletin-rian-la-pampa-san-luis-enero-2013-nro-95,
Boletín RIAN La Pampa - San Luis - Febrero 2013- Nro 96,2013,Newsletter,Popular science articles,https://inta.gob.ar/documentos/boletin-rian-la-pampa-san-luis-febrero-2013-nro-96,
Boletín RIAN La Pampa - San Luis - Febrero 2013- Nro 97,2013,Newsletter,Popular science articles,https://inta.gob.ar/documentos/boletin-rian-la-pampa-san-luis-febrero-2013-nro-97,
Boletín RIAN La Pampa - San Luis - Julio 2013- Nro 98,2013,Newsletter,Popular science articles,https://inta.gob.ar/documentos/boletin-rian-la-pampa-san-luis-febrero-2013-nro-97,
Boletín RIAN La Pampa - San Luis - Noviembre 2013- Nro 100,2013,Newsletter,Popular science articles,https://inta.gob.ar/documentos/boletin-rian-la-pampa-san-luis-noviembre-2013-nro-100,
Boletín RIAN La Pampa - San Luis - Octubre-Noviembre 2013- Nro 99,2013,Newsletter,Popular science articles,https://inta.gob.ar/documentos/boletin-rian-la-pampa-san-luis-febrero-2013-nro-97,
"Identificación de Sistemas Productivos Preponderantes en una zona de la provincia de La Pampa utilizando técnicas de DataMining. Bellini Saibene, Yanina; Iturrioz, Gabriela, Lorda, Héctor. Anales Congreso Argentino de AgroInformática 2013. ISSN: 1852-4850. Editor: SADIO. 16 al 20 de Septiembre de 2013, Córdoba.",2013,"En Congresos, Seminarios, Simposios y Jornadas Nacionales",National Conferences,https://inta.gob.ar/documentos/identificacion-de-sistemas-productivos-preponderantes-en-una-zona-de-la-provincia-de-la-pampa-utilizando-tecnicas-de-datamining,
Boletín RIAN La Pampa - San Luis - Enero 2014- Nro 101,2014,Newsletter,Popular science articles,https://inta.gob.ar/documentos/boletin-rian-la-pampa-san-luis-enero-2014-nro-101,
Boletín RIAN La Pampa - San Luis - Febrero 2014- Nro 102,2014,Newsletter,Popular science articles,https://inta.gob.ar/documentos/boletin-rian-la-pampa-san-luis-febrero-2014-nro-102,
Boletín RIAN La Pampa - San Luis - Mayo 2014- Nro 105,2014,Newsletter,Popular science articles,https://inta.gob.ar/documentos/boletin-rian-la-pampa-san-luis-mayo-2014-nro-105,
"Desarrollo y uso de herramientas libres para la explotación de datos de los radares meteorológicos del INTA. Yanina Bellini Saibene, Martín Volpaccio, Santiago Banchero, Romina Mezher. Anales del 6º Congreso Argentino de AgroInformática. ISSN: 1852-4850. Editor: SADIO. 1 al 5 de Septiembre de 2014 - Facultad de Ingenieria - Universidad de Palermo.",2014,"En Congresos, Seminarios, Simposios y Jornadas Nacionales",National Conferences,https://inta.gob.ar/documentos/desarrollo-y-uso-de-herramientas-libres-para-la-explotacion-de-datos-de-los-radares-meteorologicos-del-inta,
"Red de radares de INTA. Bellini, Yanina; Belmonte, Laura. Horizonte Agropecuario Pampeano-Puntano 103. Octubre 2014. ISSN 0327-3180. Ediciones INTA.",2014,Popular science articles,Popular science articles,,
"Sistema de Información del Seguimiento Semanal de los Sistemas de Producción. Lucas Ramos, Yanina Bellini Saibene. Anales del 6º Congreso Argentino de AgroInformática. ISSN: 1852-4850. Editor: SADIO. 1 al 5 de Septiembre de 2014 - Facultad de Ingenieria - Universidad de Palermo.",2014,"En Congresos, Seminarios, Simposios y Jornadas Nacionales",National Conferences,https://inta.gob.ar/documentos/sistema-de-informacion-del-seguimiento-semanal-de-los-sistemas-de-produccion,
"“Encuesta tecnológica de los sistemas ganaderos bovinos de carne. Caracterización de la Ganadería Bovina de San Luis.” Rossanigo Carlos, Arano Arturo, Bellini Saibene Yanina y Fernández Darío. Capítulo de la publicación Información técnica Nº 190. ISSN 0327-425X. Ediciones INTA. Diciembre de 2015.",2015,Journals,Journals,,
Clasificación de granizo en superficie usando técnicas de minería de datos y datos de radar meteorológico. ASAI.,2015,"En Congresos, Seminarios, Simposios y Jornadas Nacionales",National Conferences,https://inta.gob.ar/documentos/clasificacion-de-granizo-en-superficie-usando-tecnicas-de-mineria-de-datos-y-datos-de-radar-meteorologico,
"Classification of hail on the ground using Data Mining techniques and weather radar data. Bellini Saibene, Yanina Noemí; Volpacchio, Martín.16º Argentine Symposium on Artificial Intelligence. ISSN: 1850-2784. Argentina 31 de Agosto de 2015. Rosario, Santa Fe, Argentina.",2015,"En Congresos, Seminarios, Simposios y Jornadas Nacionales",National Conferences,,
"Desarrollo de software para el procesamiento y análisis de datos de la red de radares meteorológicos del INTA. Bellini Saibene, Y., Banchero, S., Mezher, R., Volpacchio, M.  XII Congreso Argentino de Meteorología. CONGREMET XII. 26 al 29 de Mayo de 2015. Mar del Plata, Argentina.",2015,"En Congresos, Seminarios, Simposios y Jornadas Nacionales",National Conferences,https://inta.gob.ar/documentos/desarrollo-de-software-para-el-procesamiento-y-analisis-de-datos-de-la-red-de-radares-meterologicos-de-inta,
Firma de convenio entre el INTA y el Instituto Liceo Informático,2015,Noticia,Blog post,https://inta.gob.ar/noticias/firma-de-convenio-entre-el-inta-y-el-instituto-liceo-informatico,
GeoINTA. Aprovechando los mapas del INTA en la web. Horizonte Agropecuario Pampeano-Puntano. Nº 106. Septiembre de 2015. ISSN: 0327-3180. Ediciones INTA.,2015,Popular science articles,Popular science articles,,
"Hacia una Arquitectura de Procesamiento de Datos del RADAR Meteorológico de INTA Anguil. Diván, Mario; Bellini Saibene, Yanina; Martín, María de los Angeles; Belmonte, María Laura; Lafuente, Guillermo; Caldera, Juan Marcelo. 9º Simposio Argentino de Informática en el Estado (SIE). ISSN: 1851-2526. 2 al 4 de Septiembre de 2015. Santa Fé.",2015,"En Congresos, Seminarios, Simposios y Jornadas Nacionales",National Conferences,,
"HAR (HAIL-Archive): desarrollo de un sistema de información y base de datos sobre granizo en la región semiárida pampeana central. Bellini Saibene, Y., Caldera, J.M., Volpacchio, M. XII Congreso Argentino de Meteorología. CONGREMET XII. 26 al 29 de Mayo de 2015. Mar del Plata, Argentina.",2015,"En Congresos, Seminarios, Simposios y Jornadas Nacionales",National Conferences,https://inta.gob.ar/documentos/har-hail-archive-desarrollo-de-un-sistema-de-informacion-y-base-de-datos-sobre-granizo-en-la-region-semiarida-pampeana-central,
Horizonte agropecuario pampeano - puntano Nº 106 Septiembre de 2015,2015,Articulo de Divulgación,Popular science articles,https://inta.gob.ar/documentos/horizonte-agropecuario-pampeano-puntano-no-106-septiembre-de-2015,
Horizonte agropecuario pampeano - puntano Nº 107 diciembre de 2015,2015,Articulo de Divulgación,Popular science articles,https://inta.gob.ar/documentos/horizonte-agropecuario-pampeano-puntano-no-107-diciembre-de-2015,
"Síntesis de una Arquitectura de Procesamiento de Datos del RADAR Meteorológico de INTA Anguil. Diván, Mario; Bellini Saibene, Yanina; Martín, María de los Angeles; Belmonte, María Laura; Lafuente, Guillermo; Caldera, Juan Marcelo. AGRANDA. Simposio Argentino de GRANdes DAtos (1st edition). 1 y 2 de Septiembre de 2015. ISSN 2451-7569.",2015,"En Congresos, Seminarios, Simposios y Jornadas Nacionales",National Conferences,,
"Towards an Data Processing Architecture for the Meteorological Radar of the INTA Anguil. Diván, Mario; Bellini Saibene, Yanina; Martín, María de los Angeles; Belmonte, María Laura; Lafuente, Guillermo; Caldera, Juan Marcelo. DMIA 2015 (International Workshop on Data Mining with Industrial Applications). Paraguay. 14-16 de Septiembre de 2015.",2015,"En Congresos, Seminarios, Simposios y Jornadas Internacionales",International Conferences,,
"Aplicación de geotecnologías para el mapeo de la agricultura urbana: el caso PROHUERTA en la ciudad de Santa Rosa, La Pampa. M. Castro , A. Farana , P. V. Ermini, Y. Bellini Saibene. 3º Jornadas de Tecnología de Información Geográfica del Sur Argentino. Universidad Nacional del Sur. Bahía Blanca, Argentina. 24-26 de Agosto 2016.",2016,"En Congresos, Seminarios, Simposios y Jornadas Nacionales",National Conferences,,
Congreso Argentino de AgroInformática (CAI) 2016: Resultados,2016,Noticia,Blog post,https://inta.gob.ar/documentos/congreso-argentino-de-agroinformatica-cai-2016-resultados,
"Dispositivos móviles: llevando la oficina al campo. Bellini Saibene, Yanina; Herrera, Germán. Horizonte Agropecuario Pampeano-Puntano. Nº 107. Febrero 2016. 2015-2016. ISSN: 0327-3180. Ediciones INTA.",2016,Popular science articles,Popular science articles,,
El aporte de las TIC al sector agropecuario: Congreso Argentino de AgroInformática 2016,2016,Noticia,Blog post,https://inta.gob.ar/noticias/el-aporte-de-las-tic-al-sector-agropecuario-congreso-argentino-de-agroinformatica-2016,
El aporte de las TIC al sector agropecuario: Congreso Argentino de AgroInformática 2016,2016,Noticia,Blog post,https://inta.gob.ar/noticias/el-aporte-de-las-tic-al-sector-agropecuario-congreso-argentino-de-agroinformatica-2016,
Espacio de intercambio en la información geográfica,2016,Noticia,Blog post,https://inta.gob.ar/noticias/espacio-de-intercambio-en-la-informacion-geografica,
"Evaluación de proyectos de extensión: desde una perspectiva de legitimación hasta la participación de los actores. Torrado, Juan; Albarracin, Belen; Delgreco, Luisina; Epuñam, Flavia; Bellini Saibene, Yanina. XVIII Jornadas Nacionales de Extensión Rural y X del Mercosur. Organizadas por Asociación Argentina de Extensión rural, INTA y Universidad Nacional Comahue. Facultad de ciencias Agrarias. Cinco Saltos-Rio Negro. 9 al 11 de Noviembre de 2016.",2016,"En Congresos, Seminarios, Simposios y Jornadas Nacionales",National Conferences,,
GeoINTA: aprovechando los mapas del INTA en Internet.,2016,Articulo de Divulgación,Popular science articles,https://inta.gob.ar/documentos/geointa-aprovechando-los-mapas-del-inta-en-internet,
"GeoINTA: compartiendo datos por medio de la Infraestructura de Datos Espaciales del INTA. Banchero Santiago, Bellini Saibene, Yanina. Anales 10º Simposio Argentino de Informática en el Estado (SIE). ISSN: 1851-2526. 7 de Septiembre de 2016.",2016,"En Congresos, Seminarios, Simposios y Jornadas Nacionales",National Conferences,https://inta.gob.ar/documentos/geointa-compartiendo-datos-por-medio-de-la-infraestructura-de-datos-espaciales-del-inta,
"GeoINTA: la infraestructura de datos espaciales del INTA en La Pampa. Y. Bellini Saibene, L. Ramos, M. Fuentes, J. Caldera, P. Lucchetti. 3º Jornadas de Tecnología de Información Geográfica del Sur Argentino. Universidad Nacional del Sur. Bahía Blanca, Argentina. 24 al 26 de Agosto 2016.",2016,"En Congresos, Seminarios, Simposios y Jornadas Nacionales",National Conferences,https://inta.gob.ar/documentos/geointa-la-infraestructura-de-datos-espaciales-del-inta-en-la-pampa,
Geotecnologías aplicadas a los estudios territoriales en La Pampa,2016,Noticia,Blog post,https://inta.gob.ar/noticias/geotecnologias-aplicadas-a-los-estudios-territoriales-en-la-pampa,
Hackatón de AgroDatos: mención para la EEA Anguil,2016,Noticia,Blog post,https://inta.gob.ar/documentos/hackaton-de-agrodatos-mencion-para-la-eea-anguil,
Horizonte agropecuario pampeano - puntano Nº 109 Septiembre de 2016,2016,Articulo de Divulgación,Popular science articles,https://inta.gob.ar/documentos/horizonte-agropecuario-pampeano-puntano-no-109-septiembre-de-2016,
Horizonte agropecuario pampeano - puntano Nº 110 Diciembre de 2016,2016,Articulo de Divulgación,Popular science articles,https://inta.gob.ar/documentos/horizonte-agropecuario-pampeano-puntano-no-110-diciembre-de-2016,
La EEA Anguil en el Congreso Argentino de Agroinformática,2016,Noticia,Blog post,https://inta.gob.ar/noticias/la-eea-anguil-en-el-congreso-argentino-de-agroinformatica,
"Mirando desde el cielo: la industria espacial al servicio del agro. Bellini Saibene, Yanina. Horizonte Agropecuario Pampeano-Puntano. Nº 110. Diciembre 2016. 2016. ISSN: 0327-3180. Ediciones INTA.",2016,Popular science articles,Popular science articles,,
"Monitoreo de los indicadores del programa ProHuerta en el área del caldenal y oeste árido de la provincia de La Pampa. M.E. Fuentes, Y.N. Bellini, J.Caldera. 3º Jornadas de Tecnología de Información Geográfica del Sur Argentino. Universidad Nacional del Sur. Bahía Blanca, Argentina. 24 al 26 de Agosto 2016.",2016,"En Congresos, Seminarios, Simposios y Jornadas Nacionales",National Conferences,https://inta.gob.ar/documentos/monitoreo-de-indicadores-del-programa-prohuerta-en-el-area-del-caldenal-y-oeste-arido-de-la-provincia-de-la-pampa,
"Pelear hasta por jugar. Argentinas en los Juegos Olímpicos. Bellini Alejandra, Bellini Saibene, Yanina. Suplemento Caldenia. Diario La Arena. 3 de Abril de 2016. Páginas 4 y 5.",2016,Popular science articles,Popular science articles,,
"Propuesta para una Infraestructura de Datos Agropecuarios del Instituto Nacional de Tecnología Agropecuaria (INTA). Bellini Saibene, Yanina. Contribuciones Simposio Argentino de Grandes Datos (AGRANDA) 2016. ISSN: 2451-7569. 6 de Septiembre de 2016.",2016,"En Congresos, Seminarios, Simposios y Jornadas Nacionales",National Conferences,https://inta.gob.ar/documentos/propuesta-para-una-infraestructura-de-datos-agropecuarios-del-instituto-nacional-de-tecnologia-agropecuaria-inta,
RadINTA: Facilitando el uso de la red de radares de INTA mediante el desarrollo de herramientas libres,2016,Noticia,Blog post,https://inta.gob.ar/documentos/radinta-facilitando-el-uso-de-la-red-de-radares-de-inta-mediante-el-desarrollo-de-herramientas-libres,
"RadINTA: Facilitando el uso de la red de radares de INTA mediante el desarrollo de herramientas libres. Y. Bellini Saibene, S. Banchero. 3º Jornadas de Tecnología de Información Geográfica del Sur Argentino. Universidad Nacional del Sur. Bahía Blanca, Argentina. 24 al 26 de Agosto 2016.",2016,"En Congresos, Seminarios, Simposios y Jornadas Nacionales",National Conferences,,
Reconocimiento Nacional para GeoINTA,2016,Noticia,Blog post,https://inta.gob.ar/noticias/reconocimiento-nacional-para-geointa,
"Sistema de Información y base de datos para el inventario de recursos naturales de La Pampa. Bellini Saibene, Yanina; Calera, Juan. Horizonte Agropecuario Pampeano-Puntano. Nº 109. Septiembre 2016. 2016. ISSN: 0327-3180. Ediciones INTA.",2016,Popular science articles,Popular science articles,https://inta.gob.ar/documentos/sistema-de-informacion-y-base-de-datos-para-el-inventario-de-recursos-naturales-de-la-pampa,
"Sistema de Información y base de datos para el inventario de recursos naturales de La Pampa. Caldera, Juan; Peinetti, Raúl; Estelrich, Daniel; Chirino, Claudia; Bellini Saibene, Yanina; Lorda, Marcos. Anales 8º Congreso Argentino de AgroInformática (CAI) 2016. ISSN: 1852-4850. 5 y 6 de Septiembre de 2016.",2016,"En Congresos, Seminarios, Simposios y Jornadas Nacionales",National Conferences,,
Sobre estrellas y semillas: la industria espacial al servicio de Agro,2016,Articulo de Divulgación,Popular science articles,https://inta.gob.ar/documentos/sobre-estrellas-y-semillas-la-industria-espacial-al-servicio-de-agro,Si
"Sobre estrellas y semillas: la industria espacial al servicio del agro. Bellini Saibene, Yanina. Suplemento La Arena del Campo. Diario La Arena. 17 de Septiembre de 2016.",2016,Popular science articles,Popular science articles,,Si
Sobre estrellas y semillas. La industria espacial al servicio del agro.,2016,Blog post,Blog post,,Si
"“Breve introducción a las tormentas de granizo, el daño en cultivo, los radares meteorológicos y las técnicas de Minería de Datos”. Bellini Saibene, Yanina. en Radar Meteorológico de la EEA Anguil. Contribuciones para su uso en el sector agropecuario. Publicación Técnica Nº 105. Mayo 2017. ISSN 0325-2132. Ediciones INTA.",2017,Journals,Journals,,
"“Clasificación de daño en cultivos por granizo utilizando técnicas de Data Mining”. Bellini Saibene, Yanina. en Radar Meteorológico de la EEA Anguil. Contribuciones para su uso en el sector agropecuario. Publicación Técnica Nº 105. Mayo 2017. ISSN 0325-2132. Ediciones INTA.",2017,Journals,Journals,,
"“Clasificación de sistemas ganaderos preponderantes para estimar emisiones de gases de efecto invernadero”. Lozza, Anabella; Bellini Saibene, Yanina. (2017). Resumen 40° Congreso Argentino de Producción Animal. Revista Argentina de Producción Animal Vol 37 Supl. 1: 173-243. Pp 189. ISSN: 0326-0550.",2017,Journals,Journals,,
"“Estimación de ocurrencia de granizo en superficie mediante datos de radar meteorológico utilizando técnicas de Data Mining”. Bellini Saibene, Yanina en Radar Meteorológico de la EEA Anguil. Contribuciones para su uso en el sector agropecuario. Publicación Técnica Nº 105. Mayo 2017. ISSN 0325-2132. Ediciones INTA.",2017,Journals,Journals,,
"“HAR (HAIL ARCHIVE): sistema de información para registrar eventos de granizo, sus efectos en superficie y los datos de radares meteorológicos en la región pampeana central”. Bellini Saibene, Yanina, Caldera, Juan. en Radar Meteorológico de la EEA Anguil. Contribuciones para su uso en el sector agropecuario. Publicación Técnica Nº 105. Mayo 2017. ISSN 0325-2132. Ediciones INTA.",2017,Journals,Journals,https://inta.gob.ar/documentos/har-hail-archive-desarrollo-de-un-sistema-de-informacion-y-base-de-datos-sobre-granizo-en-la-region-semiarida-pampeana-central,
"“Identificación de granizo y daño en cultivos con la utilización de variables polarimétricas de los radares de Paraná y Anguil”. Mezher, R.;Banchero S.;Bellini Saibene, Y. en Radar Meteorológico de la EEA Anguil. Contribuciones para su uso en el sector agropecuario. Publicación Técnica Nº 105. Mayo 2017. ISSN 0325-2132. Ediciones INTA.",2017,Journals,Journals,,
"“RadINTA: un conjunto de herramientas de software libre para facilitar la explotación de datos de los radares meteorológicos del INTA”. Bellini Saibene, Yanina; Banchero, Santiago; Mezher, Romina; Caldera, Juan. en Radar Meteorológico de la EEA Anguil. Contribuciones para su uso en el sector agropecuario. Publicación Técnica Nº 105. Mayo 2017. ISSN 0325-2132. Ediciones INTA.",2017,Journals,Journals,,
“RadINTA: un set de herramientas libres para facilitar la explotación de datos de la red de radares meteorológicos del INTA”. Aceptado como Capítulo 1 del libro “Las Geotecnologías en los Procesos Ambientales” del Departamento de Geografía y Turismo de la Universidad Nacional del Sur. En edición.,2017,Book Chapters,Book Chapters,,
"“RadINTA: un set de herramientas libres para facilitar la explotación de datos de la red de radares meterológicos del INTA”. Capítulo 1 del libro “Las Geotecnologías en los Procesos Ambientales”. Bellini Saibene, Yanina; Banchero, Santiago; Mezher, Romina; Caldera, Juan. . ISBN: 978-987-655-173-. Editorial de la Universidad Nacional del Sur. Ediuns. Fecha publicación: 12/2017. 252 p.",2017,Book Chapters,Book Chapters,,
AgroTICs: llevando la informática al campo,2017,Noticia,Blog post,https://inta.gob.ar/noticias/agrotics-llevando-la-informatica-al-campo,
Caracterización de sistemas productivos pampeanos,2017,Noticia,Blog post,https://inta.gob.ar/noticias/caracterizacion-de-sistemas-productivos-pampeanos,
Charlas sobre herramientas para el manejo de datos agropecuarios,2017,Noticia,Blog post,https://inta.gob.ar/noticias/charlas-sobre-herramientas-para-el-manejo-de-datos-agropecuarios,
"Clasificación de sistemas productivos preponderantes ganaderos para estimar gases de efecto invernadero.  Lozza, Anabella, Bellini Saibene, Yanina. 40 Congreso Argentino de Producción Animal. Noviembre de 2017. Poster.",2017,"En Congresos, Seminarios, Simposios y Jornadas Nacionales",National Conferences,,
"Clasificación de Sistemas Productivos Preponderantes utilizando técnicas de agrupamiento para la estimación de emisiones de Gases de Efecto Invernadero Contribuciones 9º Congreso Argentino de AgroInformática (CAI) 2017. ISSN: 2525- 0949. 7 y 8 de Septiembre de 2017. (151-164). Córdoba, Argentina.",2017,"En Congresos, Seminarios, Simposios y Jornadas Nacionales",National Conferences,,
Especialistas en AgroTics de INTA dictaron un Taller de Procesamiento de Datos en la Universidad de La Pampa,2017,Noticia,Blog post,https://inta.gob.ar/noticias/especialistas-en-agrotics-de-inta-dictaron-un-taller-de-procesamiento-de-datos-en-la-universidad-de-la-pampa,
Hacia una Arquitectura de Procesamiento de Datos del RADAR Meteorológico de INTA Anguil,2017,Journals,Journals,https://inta.gob.ar/documentos/hacia-una-arquitectura-de-procesamiento-de-datos-del-radar-meteorologico-de-inta-anguil-1,
"Hacia una Guía Digital Móvil para la identificación y manejo sustentable de los pastizales naturales Contribuciones 9º Congreso Argentino de AgroInformática (CAI) 2017. ISSN: 2525- 0949. 7 y 8 de Septiembre de 2017. (226-238). Córdoba, Argentina.",2017,"En Congresos, Seminarios, Simposios y Jornadas Nacionales",National Conferences,,
"Monitoreo de los indicadores del programa Prohuerta en la provincia de La Pampa. M.E. Fuentes, Y.N. Bellini Saibene , J.Caldera, A. Muguiro, J.C. Hernandez. 1º Encuentro Nacional sobre PERIURBANOS E INTERFASES CRÍTICAS, 2ª Reunión Científica del PNNAT y 3ra Reunión de la Red PERIURBAN. 12, 13 y 14 de Septiembre de 2017. Córdoba, Argentina.",2017,"En Congresos, Seminarios, Simposios y Jornadas Nacionales",National Conferences,,
"Mujeres en la ciencia y la tecnología. Bellini Saibene, Yanina. La Arena del Campo. 14 de Octubre de 2017.",2017,Popular science articles,Popular science articles,,
"Otra visión sobre los incendios. Fuentes, María Elena; Bellini Saibene, Yanina. La Arena del Campo. 29 de Abril de 2017.",2017,Popular science articles,Popular science articles,,
Página de Facebook “INTA Anguil”: pasos a seguir para acceder efectivamente a toda la información,2017,Noticia,Blog post,https://inta.gob.ar/noticias/pagina-de-facebook-inta-anguil-pasos-a-seguir-para-acceder-efectivamente-a-toda-la-informacion,
"ProHuerta y redes sociales: análisis de estrategias comunicacionales del programa en la provincia de La Pampa. A. M. Lagomarsino; Y. N. Bellini Saibene. 1º Encuentro Nacional sobre PERIURBANOS E INTERFASES CRÍTICAS, 2ª Reunión Científica del PNNAT y 3ra Reunión de la Red PERIURBAN. 12, 13 y 14 de Septiembre de 2017. Córdoba, Argentina.",2017,"En Congresos, Seminarios, Simposios y Jornadas Nacionales",National Conferences,,
"ProHuerta y redes sociales: hacia un análisis y propuesta de estrategias comunicacionales del programa en la provincia de La Pampa. Lagomarsino Andrea, Bellini Saibene, Yanina. XXIII JORNADAS DE INVESTIGACIÓN DE LA FACULTAD DE CIENCIAS HUMANAS “Investigar en Ciencias Sociales y Humanas en el contexto actual”. 5 y 6 de octubre de 2017, General Pico, La Pampa.",2017,"En Congresos, Seminarios, Simposios y Jornadas Nacionales",National Conferences,,
Radar meteorológico de la EEA Anguil. Contribuciones para su uso en el sector agropecuario,2017,Noticia,Blog post,https://inta.gob.ar/documentos/radar-meteorologico-de-la-eea-anguil-contribuciones-para-su-uso-en-el-sector-agropecuario,
"Relevamiento de la agricultura periurbana en el área metropolitana de Santa Rosa-Toay. H.O. Lorda , D. Moglie , J.Caldera , N. Dominguez , F. De Durana , Y.N. Bellini. 1º Encuentro Nacional sobre PERIURBANOS E INTERFASES CRÍTICAS, 2ª Reunión Científica del PNNAT y 3ra Reunión de la Red PERIURBAN. 12, 13 y 14 de Septiembre de 2017. Córdoba, Argentina.",2017,"En Congresos, Seminarios, Simposios y Jornadas Nacionales",National Conferences,,
Resultados del 9º Congreso de AgroInformática (2017),2017,Noticia,Blog post,https://inta.gob.ar/documentos/resultados-del-9o-congreso-de-agroinformatica-2017,
Seminario interno: el valor del acceso al conocimiento digitalizado en la toma de decisiones,2017,Noticia,Blog post,https://inta.gob.ar/noticias/seminario-interno-el-valor-del-acceso-al-conocimiento-digitalizado-en-la-toma-de-decisiones,
Una nueva edición del Congreso Argentino de AgroInformática (CAI) donde la EEA Anguil es protagonista,2017,Noticia,Blog post,https://inta.gob.ar/noticias/una-nueva-edicion-del-congreso-argentino-de-agroinformatica-cai-donde-la-eea-anguil-es-protagonista,
Una visión de los incendios en La Pampa con herramientas satelitales,2017,Articulo de Divulgación,Popular science articles,https://inta.gob.ar/documentos/una-vision-de-los-incendios-en-la-pampa-con-herramientas-satelitales,
"“Clasificación de Sistemas Productivos Preponderantes utilizando técnicas de agrupamiento para la estimación de emisiones de Gases de Efecto Invernadero”. LOZZA, Anabella; BELLINI SAIBENE, Yanina; LORDA, Héctor. Revista Eletrônica Argentina-Brasil de Tecnologias da Informação e da Comunicação, [S.l.], v. 1, n. 8, abr. 2018. ISSN 2446-7634. Disponível em: <https://revistas.setrem.com.br/index.php/reabtic/article/view/295>. Acesso em: 19 maio 2018. doi: http://dx.doi.org/10.5281/zenodo.1228469.",2018,Journals,Journals,https://inta.gob.ar/documentos/clasificacion-de-sistemas-productivos-preponderantes-utilizando-tecnicas-de-agrupamiento-para-la-estimacion-de-emisiones-de-gases-de-efecto-invernadero,
10 años del Congreso de AgroInformática,2018,Noticia,Blog post,https://inta.gob.ar/noticias/10-anos-del-congreso-de-agroinformatica,
Análisis de la tormenta del 10 de Diciembre en La Pampa utilizando el RADAR Meteorológico,2018,Articulo de Divulgación,Popular science articles,https://inta.gob.ar/documentos/analisis-de-la-tormenta-del-10-de-diciembre-en-la-pampa-utilizando-el-radar-meteorologico,
"Cambio climático y ganadería bovina: desafíos y oportunidades. Lozza, Anabella, Bellini Saibene, Yanina. Informe Ganadero Nº 941. Ano 36. Buenos Aires. Abril 27 de 2018.",2018,Popular science articles,Popular science articles,,
"Caracterización de las principales especies forrajeras de un pastizal natural al este del Departamento Loventué (La Pampa). Poey, M.S., Stefanazzi, I.N., Molina, M.J., Breit, M.A., Torrado, J.J., Lux, J.M., Bellini Saibene, Y., y Loza, A. VIII Congreso Nacional sobre Manejo de Pastizales Naturales- IV Congreso del Mercosur sobre Manejo de Pastizales Naturales. 15,16 y 17 de Mayo de 2018. La Rioja, Argentina. Aceptado para Poster.",2018,"En Congresos, Seminarios, Simposios y Jornadas Internacionales",International Conferences,,
"Caracterización de las principales especies forrajeras de un pastizal natural al sur del Departamento Loventué (La Pampa). Poey, M.S., Stefanazzi, I.N., Molina, M.J., Breit, M.A., Torrado, J.J., Lux, J.M., Bellini Saibene, Y., y Lozza, A. VIII Congreso Nacional sobre Manejo de Pastizales Naturales- IV Congreso del Mercosur sobre Manejo de Pastizales Naturales. 15,16 y 17 de Mayo de 2018. La Rioja, Argentina. Aceptado para Poster.",2018,"En Congresos, Seminarios, Simposios y Jornadas Internacionales",International Conferences,,
"Comparación de características de emisiones de gases de efecto invernadero entre cuatro sistemas ganaderos predominates. Bellini Saibene, Yanina.  Lozza, Anabella. Horizonte Agropecuario Pampeano-Puntano. Nº 114. Mayo 2018. 2016. ISSN: 0327-3180. Ediciones INTA.",2018,Popular science articles,Popular science articles,,
Concurso por los 10 años del Congreso de AgroInformática,2018,Noticia,Blog post,https://inta.gob.ar/noticias/concurso-por-los-10-anos-del-congreso-de-agroinformatica,
Horizonte agropecuaria pampeano puntano Nº 114 Mayo 2018,2018,Articulo de Divulgación,Popular science articles,https://inta.gob.ar/documentos/horizonte-agropecuaria-pampeano-puntano-no-114-mayo-2018,
Introducción a las nuevas tecnologías. Zinda Roberto; Lorena Carreño; Celeste Martínez Uncal; Yanina Noemí Bellini Saibene. “Introducción a las nuevas tecnologías”. Capítulo 1 del libro “Potencialidades de las nuevas tecnologías en el agropampeano”. ISBN 978-987-521-949-6. Ediciones INTA. Septiembre de 2018.,2018,Book Chapters,Book Chapters,https://inta.gob.ar/documentos/potencialidades-de-las-nuevas-tecnologias-en-el-agropampeano,
Oferta hídrica y problemática de escasez en la cuenca del rio colorado. Roberto Mariano; Fernanda Gaspari; Yanina Bellini. 5º Congreso Pampeano del Agua. Marzo de 2018. Aceptado para Exposición Oral.,2018,"En Congresos, Seminarios, Simposios y Jornadas Nacionales",National Conferences,,
"Oportunidades ante el cambio climático. Lozza, Anabella, Bellini Saibene, Yanina. La Arena del Campo. 20 de Enero de 2018.",2018,Popular science articles,Popular science articles,,
Resultados del 10º Congreso Argentino de AgroInformática 2018,2018,Noticia,Blog post,https://inta.gob.ar/documentos/resultados-del-10o-congreso-argentino-de-agroinformatica-2018,
Se desarrolló en Santa Rosa el primer workshop de Inundaciones,2018,Noticia,Blog post,https://inta.gob.ar/noticias/se-desarrollo-en-santa-rosa-el-primer-workshop-de-inundaciones,
Alumnos del Liceo Informático visitaron INTA Anguil,2019,Noticia,Blog post,https://inta.gob.ar/noticias/alumnos-del-liceo-informatico-visitaron-inta-anguil,Si
"Análise das Tendências de pesquisa no Congresso de Agroinformática da Argentina: um estudo regional. Alfredo Parteli Gomes, Bruno Ernesto Techera da Motta, Sandro da Silva Camargo, Yanina Bellini Saibene. Congreso Argentino de AgroInformática 2019",2019,"En Congresos, Seminarios, Simposios y Jornadas Nacionales",National Conferences,http://170.210.201.137/pdfs/cai/CAI-18.pdf,
Análisis de la participación de la mujer en la informática aplicada al sector agropecuario en Argentina. Yanina Bellini Saibene and Marina Cock. LatinR 2019.,2019,"En Congresos, Seminarios, Simposios y Jornadas Internacionales",International Conferences,https://github.com/LatinR/presentaciones-LatinR2019/blob/master/presentaciones/LatinR2019_paper_49.pdf,
Análisis de las precipitaciones del 19 de agosto en La Pampa utilizando el Radar meteorológico,2019,Articulo de Divulgación,Popular science articles,https://inta.gob.ar/documentos/analisis-de-las-precipitaciones-del-19-de-agosto-en-la-pampa-utilizando-el-radar-meteorologico,Si
Campaña de Twitter de R-Ladies IWD 2019. Explicando el proyecto de twitter para el IWD 2019,2019,Blog post,Blog post,,Si
Comunidades de práctica en américa latina. Mesa temática. BLatinR 2019.,2019,"En Congresos, Seminarios, Simposios y Jornadas Internacionales",International Conferences,https://github.com/LatinR/presentaciones-LatinR2019#mesa-tem%C3%A1tica-comunidades---presentaci%C3%B3n-laura-acion,
Congreso Argentino de Agroinformática 2019 - Prórroga para presentar trabajos,2019,Noticia,Blog post,https://inta.gob.ar/noticias/congreso-argentino-de-agroinformatica-2019-prorroga-para-presentar-trabajos,
"Conjunto de datos de imágenes etiquetadas para el desarrollo de aplicaciones de reconocimiento de patrones en el cultivo de girasol. Alexandra Dillchneider, Javier Berger, Yanina Bellini Saibene, Elke Noellemeyer. Congreso Argentino de AgroInformática 2019 ",2019,"En Congresos, Seminarios, Simposios y Jornadas Nacionales",National Conferences,http://170.210.201.137/pdfs/cai/CAI-29.pdf,
"Conjunto de datos de resultados de la Red Nacional de Cultivares de Girasol de INTA. Juan Marcelo Caldera, Daniel Funaro, Lucio García, Julian Muñoz, Joaquin Seitz, Yanina Noemi Bellini Saibene. Congreso Argentino de AgroInformática 2019 ",2019,"En Congresos, Seminarios, Simposios y Jornadas Nacionales",National Conferences,http://170.210.201.137/pdfs/cai/CAI-28.pdf,
"Evaluación del desempeño de productos satelitales para estimar evapotranspiración en la región pampeana (Argentina). Miguel Nolasco, Silvina Sayago, Gustavo Ovando, Yanina Bellini, Maria Laura Belmonte, Mónica Bocco. Congreso Argentino de AgroInformática 2019",2019,"En Congresos, Seminarios, Simposios y Jornadas Nacionales",National Conferences,http://170.210.201.137/pdfs/cai/CAI-02.pdf,
"Eventos meteorológicos que contribuyeron a excesos hídricos en La Pampa y su impacto en las actividades agropecuarias. de La Pampa. Una mirada multidisciplinar. Eventos meteorológicos que contribuyeron a excesos hídricos en La Pampa y su impacto en las actividades agropecuarias. Capítulo 3 en el libro Las inundaciones en el Noreste de la provincia de La Pampa. Una mirada multidisciplinar. EdUNLPam. ISBN: 978-950-863-355-2Belmonte, M.; Gattinoni, N.; Godoy, A.; Bellini Saibene, Y.; Fuentes, M.",2019,Book Chapters,Book Chapters,,
Generando una nube de palabras con R,2019,Blog post,Blog post,,Si
"Geo tecnologías para el seguimiento de inundaciones en La Pampa. Geo tecnologías para el seguimiento de inundaciones en La Pampa. Capítulo 10 en el libro Las inundaciones en el Noreste de la provincia de La Pampa. Una mirada multidisciplinar. EdUNLPam. ISBN: 978-950-863-355-2 Bellini Saibene, Y.; Julio César Fernández",2019,Book Chapters,Book Chapters,,
Horizonte agropecuario pampeano puntano Nº 117,2019,Articulo de Divulgación,Popular science articles,https://inta.gob.ar/documentos/horizonte-agropecuario-pampeano-puntano-no-117,Si
"Insights from the recent R community development and growth in Latin America. useR2019. 2019. Toulouse, France. L. Acion, Y. Bellini Saibene, E. Campitelli, P. Corrales, F. D'Andrea, N. da Silva, G. de Queiroz, D. Kozlowski, R. Quiroga",2019,Journals,Journals,,
"Insights from the recent R user community development and growth in Latin America. L Ación, Y Bellini, E Campitelli, P Corrales, F D’Andrea, N da Silva, G de Queiroz, D Kozlowski, R Quiroga. useR2019. 2019. Toulouse, France.",2019,"En Congresos, Seminarios, Simposios y Jornadas Internacionales",International Conferences,,
IWD 2019 Twitter Action.,2019,Blog post,Blog post,,Si
La Ciencia de Datos al servicio del Agro,2019,Blog post,Blog post,,Si
Nueva Convocatoria del Congreso Argentino de Agroinformatica 2019,2019,Noticia,Blog post,https://inta.gob.ar/noticias/nueva-convocatoria-del-congreso-argentino-de-agroinformatica-2019,Si
"Quién es Quién en la Agroinformática Argentina. Congreso Argentino de AgroInformática 2019. Sandro da Silva Camargo, Leonardo Bidese de Pinho, Yanina Bellini Saibene.",2019,"En Congresos, Seminarios, Simposios y Jornadas Nacionales",National Conferences,http://170.210.201.137/pdfs/cai/CAI-06.pdf,
"R para Ciencia de Datos. Marcela Alfaro, Mónica Alonso, Fernando Álvarez, Zulemma Bazurto, Yanina Bellini, Juliana Benítez, María Paula Caldas, Elio Campitelli, Florencia D’Andrea, Rocío Espada, Joshua Kunst, Patricia Loto, Pamela Matías, Lina Moreno, Paola Prieto, Riva Quiroga, Lucía Rodríguez, Mauricio Vargas, Daniela Vázquez, Melina Vidoni, Roxana N. Villafañe.",2019,Translations,Translations,https://es.r4ds.hadley.nz/,
Resultados del 11º Congreso de AgroInformática 2019,2019,Noticia,Blog post,https://inta.gob.ar/documentos/resultados-del-11o-congreso-de-agroinformatica-2019,Si
Se firmó un convenio de colaboración con la Facultad de Agronomía,2019,Noticia,Blog post,https://inta.gob.ar/noticias/se-firmo-un-convenio-de-colaboracion-con-la-facultad-de-agronomia,Si
Seminario INTA Anguil: Técnicas de Análisis de Redes Sociales para estudiar la colaboración científica,2019,Noticia,Blog post,https://inta.gob.ar/noticias/seminario-inta-anguil-tecnicas-de-analisis-de-redes-sociales-para-estudiar-la-colaboracion-cientifica,
¿Cómo armar salas pequeñas en Zoom?,2020,Blog post,Blog post,,Si
¿Porqué necesitas tener una página web personal?,2020,Blog post,Blog post,,Si
A crazy year in review,2020,Blog post,Blog post,,Si
Adaptando el material de MetaDocencia para el Centro Regional La Pampa - San Luis,2020,Blog post,Blog post,,Si
"Análisis de la participación de la mujer en 10 años del Congreso de Agroinformática en Argentina. Electronic Journal of SADIO. Edición Especial sobre los 10 años del Congreso Argentino de Agroinformática Vol. 19 Núm. ISSN 1514-6774. Argentina. Bellini Saibene, Y., Cock, M., & Lozza, A.",2020,Journals,Journals,,
"Birds of a feather, drawn together",2020,Blog post,Blog post,,Si
Building capacities to teach data science in Latin America,2020,Blog post,Blog post,,Si
Cambiando el diseño visual de los tutoriales,2020,Blog post,Blog post,,Si
"Communities of Practice in Latin America: R and Friends. L. Acion, N. Alarcón, M. Alfaro Córdoba, Z. Bazurto Blacio, Y. Bellini Saibene, M. Benítez Saldívar, E. Campitelli, O. Castillo, J. Chávez, L. Collado Torres, P. Corrales, et al. useR2020. St. Louis, USA",2020,"En Congresos, Seminarios, Simposios y Jornadas Internacionales",International Conferences,,
Cómo colaborar con MetaDocencia,2020,Blog post,Blog post,,Si
Compartiendo trabajo en tiempo real durante tu clase,2020,Blog post,Blog post,,Si
Compartir material educativo y mantener la autoría.,2020,Blog post,Blog post,,Si
Comunidades de Práctica en América Latina. R y Colegas,2020,Blog post,Blog post,,Si
Configurando opciones de seguridad en Zoom,2020,Blog post,Blog post,,Si
Convocatoria a la Jornadas Argentinas de Informática 2020,2020,Noticia,Blog post,https://inta.gob.ar/noticias/convocatoria-a-la-jornadas-argentinas-de-informatica-2020,Si
"Cosechando Datos. Desarrollos para la agricultura en la era digital. Electronic Journal of SADIO. Edición Especial sobre los 10 años del Congreso Argentino de Agrolnformática Vol. 19 Núm. ISSN 1514-6774. 2020. Argentina. Bellini Saibene, Y., Caldera, J., & Ramos, L.",2020,Journals,Journals,,
Creando una página web bilingüe en R,2020,Blog post,Blog post,,Si
Desarrollando capacidades para enseñar ciencia de datos en América Latina,2020,Blog post,Blog post,,Si
"Diez Años del Congreso Argentino de Agroinformática: Un Análisis Histórico del Alcance Geográfico y Redes de Colaboración. Electronic Journal of SADIO. Edición Especial sobre los 10 años del Congreso Argentino de Agroinformática Vol.19 Núm. ISSN 1514-6774. Argentina. da Silva Camargo, S., Bidese de Pinho, L., Bosch, M., Machado, C., & Bellini Saibene, Y.",2020,Journals,Journals,,
El balance de un año loco,2020,Blog post,Blog post,,Si
El pizarrón en la virtualidad. Whiteboard.fi,2020,Blog post,Blog post,,Si
Generando tutoriales interactivos con el paquete learnr,2020,Blog post,Blog post,,Si
Informe de granizo en La Pampa,2020,Articulo de Divulgación,Popular science articles,https://inta.gob.ar/documentos/informe-de-granizo-en-la-pampa,Si
Informe de la tormenta de viento del día 18 de Diciembre de 2020 en La Pampa.,2020,Articulo de Divulgación,Popular science articles,https://inta.gob.ar/documentos/informe-de-la-tormenta-de-viento-del-dia-18-de-diciembre-de-2020-en-la-pampa,Si
"Investigadora de INTA Anguil participa de Metadociencia, un proyecto para capacitar a docentes en educación virtual",2020,Noticia,Blog post,https://inta.gob.ar/noticias/investigadora-de-inta-anguil-participa-de-metadociencia-un-proyecto-para-capacitar-a-docentes-en-educacion-virtual-0,Si
Latin American communities and organizations useR!2020 video,2020,Blog post,Blog post,,Si
Mapas conceptuales en un tutorial interactivo,2020,Blog post,Blog post,,Si
"Meet MetaDocencia: Volunteer Community Building for Teaching in Spanish, Online, and on Short Notice. Open Education Conference 2020. Nicolas Palopoli, Elio Campitelli, Laura Acion, Paola Corrales, Yanina Bellini Saibene.",2020,"En Congresos, Seminarios, Simposios y Jornadas Internacionales",International Conferences,,
Nuestro primer mes enseñando a enseñar,2020,Blog post,Blog post,,Si
Nueva Convocatoria para el Congreso Argentino de Agroinformatica 2020,2020,Noticia,Blog post,https://inta.gob.ar/noticias/nueva-convocatoria-para-el-congreso-argentino-de-agroinformatica-2020,Si
Obtaining RStudio certification. A shared path.,2020,Blog post,Blog post,,Si
Obteniendo la certificación de RStudio. Un camino compartido.,2020,Blog post,Blog post,,Si
Our first month teaching to teach,2020,Blog post,Blog post,,Si
Packaging interactive tutorials,2020,Blog post,Blog post,,Si
Primeros pasos de Git con R,2020,Blog post,Blog post,,Si
"R-Ladies Global, a worldwide organisation to promote gender diversity in the R community. Yanina Bellini Saibene, Claudia Vitolo, Erin LeDell, Hannah Frick y Laura Acion. EGU General Assembly 2020. On-Line (Viena). https://doi.org/10.5194/egusphere-egu2020-20530.",2020,"En Congresos, Seminarios, Simposios y Jornadas Internacionales",International Conferences,,
Receta para un video de fin de año,2020,Blog post,Blog post,,Si
Recipe for a year-end video,2020,Blog post,Blog post,,Si
Recursos digitales para la enseñanza y el aprendizaje colaborativo online,2020,Blog post,Blog post,,Si
Share educational material and maintain authorship.,2020,Blog post,Blog post,,Si
Tutoriales interactivos y personas tipo,2020,Blog post,Blog post,,Si
Un día en la vida de un ayudante de clase on-line,2020,Blog post,Blog post,,Si
Un mapa conceptual sobre {learnr},2020,Blog post,Blog post,,Si
Un paquete para aprender ggplot2,2020,Blog post,Blog post,,Si
"“Precipitation estimations based on remote sensing compared with data from weather stations over agricultural region of Argentina pampas”. Ovando, Gustavo Gabriel; Sayago, Silvina; Bellini Saibene, Yanina Noemi; Belmonte, María Laura; Bocco, Mónica; Remote Sensing Applications: Society and Environment 23 : Article 100589. (August 2021). Elsevier. ISSN: 2021-08-01.",2021,Journals,Journals,,
"{agromet}: un paquete en R para el análisis de datos meteorológicos. N. Gattinoni, P. Corrales, E. Campitelli, Y. Bellini, G. Rodriguez. ANALES DE CAI 2021. CONGRESO ARGENTINO DE AGROINFORMATICA (JAIIO). ISSN 2525-0949",2021,"En Congresos, Seminarios, Simposios y Jornadas Nacionales",National Conferences,http://50jaiio.sadio.org.ar/pdfs/cai/CAI-05.pdf,
"agromet: un paquete para el análisis de datos meteorológicos - Natalia Gattinoni, Paola Corrales, Elio Campitelli, Yanina Bellini y Gabriel Rodriguez. Yanina Bellini Saibene. Actas de LatinR 2021. https://github.com/LatinR/presentaciones-LatinR2021",2021,"En Congresos, Seminarios, Simposios y Jornadas Internacionales",International Conferences,,
Application for The Capentries Executive Council 2021 elections,2021,Blog post,Blog post,,Si
Creando tu r-universe,2021,Blog post,Blog post,,Si
Empaquetando tutoriales,2021,Blog post,Blog post,,Si
Enseñando a enseñar entre comunidades en español,2021,Blog post,Blog post,,Si
"Enseñar Tecnología en Comunidad. Wilson, G. (2021). Enseñar tecnología en comunidad. Cómo crear y dar lecciones que funcionen y construir una comunidad docente a su alrededor [Teaching Tech Together. How to create and deliver lessons that work and build a teaching community around them] (Traducción al español: Y. Bellini Saibene, N. S. Morandeira, P. Corrales, L. Acion, M. Dermit, Y. Sosa, J. Benitez Saldivar, Z. Bazurto, S. Canelón, L. Canaviri Maydana, M. Alonso, A. Bellini, P. Minotti, R. Chirinos, P. Rojas, N. Stroud, R. N. Villafañe, P. Loto, A. L. Diedrich, Y. Terrazas-Carafa & L. Rodríguez Planes). https://teachtogether.tech/es/ (Trabajo original publicado en 2019).",2021,Translations,Translations,https://educarencomunidad.tech/,
Feliz día del padre,2021,Blog post,Blog post,,Si
"Hacia una red de práctica sobre comunidades de práctica. #noviembreHD. Cuarto congreso de la Asociación Argentina de Humanidades Digitales (AAHD). Humanidades Digitales en tiempos convulsos. AAHD - 2021 Vol. 1 - N° 1. Asociación Argentina de Humanidades Digitales, Buenos Aires. Yanina BELLINI SAIBENE, Rita MALANO, Silvia ENRÍQUEZ y Ricardo PLUSS (2021)",2021,Journals,Journals,,
Haciendo videos para nuestras clases,2021,Blog post,Blog post,,Si
Happy Father's Day,2021,Blog post,Blog post,,Si
INTA Anguil participa de Congreso Internacional sobre uso de R,2021,Noticia,Blog post,https://inta.gob.ar/noticias/inta-anguil-participa-de-congreso-internacional-sobre-uso-de-r,Si
La comunidad latinoamericana en useR! 2021,2021,Blog post,Blog post,,Si
Learnres. Un paquete de plantillas para tutoriales en español,2021,Blog post,Blog post,,Si
List of events in which I participated this year,2021,Blog post,Blog post,,Si
Listado de directorios de mujeres oradoras,2021,Blog post,Blog post,,Si
Listado de eventos en los que participé este año,2021,Blog post,Blog post,,Si
Mi aplicación para las elecciones del Consejo Ejecutivo de The Capentries 2021,2021,Blog post,Blog post,,Si
Missing narratives in discussions around diversity and inclusion in research software engineering - SeptembRSE,2021,Blog post,Blog post,,Si
Panel Narrativas faltantes en las discusiones sobre diversidad e inclusión en SeptembRSE,2021,Blog post,Blog post,,Si
"R-Ladies. Building, Growing, and Sustaining a Community  - WSDS 2021",2021,Blog post,Blog post,,Si
"R-Ladies. Construir, hacer crecer y mantener una comunidad - WSDS 2021",2021,Blog post,Blog post,,Si
Recursos para armar charlas,2021,Blog post,Blog post,,Si
Recursos para explorar y aprender learnr,2021,Blog post,Blog post,,Si
Resources to build talks,2021,Blog post,Blog post,,Si
Teaching to teach between communities in Spanish,2021,Blog post,Blog post,,Si
The Latin America Community at useR! 2021,2021,Blog post,Blog post,,Si
Tipos de Documentación de acuerdo al nivel de conocimiento,2021,Blog post,Blog post,,Si
Tracking Impact and Measuring Success in Data Education Events,2021,Blog post,Blog post,,Si
"Tracking Impact and Measuring Success in Data Education Events. E. Lescak,B. Duckles,Y. Yehudi,R. Shaikh,L. Alanis,C. Martinez,Y.Bellini,E. Plomp. CSVConf 2021.",2021,"En Congresos, Seminarios, Simposios y Jornadas Internacionales",International Conferences,,
Un conjunto de paquetes para generar tutoriales interactivos para enseñar R. Yanina Bellini Saibene. Actas de LatinR 2021. https://github.com/LatinR/presentaciones-LatinR2021,2021,"En Congresos, Seminarios, Simposios y Jornadas Internacionales",International Conferences,,
"useR! Knowledgebase. 2021. Sánchez-Tapia A, Tamir N, Moy Das S, Bellini Saibene Y, Joo R, Morandeira N, et al. Available from: https://rconf.gitlab.io/userknowledgebase/",2021,Book,Book,,
Women Speaker Directory Listing,2021,Blog post,Blog post,,Si
¿Cómo fue el 2021?,2022,Blog post,Blog post,,Si
10 reglas para organizar un club de lectura (on-line) exitoso,2022,Blog post,Blog post,,Si
10 reglas para organizar un Club de Lectura (on-line) exitoso (Alejandra Bellini and Yanina Noemi Bellini Saibene). LatinR 2022.,2022,"En Congresos, Seminarios, Simposios y Jornadas Internacionales",International Conferences,https://github.com/LatinR/presentaciones-LatinR2022/blob/main/papers/LatinR2022_propuesta_2983.pdf,
10 reglas para organizar un Club de Lectura (on-line) exitoso.,2022,Blog post,Blog post,,Si
10 reglas para organizar un Club de Lectura (on-line) exitoso. - Parte II,2022,Blog post,Blog post,,Si
300 (three hundred),2022,Blog post,Blog post,,Si
300 (trescientos),2022,Blog post,Blog post,,Si
A map of my readers,2022,Blog post,Blog post,,Si
Análisis de escenarios. ¿Qué podemos hacer cuando las cosas no van tan bien en el aula?,2022,Blog post,Blog post,,Si
"Aprendizaje on-line sincrónico, asincrónico, bicrónico",2022,Blog post,Blog post,,Si
Building inclusive communities. The Latin American R Community,2022,Blog post,Blog post,,Si
Cada vez que enseño aprendo algo nuevo - Greg Wilson,2022,Blog post,Blog post,,Si
Call for Tutorials - More resources,2022,Blog post,Blog post,,Si
Call for Tutorials - The form,2022,Blog post,Blog post,,Si
Chat-based sprint meeting,2022,Blog post,Blog post,,Si
Clase teórica on-line,2022,Blog post,Blog post,,Si
Club de Lectura de Enseñar Tecnología en Comunidad,2022,Blog post,Blog post,,Si
Como determinar cuanto cobrar,2022,Blog post,Blog post,,Si
Cómo ganarse la vida enseñando R (Yanina Noemi Bellini Saibene and Greg Wilson) . LatinR 2022.,2022,"En Congresos, Seminarios, Simposios y Jornadas Internacionales",International Conferences,https://github.com/LatinR/presentaciones-LatinR2022/blob/main/papers/LatinR2022_propuesta_1979.pdf,
Cómo participar en rOpenSci,2022,Blog post,Blog post,,Si
Conclusiones del primer encuentro del Club de Lectura,2022,Blog post,Blog post,,Si
Cosas que pasaron en las aulas virtuales y como las resolvimos - Entrega 1,2022,Blog post,Blog post,,Si
Cosas que pasaron en las aulas virtuales y como las resolvimos - Entrega 2,2022,Blog post,Blog post,,Si
Cosas que pasaron en las aulas virtuales y como las resolvimos - Entrega 3,2022,Blog post,Blog post,,Si
Cuarto Encuentro del Club de Lectura Enseñando Tecnología en Comunidad,2022,Blog post,Blog post,,Si
Dándote a conocer,2022,Blog post,Blog post,,Si
Empezando a enseñar,2022,Blog post,Blog post,,Si
Enseñando programación,2022,Blog post,Blog post,,Si
Gaps & Opportunities for Inclusive Multilingual Data Science,2022,Blog post,Blog post,,Si
Haciendo revisiones con GitHub,2022,Blog post,Blog post,,Si
How 2021 went?,2022,Blog post,Blog post,,Si
How carpentries help me to teach to 300 students.Carpentry Con,2022,"En Congresos, Seminarios, Simposios y Jornadas Internacionales",International Conferences,,
How to Participate with rOpenSci,2022,Blog post,Blog post,,Si
Identidad visual 2022. Renovarnos con la misma esencia,2022,Blog post,Blog post,,Si
"Internal R packages for Open Science in Agrometeorology.Yanina Bellini Saibene, Natalia Gattinoni, Paola Corrales, Elio Campitelli y Gabriel Rodriguez. FOSDEM 2022.",2022,"En Congresos, Seminarios, Simposios y Jornadas Internacionales",International Conferences,,
"Introducing rOpenSci new Community Manager, Yanina Bellini Saibene",2022,Blog post,Blog post,,Si
La Guía del Viajero al Aprendizaje Automático Responsable,2022,Translations,Translations,https://yabellini.netlify.app/project/rml_es/,Si
Leyendo muchos archivos markdown de varias carpetas y extrayendo datos de su YAML,2022,Blog post,Blog post,,Si
"Mapas conceptuales, una herramienta de múltiples formas y usos",2022,Blog post,Blog post,,Si
"MetaDocencia: enseñando a enseñar estadística y ciencia de datos online : Laura Ación, Yanina Bellini Saibene, Mine Dogucu, Nicolas Palopoli, Elio Campitelli, Paola Corrales, Patricia Loto",2022,"En Congresos, Seminarios, Simposios y Jornadas Internacionales",International Conferences,http://iase-web.org/icots/11/proceedings/pdfs/ICOTS11_285_ACIN.pdf?1669865550,
Metadocencia. Nurturing educators in Spanish-speaking research communities,2022,Blog post,Blog post,,Si
MiR Community Highlights. Yanina Bellini Saibene.,2022,Blog post,Blog post,,Si
Notas adhesivas cuando enseñas (on-line),2022,Blog post,Blog post,,Si
Organizando una clase práctica online,2022,Blog post,Blog post,,Si
Organizing a practical class online,2022,Blog post,Blog post,,Si
"Organizing inclusive conferences with the community (Rocio Joo, Andrea Sánchez-Tapia, Sara Mortara, Yanina Bellini Saibene, Heather Turner, Dorothea Hug Peter, Natalia Soledad Morandeira, Matt Bannert, Batool Almazrouq, Elizabeth Hare, Laura Ación, Juan Pablo Narváez-Gómez, Marcela Alfaro Córdoba, Federico Marini, Rita Giordano, Silvia Canelón,  Anicet Ebou, Adithi Upadhya, Joselyn Chávez and Janani Ravi). LatinR 2022.",2022,"En Congresos, Seminarios, Simposios y Jornadas Internacionales",International Conferences,https://github.com/LatinR/presentaciones-LatinR2022/blob/main/papers/LatinR2022_propuesta_5946.pdf,
Organizing Tutorials,2022,Blog post,Blog post,,Si
"Presentamos a la nueva Community Manager de rOpenSci, Yanina Bellini Saibene",2022,Blog post,Blog post,,Si
Quinto encuentro del Club de lectura. La pedagogía del contenido.,2022,Blog post,Blog post,,Si
Reunión de sprint por chat,2022,Blog post,Blog post,,Si
Revisiting my 2022 to-don't list,2022,Blog post,Blog post,,Si
Scenario analysis. What to do when thing do not go so well in the classroom?,2022,Blog post,Blog post,,Si
"Septimo encuentro del Club de lectura. Comunidad, comunicación y reuniones",2022,Blog post,Blog post,,Si
Sexto encuentro del Club de lectura. Enseñando en persona y on-line.,2022,Blog post,Blog post,,Si
"Sistema de consulta de datos e información agrometeorológica y agroclimática para la provincia de La Pampa. Juan Pablo Ferrandez, Natalia Gatinoni, Romina Mezher, María José Pizarro, Lorena Verónica Carreño, Rosario Olguín Paez, María Laura Belmonte, Yanina Bellini Saibene. LatinR 2022.",2022,"En Congresos, Seminarios, Simposios y Jornadas Internacionales",International Conferences,https://github.com/LatinR/presentaciones-LatinR2022/blob/main/papers/LatinR2022_propuesta_8859.pdf,
Sticky notes when teaching (on-line),2022,Blog post,Blog post,,Si
Tercer encuentro del Club de Lectura. Arquitectura cognitiva y aprendizaje Individual,2022,Blog post,Blog post,,Si
The Call for Tutorials Proposal,2022,Blog post,Blog post,,Si
Traducción de los contenidos de MetaDocencia,2022,Blog post,Blog post,,Si
Un cambio de imagen y de estrategia de comunicación en Metadocencia,2022,Blog post,Blog post,,Si
Un club de lectura para seguir aprendiendo a enseñar,2022,Blog post,Blog post,,Si
Un mapa de mis lectores,2022,Blog post,Blog post,,Si
Plans for the year,2024,Blog post,Blog post,,Si
Usando Apache Arrow para analizar el padron electoral argentino del 2011.,2024,Blog post,Blog post,,Si
Zenodo,2024,Blog post,Blog post,,Si
Máquina nocional,2024,Blog post,Blog post,,Si
Cooperative,2024,Blog post,Blog post,,Si
Bring Your Own Data week for TidyTuesday,2024,Blog post,Blog post,,Si
Citizen science and governance models,2024,Blog post,Blog post,,Si
SisINTAR. Un paquete para gestionar datos de perfiles de suelos de Argentina,2024,Blog post,Blog post,,Si
"Did you realize that we live in a reality where SciHub is illegal, and OpenAI is not?",2024,Blog post,Blog post,,Si
Participación Latinoamérica en el Programa de Campeonas y Campeones de rOpenSci,2024,Blog post,Blog post,,
rOpenSci 2023 Code of Conduct Transparency Report,2024,Blog post,Blog post,,
Learning to code in 30 lessons,2024,Blog post,Blog post,,Si
Primer encuentro. Aprendiendo a Programar en 30 lecciones,2024,Blog post,Blog post,,Si
Introducing rOpenSci Champions - Cohort 2023-2024,2024,Blog post,Blog post,,
"Beautiful Code, Because We’re Worth It!",2024,Blog post,Blog post,,
GitHub Stars 2024 Award,2024,Blog post,Blog post,,Si
Segundo encuentro. Aprendiendo a Programar en 30 lecciones,2024,Blog post,Blog post,,Si
rOpenSci Code of Conduct Annual Review,2024,Blog post,Blog post,,
Marketing Ideas For Your Package,2024,Blog post,Blog post,,
Tercer Encuentro. Aprendiendo a Programar en 30 lecciones,2024,Blog post,Blog post,,Si
rOpenSci Champions Pilot Year: Projects Wrap-Up,2024,Blog post,Blog post,,
Cuarto Encuentro. Aprendiendo a Programar en 30 lecciones,2024,Blog post,Blog post,,Si
Quinto Encuentro. Aprendiendo a Programar en 30 lecciones,2024,Blog post,Blog post,,Si
Romper las barreras lingüísticas en la ciencia de datos con glosario.,2024,Blog post,Blog post,,Si
Evaluación de herramientas digitales e información remota en rotaciones de cultivos extensivos en la región semiárida,2024,Blog post,Blog post,,Si
Sexto Encuentro. Aprendiendo a Programar en 30 lecciones,2024,Blog post,Blog post,,Si
Fostering Equity and Leadership: the rOpenSci Champions Program Selection Process,2024,Blog post,Blog post,,
Septimo Encuentro. Aprendiendo a Programar en 30 lecciones,2024,Blog post,Blog post,,Si
Octavo Encuentro. Aprendiendo a Programar en 30 lecciones,2024,Blog post,Blog post,,Si
Cancer,2024,Blog post,Blog post,,Si
Day 1. 3 reasons why you need to learn to teach effectively,2024,Blog post,Blog post,,Si
Day 2. The 3 types of learners you need to know before starting teaching,2024,Blog post,Blog post,,Si
Day 3. The Best Tools For Sparking ‘Aha’ Moments In Your Students,2024,Blog post,Blog post,,Si
Day 4. Are Your Students Learning? How to check for learning as we’re teaching.,2024,Blog post,Blog post,,Si
Day 5. From Learning to Choosing to Coding - How Our Memory Plays a Central Role,2024,Blog post,Blog post,,Si
Day 6. The Best Way To Get Started Learning About Teaching to Code,2024,Blog post,Blog post,,Si
"Day 7. We Learn Better Together, Community of Practice and Education.",2024,Blog post,Blog post,,Si
Day 8. The Participatory Live Coding Framework: A Structured Approach for Programming Educators,2024,Blog post,Blog post,,Si
Day 9. Distilling how to use Participatory Live Coding in-person and online - Tip 1,2024,Blog post,Blog post,,Si
Noveno Encuentro. Aprendiendo a Programar en 30 lecciones,2024,Blog post,Blog post,,Si
Day 10. Distilling how to use Participatory Live Coding in-person and online - Tip 2,2024,Blog post,Blog post,,Si
Day 11. Distilling how to use Participatory Live Coding in-person and online - Tip 3 y 4,2024,Blog post,Blog post,,Si
Day 12. Distilling how to use Participatory Live Coding in-person and online - Tip 5,2024,Blog post,Blog post,,Si
Day 13: Distilling how to use Participatory Live Coding in-person and online - Tip 6,2024,Blog post,Blog post,,Si
Day 14: Distilling how to use Participatory Live Coding in-person and online - Tip 7 and 8,2024,Blog post,Blog post,,Si
Day 15: Distilling how to use Participatory Live Coding in-person and online - Tip 9 and 10,2024,Blog post,Blog post,,Si
Day 16: Debunking 4 Tenacious Educational Programming Myths for Better Teaching Outcomes,2024,Blog post,Blog post,,Si
Day 17: 2 Software Tools I Can’t Live Without For Creating Content in English,2024,Blog post,Blog post,,Si
Day 18: Understanding Brain Plasticity: Highlights from Neuroscience in the School For The Pragmatic Teacher,2024,Blog post,Blog post,,Si
Day 19: 6 Simple (But Effective) Learning Strategies I’d Give Anyone To Improve Their Learning,2024,Blog post,Blog post,,Si
Day 20: The First-Time Online Programming Teacher Playbook.,2024,Blog post,Blog post,,Si
Day 21: One Tool That Improves My Teaching and Students' Engagement.,2024,Blog post,Blog post,,Si
Day 22: The Best Way To Continue Improving Your Teaching: Feedback 101,2024,Blog post,Blog post,,Si
Day 23. 1 Tip I Would Give Anyone Who Wanted To Ensure Students Engagement Online,2024,Blog post,Blog post,,Si
Day 24. The Single Most Powerful Technique to Foster Students' Motivation in Programming Classes,2024,Blog post,Blog post,,Si
Day 25. 4 Quick Tips to Make Your Teaching More Accessible,2024,Blog post,Blog post,,Si
"Day 26. Education, Computers, and Power.",2024,Blog post,Blog post,,Si
Day 27. A Question About AI and Education I’ve Been Asking Myself Lately (And Why),2024,Blog post,Blog post,,Si
Day 28: My 3 Favorite Newsletters For Learning #RStats,2024,Blog post,Blog post,,Si
Day 29. Building Effective Tech Lessons 101. Learning by Example.,2024,Blog post,Blog post,,Si
Day 30. 3 Things I Learned Writing Online Every Day For 30 Days In A Row.,2024,Blog post,Blog post,,Si
Two years and twelve projects as Community Manager at rOpenSci,2024,Blog post,Blog post,,Si
Dos años y doce proyectos en rOpenSci como Community Manager,2024,Blog post,Blog post,,Si
Project 1 - rOpenSci's Code of Conduct and Code of Conduct Committee,2024,Blog post,Blog post,,Si
El Codigo de Conducta en rOpenSci,2024,Blog post,Blog post,,Si
"Proyecto 3 - Dos años de escribir, dar charlar y enseñar con la comunidad de rOpenSci Community",2024,Blog post,Blog post,,Si
"Project 3 - Two Years of Writing, Speaking, and Teaching with the rOpenSci Community",2024,Blog post,Blog post,,Si
Using GitHub to plan community calls for rOpenSci,2024,Blog post,Blog post,,Si
Proyecto 2 - Las Estrellas del Universo R,2024,Blog post,Blog post,,Si
Project 2 - The Stars of R-Universe,2024,Blog post,Blog post,,Si
"Metrics, Impact and Community Management",2024,Blog post,Blog post,,
rOpenSci Community Collaboration Insight Using Social Networks Analysis,2024,Blog post,Blog post,,
Una mirada retrospectiva al 2024,2024,Blog post,Blog post,,Si
A Look Back at 2024,2024,Blog post,Blog post,,Si
Proyecto 4 - Eventos de la comunidad,2024,Blog post,Blog post,,Si
Project 4 - Community Events,2024,Blog post,Blog post,,Si
Measuring and Assessing Open Source Project Impact and Community Health. A CZI EOSS Community Call Resource,2024,Blog post,Blog post,,Si
Adding Multiple choice quiz to Quarto Live Tutorials,2024,Blog post,Blog post,,Si
10 Simple Rules for Leadership Without Formal Authority. A resource for Open Source Leaders,2024,Blog post,Blog post,,Si
Managing an Open Source Project. A Checklist of Issues to Consider,2024,Blog post,Blog post,,Si
Skytorial and Linkedtorial 4 - Issues on GitHub,2025,Blog post,Blog post,,Si
Skytorial and Linkedtorial 3 - Repositories on GitHub,2025,Blog post,Blog post,,Si
Skytorial and Linkedtorial 2: Your Profile on GitHub,2025,Blog post,Blog post,,Si
Skytorial and Linkedtorial 1: Introduction to GitHub for Researchers,2025,Blog post,Blog post,,Si
Nature Interview: Six questions to ask before jumping into a spreadsheet,2025,Blog post,Blog post,,Si
Nature Interview: Which programming language should I use? A guide for early-career researchers,2025,Blog post,Blog post,,Si
Trae tus propios datos - TidyTuesday 2025,2025,Blog post,Blog post,,Si
GitHub Stars 2025 Award,2025,Blog post,Blog post,,Si
Implementing Software Peer Review. Tips and Examples,2025,Blog post,Blog post,,Si
Reviewing the year gone,2023,Blog post,Blog post,,Si
Mi primera Posit Conf en persona,2023,Blog post,Blog post,,Si
Maradona or Messi ?,2023,Blog post,Blog post,,Si
"LatinR 2023, meeting again in person",2023,Blog post,Blog post,,Si
Mastodon Quick Start Guide,2023,Blog post,Blog post,,Si
Three currencies of payment for our work,2023,Blog post,Blog post,,Si
Proyectos de GitHub para ordenar el trabajo,2023,Blog post,Blog post,,Si
Multilingual Data Science. Part 2.,2023,Blog post,Blog post,,Si
Multilingual Data Science. Part 1.,2023,Blog post,Blog post,,Si
How To Use Videos In Your Classes,2023,Blog post,Blog post,,Si
Diez consejos rápidos para enseñar con programación (participativa) en vivo (en línea),2023,Blog post,Blog post,,Si
"DSxD Anthology Vol. 2. Our Environment. A collection of work by data designers, artists, and scientists",2023,Blog post,Blog post,,Si
DEI Tip Sheet. Virtual event accessibility guiding questions.,2023,Blog post,Blog post,,Si
Once años,2023,Blog post,Blog post,,Si
Eleven years,2023,Blog post,Blog post,,Si
What have I been reading?,2023,Blog post,Blog post,,Si
Why do I teach?,2023,Blog post,Blog post,,Si
In pursuit of a VISA,2023,Blog post,Blog post,,Si
"Csv,Conf,v7 in Buenos Aires, Argentina",2023,Blog post,Blog post,,Si
A beautiful lesson,2023,Blog post,Blog post,,Si
Daily routine,2023,Blog post,Blog post,,Si
A year in The Carpentries' Executive Council,2023,Blog post,Blog post,,Si
Puntapié inicial de nuestro programa de campeonas y campeones,2023,Blog post,Blog post,,Si
rOpenSci Champions Program Kick off,2023,Blog post,Blog post,,Si
Pequeños científicos,2023,Blog post,Blog post,,Si
Little Scientists,2023,Blog post,Blog post,,Si
Ten quick tips for teaching with (participatory) live coding (online),2023,Blog post,Blog post,,Si
Call for Tutorials - Review,2023,Blog post,Blog post,,Si
Expanding our Community through Multilingual Publishing,2023,Blog post,Blog post,,Si
Agrandando nuestra comunidad con publicaciones multi-idioma,2023,Blog post,Blog post,,Si
TidyTuesday - Bring Your Own Data Week!,2023,Blog post,Blog post,,Si
rOpenSci Code of Conduct Committee Templates,2025,Blog post,Blog post,,No
From Surviving to Thriving: A Convening to Reclaim and Sustain Open Science Communities,2025,Blog post,Blog post,,No
rOpenSci Champions Second Cohort: Projects Wrap-Up,2025,Blog post,Blog post,,No
"Exploring Open Science, R Packages, and Research Software Development at the CSIDNet AGM 2025",2025,Blog post,Blog post,,No
Open Science with a Latin American Identity: Meet the New Cohort of the rOpenSci Champions Program,2025,Blog post,Blog post,,No
Announcing New Stats Software Peer Review Editors: Emi Tanaka and Nima Hejazi,2025,Blog post,Blog post,,No
Multilingual Publishing: Frequently Asked Questions,2025,Blog post,Blog post,,No
"New Mentoring Team, Same Open Science Spirit",2025,Blog post,Blog post,,No
Supporting rOpenSci Mentors with Practical Tools,2025,Blog post,Blog post,,No
rOpenSci Participation at NumFOCUS’ DISC Unconf,2025,Blog post,Blog post,,No
rOpenSci Code of Conduct Annual Review,2025,Blog post,Blog post,,No
Template To Handle Code of Conduct Incidents Reports,2025,Blog post,Blog post,,No
rOpenSci Champions Program 2025: In Spanish!,2025,Blog post,Blog post,,No
Coworking Mini-Hackathon for First-Time Contributors,2025,Blog post,Blog post,,No
rOpenSci 2024 Code of Conduct Transparency Report,2025,Blog post,Blog post,,No
Introducing the rOpenSci Localization and Translation Guidelines,2024,Blog post,Blog post,,No
Looking for Maintainers to Support First-Time Contributors,2024,Blog post,Blog post,,No
Fostering Open Science in Latin America: CZI Awards Funds for Sustainable Research Software Development,2024,Blog post,Blog post,,No
"Metrics, Impact and Community Management",2024,Blog post,Blog post,,No
rOpenSci Community Collaboration Insight Using Social Networks Analysis,2024,Blog post,Blog post,,No
Introducing rOpenSci Mentors - Cohort 2023-2024,2023,Blog post,Blog post,,No
The rOpenSci Multiverse,2023,Blog post,Blog post,,No
How to Translate a Hugo Blog Post with Babeldown,2023,Blog post,Blog post,,No
Attract Contributors with ‘help wanted’ Issues,2023,Blog post,Blog post,,No
Meeting the Stars of the R-Universe: The R-Universe Against Diseases.,2023,Blog post,Blog post,,No
Organizing Community Calls using GitHub,2023,Blog post,Blog post,,No
rOpenSci Champions Pilot Year: Training Wrap-Up,2023,Blog post,Blog post,,No
Open Call for rOpenSci Champions Program Applications!,2023,Blog post,Blog post,,No
How do you measure the impact of a champions program?,2023,Blog post,Blog post,,No
rOpenSci’s Communication Channels for Safe and Friendly Exchange,2023,Blog post,Blog post,,No
"Meeting the Stars of the R-Universe: PEcAn, an Open Source Project to Take Care of the Planet",2023,Blog post,Blog post,,No
Meeting the Stars of the R-Universe: Researching Our Brain with the Magic of the R-Universe,2023,Blog post,Blog post,,No
Meeting the Stars of the R-universe: ThinkR’s Approach to Contributing to a Growing and Friendly R Community,2023,Blog post,Blog post,,No
rOpenSci Champions Program Kick off,2023,Blog post,Blog post,,No
rOpenSci Code of Conduct Annual Review,2023,Blog post,Blog post,,No
rOpenSci 2022 Code of Conduct Transparency Report,2023,Blog post,Blog post,,No
rOpenSci Localization and Translation Guidelines. Why and how we localize and translate our resources.,2023,Book,Book,,No
Guía de localización y traducción de rOpenSci. Cómo y porqué traducimos y localizamos nuestros recursos.,2023,Translations,Translations,,No
"Paquetes de rOpenSci: Desarrollo, mantenimiento y revisión por pares.",2024,Translations,Translations,,No
Divide and Conquer: From polar To the Polarverse,2023,Translations,Translations,,No
Bridges and Communities. My Journey as an rOpenSci Champion,2025,Translations,Translations,,No
"Revisión del software, perspectivas de un académico",2025,Translations,Translations,,No
"Código bonito, ¡porque lo valemos!",2024,Translations,Translations,,No
Atraer colaboradores con issues de ‘se busca ayuda’,2023,Blog post,Blog post,,No
Evaluar la actividad en GitHub de los colaboradores,2022,Translations,Translations,,No
Todas las Formas de Editar o Analizar Programáticamente Documentos R Markdown / Quarto,2025,Translations,Translations,,No
Edición multilingüe: preguntas frecuentes,2025,Blog post,Blog post,,No
rOpenSci Champions Program Mentor Guidelines v2.0,2024,Book,Book,,No