Title,Year,Type_Long,Type,Link,En_mi_web,title_clean
"Internet. La red de redes. Bellini Saibene, Y.; Vega, J.; Muñoz, V.; Bruno, V. Cuartas Jornadas sobre Informática, Educación y Sociedad. 31 de Octubre y 1 de Noviembre de 1998. Colegio Universitario Liceo Informático II, Santa Rosa (LP)",1998,"En Congresos, Seminarios, Simposios y Jornadas Nacionales",National Conferences,,,"internet. la red de redes. bellini saibene, y.; vega, j.; muñoz, v.; bruno, v. cuartas jornadas sobre informática, educación y sociedad. 31 de octubre y 1 de noviembre de 1998. colegio universitario liceo informático ii, santa rosa (lp)"
"Evaluación del Área Anegada del Noreste de La Pampa Mediante Teledetección. Sipowicz, A.; Roberto, Z.; Casagrande, G.; Lorda, H. O.; Gomez Hermida, V.; Bellini Saibene, Y. y Sarasola, J. A. Actas de las VII Jornadas Pampeanas de Ciencias Naturales, Consejo Profesional de Ciencias Naturales de La Pampa y Facultad de Ciencias Exactas y Naturales, UNLPam. 1 al 3 de Diciembre de 1999. Santa Rosa.",1999,"En Congresos, Seminarios, Simposios y Jornadas Nacionales",National Conferences,,,"evaluación del área anegada del noreste de la pampa mediante teledetección. sipowicz, a.; roberto, z.; casagrande, g.; lorda, h. o.; gomez hermida, v.; bellini saibene, y. y sarasola, j. a. actas de las vii jornadas pampeanas de ciencias naturales, consejo profesional de ciencias naturales de la pampa y facultad de ciencias exactas y naturales, unlpam. 1 al 3 de diciembre de 1999. santa rosa."
"Evaluación del Área Anegada del Noreste de La Pampa. Sipowicz, A.; Roberto, Z.; Casagrande, G.; Lorda, H. O.; Gomez Hermida, V.; Bellini Saibene, Y. y Sarasola, J. A. La Reforma. Mayo 1999.",1999,Popular science articles,Popular science articles,,,"evaluación del área anegada del noreste de la pampa. sipowicz, a.; roberto, z.; casagrande, g.; lorda, h. o.; gomez hermida, v.; bellini saibene, y. y sarasola, j. a. la reforma. mayo 1999."
"Inundaciones el Noreste de la Provincia de La Pampa. Lorda, H.O., Roberto, Z.; Casagrande, G.; Gomez Hermida, V.; Bellini Saibene, Y. La Arena del Campo. Diario La Arena, Santa Rosa, La Pampa. Mayo. 1999.",1999,Popular science articles,Popular science articles,,,"inundaciones el noreste de la provincia de la pampa. lorda, h.o., roberto, z.; casagrande, g.; gomez hermida, v.; bellini saibene, y. la arena del campo. diario la arena, santa rosa, la pampa. mayo. 1999."
Aplicación de un Sistema de Información Geográfico aplicado al Agro. Sipowicz A.; Lorda H.O.; Bellini Saibene Y.; Lucchetti P. AgroInformática 2000. 8 al 10 de Diciembre. La Dulce. Buenos Aires.,2000,"En Congresos, Seminarios, Simposios y Jornadas Nacionales",National Conferences,,,aplicación de un sistema de información geográfico aplicado al agro. sipowicz a.; lorda h.o.; bellini saibene y.; lucchetti p. agroinformática 2000. 8 al 10 de diciembre. la dulce. buenos aires.
Clasificación Supervisada de Imágenes Satelitales. Sipowicz A.; Lorda H.O.; Bellini Saibene Y.; Lucchetti P. AgroInformática 2000. 8 al 10 de Diciembre. La Dulce. Buenos Aires.,2000,"En Congresos, Seminarios, Simposios y Jornadas Nacionales",National Conferences,,,clasificación supervisada de imágenes satelitales. sipowicz a.; lorda h.o.; bellini saibene y.; lucchetti p. agroinformática 2000. 8 al 10 de diciembre. la dulce. buenos aires.
"Estimación de Intención de Siembra de Trigo Campaña 00/01. Lorda, H.; Bellini Saibene, Y. La Arena del Campo. Diario La Arena, Santa Rosa, La Pampa. 16 de Septiembre de 2000.",2000,Popular science articles,Popular science articles,,,"estimación de intención de siembra de trigo campaña 00/01. lorda, h.; bellini saibene, y. la arena del campo. diario la arena, santa rosa, la pampa. 16 de septiembre de 2000."
"Informe “Evaluación de Pérdidas Económicas por Efecto de las Inundaciones en el Norte de la Provincia de La Pampa”, Bellini Saibene Y.; Casagrande, G.; Caviglia, J.; Colazo, R.; Lorda, H.;Roberto, Z.; Sipowicz, A. Abril 2000.",2000,Journals,Journals,,,"informe “evaluación de pérdidas económicas por efecto de las inundaciones en el norte de la provincia de la pampa”, bellini saibene y.; casagrande, g.; caviglia, j.; colazo, r.; lorda, h.;roberto, z.; sipowicz, a. abril 2000."
"Inundaciones y Teledetección. Roberto, Z.; Casagrande, G.; Bellini Saibene, Y.; Lorda, H.O.; Sipowicz, A.. Boletín AgroRADAR N1 5. Octubre 2000",2000,Articulo de Divulgación,Popular science articles,,,"inundaciones y teledetección. roberto, z.; casagrande, g.; bellini saibene, y.; lorda, h.o.; sipowicz, a.. boletín agroradar n1 5. octubre 2000"
Manejo de Información Agroeconómica utilizando Base de Datos. Sipowicz A.; Lorda H.O.; Bellini Saibene Y.; Lucchetti P. AgroInformática 2000. 8 al 10 de Diciembre. La Dulce. Buenos Aires.,2000,"En Congresos, Seminarios, Simposios y Jornadas Nacionales",National Conferences,,,manejo de información agroeconómica utilizando base de datos. sipowicz a.; lorda h.o.; bellini saibene y.; lucchetti p. agroinformática 2000. 8 al 10 de diciembre. la dulce. buenos aires.
"Producción de Girasol Campaña 99/00. Sipowicz, A., Lorda, H.; Bellini Saibene, Y. La Arena del Campo. Diario La Arena, Santa Rosa, La Pampa. 18 de marzo de 2000.",2000,Popular science articles,Popular science articles,,,"producción de girasol campaña 99/00. sipowicz, a., lorda, h.; bellini saibene, y. la arena del campo. diario la arena, santa rosa, la pampa. 18 de marzo de 2000."
Red Agroeconómica de Administración de Recursos. R.A.D.A.R. Sipowicz A.; Lorda H.O.; Bellini Saibene Y.; Lucchetti P. AgroInformática 2000. 8 al 10 de Diciembre. La Dulce. Buenos Aires.,2000,"En Congresos, Seminarios, Simposios y Jornadas Nacionales",National Conferences,,,red agroeconómica de administración de recursos. r.a.d.a.r. sipowicz a.; lorda h.o.; bellini saibene y.; lucchetti p. agroinformática 2000. 8 al 10 de diciembre. la dulce. buenos aires.
"Resultados de la Encuesta Agrícola 1999. I. Región Pampeana del Proyecto RADAR. Lorda, H.; Bellini Saibene, Y.; Sipowicz, A.; Colazo, R.; Roberto, Z.; Sarasola, J.; Lucchetti, P. Boletín de divulgación Técnica Nº 1. Marzo 2000. 50 pp. Ediciones AgroRADAR.",2000,Journals,Journals,,,"resultados de la encuesta agrícola 1999. i. región pampeana del proyecto radar. lorda, h.; bellini saibene, y.; sipowicz, a.; colazo, r.; roberto, z.; sarasola, j.; lucchetti, p. boletín de divulgación técnica nº 1. marzo 2000. 50 pp. ediciones agroradar."
"Zona I. Provincia de La Pampa. Lorda, H; Bellini Saibene Y. Agro RADAR Boletín Informativo Nº 2. ISSN: 1666 - 6852. Pp. 1-2. Septiembre 2000.",2000,Popular science articles,Popular science articles,,,"zona i. provincia de la pampa. lorda, h; bellini saibene y. agro radar boletín informativo nº 2. issn: 1666 - 6852. pp. 1-2. septiembre 2000."
"Zona II. Provincia de La Pampa. Lorda, H; Bellini Saibene Y. Agro RADAR Boletín Informativo Nº 3. ISSN: 1666 - 6852. Pp. 1-2. Octubre 2000.",2000,Popular science articles,Popular science articles,,,"zona ii. provincia de la pampa. lorda, h; bellini saibene y. agro radar boletín informativo nº 3. issn: 1666 - 6852. pp. 1-2. octubre 2000."
"Zona III. Provincia de La Pampa. Lorda, H; Bellini Saibene Y. Agro RADAR Boletín Informativo Nº 4. ISSN: 1666 - 6852. Pp. 1-2. Noviembre 2000.",2000,Popular science articles,Popular science articles,,,"zona iii. provincia de la pampa. lorda, h; bellini saibene y. agro radar boletín informativo nº 4. issn: 1666 - 6852. pp. 1-2. noviembre 2000."
"Zona IV. Provincia de La Pampa. Lorda, H; Bellini Saibene Y. Agro RADAR Boletín Informativo Nº 5. ISSN: 1666 - 6852. Pp. 1-2. Diciembre 2000.",2000,Popular science articles,Popular science articles,,,"zona iv. provincia de la pampa. lorda, h; bellini saibene y. agro radar boletín informativo nº 5. issn: 1666 - 6852. pp. 1-2. diciembre 2000."
"¿Dónde queda la producción después de la cosecha?. Lorda, H.; Bellini Saibene Y; Sipowicz, A. La Arena del Campo. Diario La Arena. 02 de Junio de 2001.",2001,Popular science articles,Popular science articles,,,"¿dónde queda la producción después de la cosecha?. lorda, h.; bellini saibene y; sipowicz, a. la arena del campo. diario la arena. 02 de junio de 2001."
"Almacenaje de Granos en el área RADAR – 1º Parte. Lorda, H.; Bellini Saibene Y.; Lucchetti, P.; Roberto Z.; Sipowicz A.y Coma C. AgroRADAR Boletín Informativo Nº 12. ISSN: 1666 - 6852. Pp. 6-8. Septiembre 2001.",2001,Popular science articles,Popular science articles,,,"almacenaje de granos en el área radar – 1º parte. lorda, h.; bellini saibene y.; lucchetti, p.; roberto z.; sipowicz a.y coma c. agroradar boletín informativo nº 12. issn: 1666 - 6852. pp. 6-8. septiembre 2001."
"Almacenaje de Granos en el área RADAR – 2º Parte. Lorda, H.; Bellini Saibene Y.; Lucchetti, P.; Roberto Z.; Sipowicz A.y Coma C. AgroRADAR Boletín Informativo Nº 13. ISSN: 1666 - 6852. Pp. 7-8. Octubre 2001.",2001,Popular science articles,Popular science articles,,,"almacenaje de granos en el área radar – 2º parte. lorda, h.; bellini saibene y.; lucchetti, p.; roberto z.; sipowicz a.y coma c. agroradar boletín informativo nº 13. issn: 1666 - 6852. pp. 7-8. octubre 2001."
"Almacenaje de Granos en el área RADAR – 3º Parte. Lorda, H.; Bellini Saibene Y.; Lucchetti, P.; Roberto Z.; Sipowicz A.y Coma C. AgroRADAR Boletín Informativo Nº 14. ISSN: 1666 - 6852. Pp. 6-8. Noviembre 2001.",2001,Popular science articles,Popular science articles,,,"almacenaje de granos en el área radar – 3º parte. lorda, h.; bellini saibene y.; lucchetti, p.; roberto z.; sipowicz a.y coma c. agroradar boletín informativo nº 14. issn: 1666 - 6852. pp. 6-8. noviembre 2001."
"Campaña 2000/2001 en La Pampa. Lorda, H; Sipowicz, A.; Bellini Saibene Yanina. La Arena del Campo. Diario La Arena. Santa Rosa, La Pampa. 14 de Abril 2001.",2001,Popular science articles,Popular science articles,,,"campaña 2000/2001 en la pampa. lorda, h; sipowicz, a.; bellini saibene yanina. la arena del campo. diario la arena. santa rosa, la pampa. 14 de abril 2001."
"Caracterización del Almacenaje de Granos en el Area RADAR. Lorda, H.; Lucchetti, P.; Bellini Saibene, Y.; Sipowicz, A.; Lacorte, S. Actas de la Primer Jornada de Calidad e identidad Preservada. 11 de Julio de 2001. Bolsa de Cereales de Buenos Aires.",2001,"En Congresos, Seminarios, Simposios y Jornadas Nacionales",National Conferences,,,"caracterización del almacenaje de granos en el area radar. lorda, h.; lucchetti, p.; bellini saibene, y.; sipowicz, a.; lacorte, s. actas de la primer jornada de calidad e identidad preservada. 11 de julio de 2001. bolsa de cereales de buenos aires."
"Coberturas agrícolas, mercado de futuros y opciones. Lorda, Héctor; Bellini Saibene, Yanina; Sipowicz, Andrés. AgroRADAR. Boletín Informativo Nº 8. ISSN: 1666 - 6852. Pp. 5. Mayo 2001.",2001,Popular science articles,Popular science articles,,,"coberturas agrícolas, mercado de futuros y opciones. lorda, héctor; bellini saibene, yanina; sipowicz, andrés. agroradar. boletín informativo nº 8. issn: 1666 - 6852. pp. 5. mayo 2001."
"Distribución de los grupos de calidad de trigo en dos áreas de la región AgroRADAR. Carlos Coma, Yanina Bellini. AgroRADAR Boletín Informativo Nº 15. ISSN: 1666 - 6852. Pp. 11. Diciembre 2001.",2001,Popular science articles,Popular science articles,,,"distribución de los grupos de calidad de trigo en dos áreas de la región agroradar. carlos coma, yanina bellini. agroradar boletín informativo nº 15. issn: 1666 - 6852. pp. 11. diciembre 2001."
"Estimación del área sembrada. Bellini, Yanina; Lorda, Héctor. AgroRADAR Boletín Informativo Nº 11. ISSN: 1666 - 6852. Pp. 6-7.Agosto 2001.",2001,Popular science articles,Popular science articles,,,"estimación del área sembrada. bellini, yanina; lorda, héctor. agroradar boletín informativo nº 11. issn: 1666 - 6852. pp. 6-7.agosto 2001."
"Grupos de Calidad de Trigo. Bellini Saibene Y. Diario La Reforma. General Pico, La Pampa. 7 de Abril de 2001.",2001,Popular science articles,Popular science articles,,,"grupos de calidad de trigo. bellini saibene y. diario la reforma. general pico, la pampa. 7 de abril de 2001."
"Informe RADAR – Campaña Agrícola 2000 – 2001. Sorteando Obstáculos. Lorda, H; Bellini Saibene Y. De Frente al Campo Nº 1, Santa Rosa, La Pampa. Enero 2001.",2001,Popular science articles,Popular science articles,,,"informe radar – campaña agrícola 2000 – 2001. sorteando obstáculos. lorda, h; bellini saibene y. de frente al campo nº 1, santa rosa, la pampa. enero 2001."
"La soja ganó la batalla. Lorda, H; Bellini Saibene Y.; Sipowicz A. Diario La Reforma. General Pico, La Pampa. 31 de Marzo de 2001.",2001,Popular science articles,Popular science articles,,,"la soja ganó la batalla. lorda, h; bellini saibene y.; sipowicz a. diario la reforma. general pico, la pampa. 31 de marzo de 2001."
"Lo que queda después del fuego. Sipowicz, A; Lorda, H; Lucchetti, P; Bellini Saibene Y. La Arena del Campo. Diario La Arena. Santa Rosa, La Pampa. 28 de Abril 2001.",2001,Popular science articles,Popular science articles,,,"lo que queda después del fuego. sipowicz, a; lorda, h; lucchetti, p; bellini saibene y. la arena del campo. diario la arena. santa rosa, la pampa. 28 de abril 2001."
"Los incendios rurales. Bellini Yanina, Lucchetti, Pablo, Lorda, Héctor. Agro RADAR Boletín Informativo Nº 6. ISSN: 1666 - 6852. Pp. 6-7. Marzo 2001.",2001,Popular science articles,Popular science articles,,,"los incendios rurales. bellini yanina, lucchetti, pablo, lorda, héctor. agro radar boletín informativo nº 6. issn: 1666 - 6852. pp. 6-7. marzo 2001."
"Los resultados del Trigo”. Superficie, rendimiento y producción de la campaña 2001/2002. Lorda, H. Bellini Saibene, Y. AgroRADAR Boletín Informativo Nº 15. ISSN: 1666 - 6852. Pp. 29-30. Diciembre 2001.",2001,Popular science articles,Popular science articles,,,"los resultados del trigo”. superficie, rendimiento y producción de la campaña 2001/2002. lorda, h. bellini saibene, y. agroradar boletín informativo nº 15. issn: 1666 - 6852. pp. 29-30. diciembre 2001."
"Orientación de la producción bovina en la región RADAR. Lorda, H; Bellini Saibene Y. Desafio 21 Nº 15. pp 24-25. Junio 2001.",2001,Popular science articles,Popular science articles,,,"orientación de la producción bovina en la región radar. lorda, h; bellini saibene y. desafio 21 nº 15. pp 24-25. junio 2001."
RADAR Informa. Forrajes & Granos. Agribusiness Journal. Año 6 Nº 71. Diciembre 2001. Páginas 12 a 14.,2001,Popular science articles,Popular science articles,,,radar informa. forrajes & granos. agribusiness journal. año 6 nº 71. diciembre 2001. páginas 12 a 14.
"RADAR: Un Movimiento Institucional en Apoyo del Desarrollo Regional. Coma, C.; Sipowicz, A.; Bellini Saibene, Y.; Lorda, H. Actas del VII Encuentro de la Asociación Panamericana de Bolsas de Productos. Buenos Aires. Capital Federal. Argentina. Noviembre de 2001. Buenos Aires.",2001,"En Congresos, Seminarios, Simposios y Jornadas Nacionales",National Conferences,,,"radar: un movimiento institucional en apoyo del desarrollo regional. coma, c.; sipowicz, a.; bellini saibene, y.; lorda, h. actas del vii encuentro de la asociación panamericana de bolsas de productos. buenos aires. capital federal. argentina. noviembre de 2001. buenos aires."
"Relevamiento Ganadero. Lorda, H; Bellini Saibene Y. AgroRADAR Boletín Informativo Nº 8. ISSN: 1666 - 6852. Pp. 8. Mayo 2001.",2001,Popular science articles,Popular science articles,,,"relevamiento ganadero. lorda, h; bellini saibene y. agroradar boletín informativo nº 8. issn: 1666 - 6852. pp. 8. mayo 2001."
"Zona VI. Lorda, Héctor; Campi, Eduardo; Bellini, Yanina. Agro RADAR Boletín Informativo Nº 7. ISSN: 1666 - 6852. Pp. 1-3. Abril 2001.",2001,Popular science articles,Popular science articles,,,"zona vi. lorda, héctor; campi, eduardo; bellini, yanina. agro radar boletín informativo nº 7. issn: 1666 - 6852. pp. 1-3. abril 2001."
"Zona VII. Campi, Eduardo; Bellini Saibene, Yanina. AgroRADAR Boletín Informativo Nº 8. ISSN: 1666 - 6852. Pp. 1-3. Mayo 2001.",2001,Popular science articles,Popular science articles,,,"zona vii. campi, eduardo; bellini saibene, yanina. agroradar boletín informativo nº 8. issn: 1666 - 6852. pp. 1-3. mayo 2001."
"Zona VIII. Campi, Eduardo; Bellini Saibene, Yanina. AgroRADAR Boletín Informativo Nº 9. ISSN: 1666 - 6852. Pp. 1-3. Junio 2001.",2001,Popular science articles,Popular science articles,,,"zona viii. campi, eduardo; bellini saibene, yanina. agroradar boletín informativo nº 9. issn: 1666 - 6852. pp. 1-3. junio 2001."
"El trigo en la vidriera. Lorda, H.; Bellini Saibene Y. AgroRADAR. Boletín Informativo Nº 18. ISSN: 1666 - 6852. pp. 38-44. Diciembre 2002.",2002,Popular science articles,Popular science articles,https://inta.gob.ar/documentos/el-trigo-en-la-vidriera,,"el trigo en la vidriera. lorda, h.; bellini saibene y. agroradar. boletín informativo nº 18. issn: 1666 - 6852. pp. 38-44. diciembre 2002."
"Girasol, Los números productivos. Lorda, H.; Bellini Saibene Y. AgroRADAR. Boletín Informativo Nº 16. ISSN: 1666 - 6852. Pp. 27-29. Julio 2002.",2002,Popular science articles,Popular science articles,,,"girasol, los números productivos. lorda, h.; bellini saibene y. agroradar. boletín informativo nº 16. issn: 1666 - 6852. pp. 27-29. julio 2002."
"GIRASOL. Lorda, Héctor y Yanina Bellini Saibene. AgroRADAR Boletín Informativo Nº 16. ISSN: 1666 - 6852. Pp.27-28. Abril 2002.",2002,Popular science articles,Popular science articles,,,"girasol. lorda, héctor y yanina bellini saibene. agroradar boletín informativo nº 16. issn: 1666 - 6852. pp.27-28. abril 2002."
"La siembra de trigo. Estimando la superficie. Lorda, H.; Bellini Saibene Y.; Lucchetti P.A. AgroRADAR. Boletín Informativo Nº 17. ISSN: 1666 - 6852. Pp. 12-13. Agosto 2002.",2002,Popular science articles,Popular science articles,https://inta.gob.ar/documentos/la-siembra-de-trigo.-estimando-la-superficie,,"la siembra de trigo. estimando la superficie. lorda, h.; bellini saibene y.; lucchetti p.a. agroradar. boletín informativo nº 17. issn: 1666 - 6852. pp. 12-13. agosto 2002."
"Tecnología Aplicada en Girasol en la región AgroRADAR. Lorda, H.; Bellini Saibene Y.;Roberto, Z. Agromercado. Cuadernillo de Girasol. Pp. 21-26. Octubre 2002.",2002,Popular science articles,Popular science articles,,,"tecnología aplicada en girasol en la región agroradar. lorda, h.; bellini saibene y.;roberto, z. agromercado. cuadernillo de girasol. pp. 21-26. octubre 2002."
"“Caracterización Productiva y Tecnológica de los Cultivos de Verano”. Lorda H, Bellini Saibene Y, Lucchetti P, Roberto Z, Coma C, Farell M y Corro Molas A. Capítulo 1 del Boletín de Divulgación Técnica Nº 77: “Cultivos de Cosecha Gruesa. Actualización 2003”. ISSN: 0325-2167. Agosto 2003.. pp 1 – 39.",2003,Journals,Journals,,,"“caracterización productiva y tecnológica de los cultivos de verano”. lorda h, bellini saibene y, lucchetti p, roberto z, coma c, farell m y corro molas a. capítulo 1 del boletín de divulgación técnica nº 77: “cultivos de cosecha gruesa. actualización 2003”. issn: 0325-2167. agosto 2003.. pp 1 – 39."
"“Caracterización Tecnológica del Cultivo de Trigo”. Lorda H, Bellini Saibene Y, Lucchetti P, Roberto Z y Coma C. Capítulo de la Publicación de Divulgación Técnica Nº 76: “Trigo. Actualización 2003.” ISSN: 0325-2167. Mayo 2003. pp 134 – 175.",2003,Journals,Journals,,,"“caracterización tecnológica del cultivo de trigo”. lorda h, bellini saibene y, lucchetti p, roberto z y coma c. capítulo de la publicación de divulgación técnica nº 76: “trigo. actualización 2003.” issn: 0325-2167. mayo 2003. pp 134 – 175."
"Caracterización del Almacenaje de Granos en el Área AgroRADAR. Lorda, H.O.; Lucchetti, P; Roberto Z; Bellini Saibene, Y y Sipowicz, A. 1º Congreso Sobre Producción de Origen Agropecuario del SE Pampeano.28 de Enero al 4 de Febrero de 2003. Necochea, Bs. As.",2003,"En Congresos, Seminarios, Simposios y Jornadas Nacionales",National Conferences,,,"caracterización del almacenaje de granos en el área agroradar. lorda, h.o.; lucchetti, p; roberto z; bellini saibene, y y sipowicz, a. 1º congreso sobre producción de origen agropecuario del se pampeano.28 de enero al 4 de febrero de 2003. necochea, bs. as."
"Caracterización tecnológica del cultivo de trigo en la región AgroRadar. Lorda, Héctor; Bellini Saibene, Yanina; Sipowicz, Andrés; Lucchetti, Pablo; Coma, Carlos. AgroRADAR Boletín Informativo Nº 19. ISSN: 1666 - 6852. pp 18-20. Diciembre 2003.",2003,Popular science articles,Popular science articles,,,"caracterización tecnológica del cultivo de trigo en la región agroradar. lorda, héctor; bellini saibene, yanina; sipowicz, andrés; lucchetti, pablo; coma, carlos. agroradar boletín informativo nº 19. issn: 1666 - 6852. pp 18-20. diciembre 2003."
"En La Pampa, la agricultura mantiene un crecimiento sin límites. Fascículo Pampa Central. Año 1, Nº 1 El Diario de La Pampa. Pp 9 y 15. 4 de Julio 2003",2003,Popular science articles,Popular science articles,,,"en la pampa, la agricultura mantiene un crecimiento sin límites. fascículo pampa central. año 1, nº 1 el diario de la pampa. pp 9 y 15. 4 de julio 2003"
"Sistema de Información Geográfica. Roberto, Z.; Bellini Saibene, Y.; Lucchetti, P.; Coma, C. RADAR Boletín Informativo Nº 19. ISSN: 1666 - 6852. pp 18-20. Diciembre 2003.",2003,Popular science articles,Popular science articles,,,"sistema de información geográfica. roberto, z.; bellini saibene, y.; lucchetti, p.; coma, c. radar boletín informativo nº 19. issn: 1666 - 6852. pp 18-20. diciembre 2003."
"“Caracterización Productiva y Tecnológica del Cultivo de Trigo”. Lorda H.O., Lucchetti P., Bellini Saibene Y, Farell M, Roberto Z, Sipowicz A. y Coma C. Boletín de Divulgación Técnica Nº 83. ISSN: 0325-2167. Julio 2004. pp 1- 24.",2004,Journals,Journals,,,"“caracterización productiva y tecnológica del cultivo de trigo”. lorda h.o., lucchetti p., bellini saibene y, farell m, roberto z, sipowicz a. y coma c. boletín de divulgación técnica nº 83. issn: 0325-2167. julio 2004. pp 1- 24."
"Relevamiento y análisis de la superficie de las explotaciones agropecuarias en el este de La Pampa. Bellini Saibene Y, Lorda H, Farrell, M. Boletín de Divulgación Técnica Nº 84. ISSN: 0325-2132 Junio 2004 - Ediciones INTA",2004,Journals,Journals,https://inta.gob.ar/documentos/relevamiento-y-analisis-de-la-superficie-de-las-explotaciones-agropecuarias-en-el-este-de-la-pampa,,"relevamiento y análisis de la superficie de las explotaciones agropecuarias en el este de la pampa. bellini saibene y, lorda h, farrell, m. boletín de divulgación técnica nº 84. issn: 0325-2132 junio 2004 - ediciones inta"
"""Escenarios tecnológicos en el cultivo de trigo según toma de decisiones"". Lorda H., Bellini Saibene Y., Sipowicz A., Lucchetti P., Coma C. Ciclo de Conferencias INTA Expone 2004. ISBN: 10:987-521-202-4 13: 978-987-521-202-2. Conferencias presentadas en el Auditorio Ing. Agr. Guillermo Covas. Volumen III. 2005.",2005,Book Chapters,Book Chapters,,,"""escenarios tecnológicos en el cultivo de trigo según toma de decisiones"". lorda h., bellini saibene y., sipowicz a., lucchetti p., coma c. ciclo de conferencias inta expone 2004. isbn: 10:987-521-202-4 13: 978-987-521-202-2. conferencias presentadas en el auditorio ing. agr. guillermo covas. volumen iii. 2005."
"""Relevamiento Agro económico en la región pampeana"". Sipowicz A., Roberto Z., Bellini Saibene Y. Ciclo de Conferencias INTA Expone 2004. ISBN: 10:987-521-202-4 13: 978-987-521-202-2. Conferencias presentadas en el Auditorio Ing. Agr. Guillermo Covas. Volumen III. 2005.",2005,Book Chapters,Book Chapters,,,"""relevamiento agro económico en la región pampeana"". sipowicz a., roberto z., bellini saibene y. ciclo de conferencias inta expone 2004. isbn: 10:987-521-202-4 13: 978-987-521-202-2. conferencias presentadas en el auditorio ing. agr. guillermo covas. volumen iii. 2005."
Boletín RIAN La Pampa - San Luis - Abril 2005 - Nro 4,2005,Newsletter,Popular science articles,https://inta.gob.ar/documentos/boletin-rian-la-pampa-san-luis-abril-2005-nro-4,,boletín rian la pampa - san luis - abril 2005 - nro 4
Boletín RIAN La Pampa - San Luis - Agosto 2005 - Nro 8,2005,Newsletter,Popular science articles,https://inta.gob.ar/documentos/boletin-rian-la-pampa-san-luis-agosto-2005-nro-8,,boletín rian la pampa - san luis - agosto 2005 - nro 8
Boletín RIAN La Pampa - San Luis - Agosto 2005 - Nro 9,2005,Newsletter,Popular science articles,https://inta.gob.ar/documentos/boletin-rian-la-pampa-san-luis-agosto-2005-9,,boletín rian la pampa - san luis - agosto 2005 - nro 9
Boletín RIAN La Pampa - San Luis - Enero 2005 - Nro 1,2005,Newsletter,Popular science articles,https://inta.gob.ar/documentos/boletin-rian-la-pampa-san-luis-enero-2005-nro-1,,boletín rian la pampa - san luis - enero 2005 - nro 1
Boletín RIAN La Pampa - San Luis - Febrero 2005 - Nro 2,2005,Newsletter,Popular science articles,https://inta.gob.ar/documentos/boletin-rian-la-pampa-san-luis-febrero-2005-nro-2,,boletín rian la pampa - san luis - febrero 2005 - nro 2
Boletín RIAN La Pampa - San Luis - Julio 2005 - Nro 7,2005,Newsletter,Popular science articles,https://inta.gob.ar/documentos/boletin-rian-la-pampa-san-luis-julio-2005-nro-7,,boletín rian la pampa - san luis - julio 2005 - nro 7
Boletín RIAN La Pampa - San Luis - Junio 2005 - Nro 6,2005,Newsletter,Popular science articles,https://inta.gob.ar/documentos/boletin-rian-la-pampa-san-luis-junio-2005-nro-6,,boletín rian la pampa - san luis - junio 2005 - nro 6
Boletín RIAN La Pampa - San Luis - Marzo 2005 - Nro 3,2005,Newsletter,Popular science articles,https://inta.gob.ar/documentos/boletin-rian-la-pampa-san-luis-marzo-2005-nro-3,,boletín rian la pampa - san luis - marzo 2005 - nro 3
Boletín RIAN La Pampa - San Luis - Mayo 2005 - Nro 5,2005,Newsletter,Popular science articles,https://inta.gob.ar/documentos/boletin-rian-la-pampa-san-luis-mayo-2005-nro-5,,boletín rian la pampa - san luis - mayo 2005 - nro 5
Boletín RIAN La Pampa - San Luis - Noviembre 2005 -Nro 10,2005,Newsletter,Popular science articles,https://inta.gob.ar/documentos/boletin-rian-la-pampa-san-luis-noviembre-2005-nro-10,,boletín rian la pampa - san luis - noviembre 2005 -nro 10
Boletín RIAN La Pampa - San Luis - Noviembre 2005 -Nro 11,2005,Newsletter,Popular science articles,https://inta.gob.ar/documentos/boletin-rian-la-pampa-san-luis-noviembre-2005-nro-11,,boletín rian la pampa - san luis - noviembre 2005 -nro 11
Boletín RIAN La Pampa - San Luis - Octubre 2005 - Nro 12,2005,Newsletter,Popular science articles,https://inta.gob.ar/documentos/boletin-rian-la-pampa-san-luis-octubre-2005-nro-12,,boletín rian la pampa - san luis - octubre 2005 - nro 12
"Caracterización del Almacenaje de Granos en la Región Agroradar. Lorda, Héctor; Lucchetti, Pablo; Bellini Saibene, Yanina; Fernandez, Darío. Boletín de Divulgación Técnica Nº 89. ISSN: 0325-2132 Mayo 2005 - Ediciones INTA",2005,Journals,Journals,https://inta.gob.ar/documentos/caracterizacion-del-almacenaje-de-granos-en-la-region-agroradar,,"caracterización del almacenaje de granos en la región agroradar. lorda, héctor; lucchetti, pablo; bellini saibene, yanina; fernandez, darío. boletín de divulgación técnica nº 89. issn: 0325-2132 mayo 2005 - ediciones inta"
"Cartas Agroclimaticas De Temperaturas, Heladas Y Lluvia De La Provincia De La Pampa (Argentina). Casagrande, G.A; Vergara, G.T. y Bellini, Y. IX Congreso Argentino de Agrometerologia. Octubre de 2005.",2005,"En Congresos, Seminarios, Simposios y Jornadas Nacionales",National Conferences,,,"cartas agroclimaticas de temperaturas, heladas y lluvia de la provincia de la pampa (argentina). casagrande, g.a; vergara, g.t. y bellini, y. ix congreso argentino de agrometerologia. octubre de 2005."
"Cosecha gruesa, soja, maíz y girasol. Manual de campo",2005,Colaboración,Book Chapters,https://inta.gob.ar/documentos/cosecha-gruesa-soja-maiz-y-girasol-manual-de-campo,,"cosecha gruesa, soja, maíz y girasol. manual de campo"
"AgroSys N° 1. Boletín Informativo Grupo de Sistemas-Información y Comunicación de la EEA Anguil. Bellini Saibene, Y. Lucchetti, P.A, Ferreyra C.A. Caldera, JC, Ramos, L., Fernandez, MD, Schaab, L, Etchart, F. Garro, RJA. Noviembre 2006",2006,Newsletter,Popular science articles,,,"agrosys n° 1. boletín informativo grupo de sistemas-información y comunicación de la eea anguil. bellini saibene, y. lucchetti, p.a, ferreyra c.a. caldera, jc, ramos, l., fernandez, md, schaab, l, etchart, f. garro, rja. noviembre 2006"
"AgroSys N° 2. Boletín Informativo Grupo de Sistemas-Información y Comunicación de la EEA Anguil. Bellini Saibene, Y. Lucchetti, P.A, Ferreyra C.A. Caldera, JC, Ramos, L., Fernandez, MD, Schaab, L, Etchart, F. Garro, RJA. Diciembre 2006",2006,Newsletter,Popular science articles,,,"agrosys n° 2. boletín informativo grupo de sistemas-información y comunicación de la eea anguil. bellini saibene, y. lucchetti, p.a, ferreyra c.a. caldera, jc, ramos, l., fernandez, md, schaab, l, etchart, f. garro, rja. diciembre 2006"
"Boletín Enlaces N° 1. Newsletter informativo Proyecto Estructurante del SICyC. Bellini Saibene, Y. Zubillaja, J., Franco, L., Lucchetti, P., Godoy, S., Chavero, A., Cáceres, A, Nani, L. Noviembre 2006.",2006,Newsletter,Popular science articles,,,"boletín enlaces n° 1. newsletter informativo proyecto estructurante del sicyc. bellini saibene, y. zubillaja, j., franco, l., lucchetti, p., godoy, s., chavero, a., cáceres, a, nani, l. noviembre 2006."
"Boletín Enlaces N° 2. Newsletter informativo Proyecto Estructurante del SICyC. Bellini Saibene, Y. Zubillaja, J., Franco, L., Lucchetti, P., Godoy, S., Chavero, A., Cáceres, A, Nani, L. Diciembre 2006.",2006,Newsletter,Popular science articles,,,"boletín enlaces n° 2. newsletter informativo proyecto estructurante del sicyc. bellini saibene, y. zubillaja, j., franco, l., lucchetti, p., godoy, s., chavero, a., cáceres, a, nani, l. diciembre 2006."
Boletín RIAN La Pampa - San Luis - Abril 2006 -Nro 24,2006,Newsletter,Popular science articles,https://inta.gob.ar/documentos/boletin-rian-la-pampa-san-luis-abril-2006-24,,boletín rian la pampa - san luis - abril 2006 -nro 24
Boletín RIAN La Pampa - San Luis - Agosto 2006 - Nro 27,2006,Newsletter,Popular science articles,https://inta.gob.ar/documentos/boletin-rian-la-pampa-san-luis-Agosto-2006-27,,boletín rian la pampa - san luis - agosto 2006 - nro 27
Boletín RIAN La Pampa - San Luis - Diciembre 2006 - Nro 33,2006,Newsletter,Popular science articles,https://inta.gob.ar/documentos/boletin-rian-la-pampa-san-luis-diciembre-2006-nro-33,,boletín rian la pampa - san luis - diciembre 2006 - nro 33
Boletín RIAN La Pampa - San Luis - Enero 2006 - Nro 14,2006,Newsletter,Popular science articles,https://inta.gob.ar/documentos/copy_of_boletin-rian-la-pampa-san-luis-enero-2006,,boletín rian la pampa - san luis - enero 2006 - nro 14
Boletín RIAN La Pampa - San Luis - Enero 2006 -Nro 15,2006,Newsletter,Popular science articles,https://inta.gob.ar/documentos/copy_of_boletin-rian-la-pampa-san-luis-enero-2006-15,,boletín rian la pampa - san luis - enero 2006 -nro 15
Boletín RIAN La Pampa - San Luis - Enero 2006 -Nro 16,2006,Newsletter,Popular science articles,https://inta.gob.ar/documentos/copy_of_boletin-rian-la-pampa-san-luis-enero-2006-16,,boletín rian la pampa - san luis - enero 2006 -nro 16
Boletín RIAN La Pampa - San Luis - Enero 2006 -Nro 17,2006,Newsletter,Popular science articles,https://inta.gob.ar/documentos/copy_of_boletin-rian-la-pampa-san-luis-enero-2006-17,,boletín rian la pampa - san luis - enero 2006 -nro 17
Boletín RIAN La Pampa - San Luis - Enero 2006 -Nro 18,2006,Newsletter,Popular science articles,https://inta.gob.ar/documentos/copy_of_boletin-rian-la-pampa-san-luis-enero-2006-18,,boletín rian la pampa - san luis - enero 2006 -nro 18
Boletín RIAN La Pampa - San Luis - Enero 2006 -Nro 19,2006,Newsletter,Popular science articles,https://inta.gob.ar/documentos/copy_of_boletin-rian-la-pampa-san-luis-enero-2006-19,,boletín rian la pampa - san luis - enero 2006 -nro 19
Boletín RIAN La Pampa - San Luis - Enero 2006 -Nro 20,2006,Newsletter,Popular science articles,https://inta.gob.ar/documentos/boletin-rian-la-pampa-san-luis-enero-2006-20,,boletín rian la pampa - san luis - enero 2006 -nro 20
Boletín RIAN La Pampa - San Luis - Febrero 2006 -Nro 21,2006,Newsletter,Popular science articles,https://inta.gob.ar/documentos/boletin-rian-la-pampa-san-luis-febrero-2006-21,,boletín rian la pampa - san luis - febrero 2006 -nro 21
Boletín RIAN La Pampa - San Luis - Julio 2006 -Nro 26,2006,Newsletter,Popular science articles,https://inta.gob.ar/documentos/boletin-rian-la-pampa-san-luis-Julio-2006-26,,boletín rian la pampa - san luis - julio 2006 -nro 26
Boletín RIAN La Pampa - San Luis - Junio 2006 -Nro 25,2006,Newsletter,Popular science articles,https://inta.gob.ar/documentos/boletin-rian-la-pampa-san-luis-Junio-2006-25,,boletín rian la pampa - san luis - junio 2006 -nro 25
Boletín RIAN La Pampa - San Luis - Marzo 2006 -Nro 22,2006,Newsletter,Popular science articles,https://inta.gob.ar/documentos/boletin-rian-la-pampa-san-luis-marzo-2006-22,,boletín rian la pampa - san luis - marzo 2006 -nro 22
Boletín RIAN La Pampa - San Luis - Mayo 2006 -Nro 23,2006,Newsletter,Popular science articles,https://inta.gob.ar/documentos/boletin-rian-la-pampa-san-luis-mayo-2006-23,,boletín rian la pampa - san luis - mayo 2006 -nro 23
Boletín RIAN La Pampa - San Luis - Noviembre 2006 - Nro 30,2006,Newsletter,Popular science articles,https://inta.gob.ar/documentos/boletin-rian-la-pampa-san-luis-Noviembre-2006-30,,boletín rian la pampa - san luis - noviembre 2006 - nro 30
Boletín RIAN La Pampa - San Luis - Noviembre 2006 - Nro 31,2006,Newsletter,Popular science articles,https://inta.gob.ar/documentos/boletin-rian-la-pampa-san-luis-Noviembre-2006-31,,boletín rian la pampa - san luis - noviembre 2006 - nro 31
Boletín RIAN La Pampa - San Luis - Noviembre 2006 - Nro 32,2006,Newsletter,Popular science articles,https://inta.gob.ar/documentos/boletin-rian-la-pampa-san-luis-noviembre-2006-nro-32,,boletín rian la pampa - san luis - noviembre 2006 - nro 32
Boletín RIAN La Pampa - San Luis - Octubre 2006 - Nro 29,2006,Newsletter,Popular science articles,https://inta.gob.ar/documentos/boletin-rian-la-pampa-san-luis-Octubre-2006-29,,boletín rian la pampa - san luis - octubre 2006 - nro 29
Boletín RIAN La Pampa - San Luis - Septiembre 2006 - Nro 28,2006,Newsletter,Popular science articles,https://inta.gob.ar/documentos/boletin-rian-la-pampa-san-luis-Septiembre-2006-28,,boletín rian la pampa - san luis - septiembre 2006 - nro 28
"Cartas Agroclimáticas actuales de temperaturas, heladas y lluvias de la provincia de La Pampa (Argentina). Casagrande, G.A,; Vergara, G.T; Bellini, Y. Revista Facultad de Agronomía UNLPam. Vol. 17 Nº 1. ISSN 0326-6184.pp 15 – 21. 2006.",2006,Journals,Journals,,,"cartas agroclimáticas actuales de temperaturas, heladas y lluvias de la provincia de la pampa (argentina). casagrande, g.a,; vergara, g.t; bellini, y. revista facultad de agronomía unlpam. vol. 17 nº 1. issn 0326-6184.pp 15 – 21. 2006."
"AgroSys N° 10. Boletín Informativo Grupo de Sistemas-Información y Comunicación de la EEA Anguil. Bellini Saibene, Y. Lucchetti, P.A, Ferreyra C.A. Caldera, JC, Ramos, L., Fernandez, MD, Schaab, L, Etchart, F. Garro, RJA. Noviembre 2007",2007,Newsletter,Popular science articles,,,"agrosys n° 10. boletín informativo grupo de sistemas-información y comunicación de la eea anguil. bellini saibene, y. lucchetti, p.a, ferreyra c.a. caldera, jc, ramos, l., fernandez, md, schaab, l, etchart, f. garro, rja. noviembre 2007"
"AgroSys N° 3. Boletín Informativo Grupo de Sistemas-Información y Comunicación de la EEA Anguil. Bellini Saibene, Y. Lucchetti, P.A, Ferreyra C.A. Caldera, JC, Ramos, L., Fernandez, MD, Schaab, L, Etchart, F. Garro, RJA. Febrero 2007.",2007,Newsletter,Popular science articles,,,"agrosys n° 3. boletín informativo grupo de sistemas-información y comunicación de la eea anguil. bellini saibene, y. lucchetti, p.a, ferreyra c.a. caldera, jc, ramos, l., fernandez, md, schaab, l, etchart, f. garro, rja. febrero 2007."
"AgroSys N° 4. Boletín Informativo Grupo de Sistemas-Información y Comunicación de la EEA Anguil. Bellini Saibene, Y. Lucchetti, P.A, Ferreyra C.A. Caldera, JC, Ramos, L., Fernandez, MD, Schaab, L, Etchart, F. Garro, RJA. Marzo 2007.",2007,Newsletter,Popular science articles,,,"agrosys n° 4. boletín informativo grupo de sistemas-información y comunicación de la eea anguil. bellini saibene, y. lucchetti, p.a, ferreyra c.a. caldera, jc, ramos, l., fernandez, md, schaab, l, etchart, f. garro, rja. marzo 2007."
"AgroSys N° 5. Boletín Informativo Grupo de Sistemas-Información y Comunicación de la EEA Anguil. Bellini Saibene, Y. Lucchetti, P.A, Ferreyra C.A. Caldera, JC, Ramos, L., Fernandez, MD, Schaab, L, Etchart, F. Garro, RJA. Abril 2007.",2007,Newsletter,Popular science articles,,,"agrosys n° 5. boletín informativo grupo de sistemas-información y comunicación de la eea anguil. bellini saibene, y. lucchetti, p.a, ferreyra c.a. caldera, jc, ramos, l., fernandez, md, schaab, l, etchart, f. garro, rja. abril 2007."
"AgroSys N° 6. Boletín Informativo Grupo de Sistemas-Información y Comunicación de la EEA Anguil. Bellini Saibene, Y. Lucchetti, P.A, Ferreyra C.A. Caldera, JC, Ramos, L., Fernandez, MD, Schaab, L, Etchart, F. Garro, RJA. Mayo 2007.",2007,Newsletter,Popular science articles,,,"agrosys n° 6. boletín informativo grupo de sistemas-información y comunicación de la eea anguil. bellini saibene, y. lucchetti, p.a, ferreyra c.a. caldera, jc, ramos, l., fernandez, md, schaab, l, etchart, f. garro, rja. mayo 2007."
"AgroSys N° 7. Boletín Informativo Grupo de Sistemas-Información y Comunicación de la EEA Anguil. Bellini Saibene, Y. Lucchetti, P.A, Ferreyra C.A. Caldera, JC, Ramos, L., Fernandez, MD, Schaab, L, Etchart, F. Garro, RJA. Junio 2007",2007,Newsletter,Popular science articles,,,"agrosys n° 7. boletín informativo grupo de sistemas-información y comunicación de la eea anguil. bellini saibene, y. lucchetti, p.a, ferreyra c.a. caldera, jc, ramos, l., fernandez, md, schaab, l, etchart, f. garro, rja. junio 2007"
"AgroSys N° 8. Boletín Informativo Grupo de Sistemas-Información y Comunicación de la EEA Anguil. Bellini Saibene, Y. Lucchetti, P.A, Ferreyra C.A. Caldera, JC, Ramos, L., Fernandez, MD, Schaab, L, Etchart, F. Garro, RJA. Agosto 2007.",2007,Newsletter,Popular science articles,,,"agrosys n° 8. boletín informativo grupo de sistemas-información y comunicación de la eea anguil. bellini saibene, y. lucchetti, p.a, ferreyra c.a. caldera, jc, ramos, l., fernandez, md, schaab, l, etchart, f. garro, rja. agosto 2007."
"AgroSys N° 9. Boletín Informativo Grupo de Sistemas-Información y Comunicación de la EEA Anguil. Bellini Saibene, Y. Lucchetti, P.A, Ferreyra C.A. Caldera, JC, Ramos, L., Fernandez, MD, Schaab, L, Etchart, F. Garro, RJA. Octubre 2007",2007,Newsletter,Popular science articles,,,"agrosys n° 9. boletín informativo grupo de sistemas-información y comunicación de la eea anguil. bellini saibene, y. lucchetti, p.a, ferreyra c.a. caldera, jc, ramos, l., fernandez, md, schaab, l, etchart, f. garro, rja. octubre 2007"
"Boletín Enlaces N° 10. Newsletter informativo Proyecto Estructurante del SICyC. Bellini Saibene, Y. Zubillaja, J., Franco, L., Lucchetti, P., Godoy, S., Chavero, A., Cáceres, A, Nani, L. Octubre 2007",2007,Newsletter,Popular science articles,,,"boletín enlaces n° 10. newsletter informativo proyecto estructurante del sicyc. bellini saibene, y. zubillaja, j., franco, l., lucchetti, p., godoy, s., chavero, a., cáceres, a, nani, l. octubre 2007"
"Boletín Enlaces N° 11. Newsletter informativo Proyecto Estructurante del SICyC. Bellini Saibene, Y. Zubillaja, J., Franco, L., Lucchetti, P., Godoy, S., Chavero, A., Cáceres, A, Nani, L. Noviembre 2007",2007,Newsletter,Popular science articles,,,"boletín enlaces n° 11. newsletter informativo proyecto estructurante del sicyc. bellini saibene, y. zubillaja, j., franco, l., lucchetti, p., godoy, s., chavero, a., cáceres, a, nani, l. noviembre 2007"
"Boletín Enlaces N° 12. Newsletter informativo Proyecto Estructurante del SICyC. Bellini Saibene, Y. Zubillaja, J., Franco, L., Lucchetti, P., Godoy, S., Chavero, A., Cáceres, A, Nani, L. Diciembre 2007",2007,Newsletter,Popular science articles,,,"boletín enlaces n° 12. newsletter informativo proyecto estructurante del sicyc. bellini saibene, y. zubillaja, j., franco, l., lucchetti, p., godoy, s., chavero, a., cáceres, a, nani, l. diciembre 2007"
"Boletín Enlaces N° 3. Newsletter informativo Proyecto Estructurante del SICyC. Bellini Saibene, Y. Zubillaja, J., Franco, L., Lucchetti, P., Godoy, S., Chavero, A., Cáceres, A, Nani, L. Febrero 2007",2007,Newsletter,Popular science articles,,,"boletín enlaces n° 3. newsletter informativo proyecto estructurante del sicyc. bellini saibene, y. zubillaja, j., franco, l., lucchetti, p., godoy, s., chavero, a., cáceres, a, nani, l. febrero 2007"
"Boletín Enlaces N° 4. Newsletter informativo Proyecto Estructurante del SICyC. Bellini Saibene, Y. Zubillaja, J., Franco, L., Lucchetti, P., Godoy, S., Chavero, A., Cáceres, A, Nani, L. Marzo 2007",2007,Newsletter,Popular science articles,,,"boletín enlaces n° 4. newsletter informativo proyecto estructurante del sicyc. bellini saibene, y. zubillaja, j., franco, l., lucchetti, p., godoy, s., chavero, a., cáceres, a, nani, l. marzo 2007"
"Boletín Enlaces N° 5. Newsletter informativo Proyecto Estructurante del SICyC. Bellini Saibene, Y. Zubillaja, J., Franco, L., Lucchetti, P., Godoy, S., Chavero, A., Cáceres, A, Nani, L. Abril 2007",2007,Newsletter,Popular science articles,,,"boletín enlaces n° 5. newsletter informativo proyecto estructurante del sicyc. bellini saibene, y. zubillaja, j., franco, l., lucchetti, p., godoy, s., chavero, a., cáceres, a, nani, l. abril 2007"
"Boletín Enlaces N° 6. Newsletter informativo Proyecto Estructurante del SICyC. Bellini Saibene, Y. Zubillaja, J., Franco, L., Lucchetti, P., Godoy, S., Chavero, A., Cáceres, A, Nani, L. Mayo 2007",2007,Newsletter,Popular science articles,,,"boletín enlaces n° 6. newsletter informativo proyecto estructurante del sicyc. bellini saibene, y. zubillaja, j., franco, l., lucchetti, p., godoy, s., chavero, a., cáceres, a, nani, l. mayo 2007"
"Boletín Enlaces N° 7. Newsletter informativo Proyecto Estructurante del SICyC. Bellini Saibene, Y. Zubillaja, J., Franco, L., Lucchetti, P., Godoy, S., Chavero, A., Cáceres, A, Nani, L. Junio 2007",2007,Newsletter,Popular science articles,,,"boletín enlaces n° 7. newsletter informativo proyecto estructurante del sicyc. bellini saibene, y. zubillaja, j., franco, l., lucchetti, p., godoy, s., chavero, a., cáceres, a, nani, l. junio 2007"
"Boletín Enlaces N° 8. Newsletter informativo Proyecto Estructurante del SICyC. Bellini Saibene, Y. Zubillaja, J., Franco, L., Lucchetti, P., Godoy, S., Chavero, A., Cáceres, A, Nani, L. Agosto 2007",2007,Newsletter,Popular science articles,,,"boletín enlaces n° 8. newsletter informativo proyecto estructurante del sicyc. bellini saibene, y. zubillaja, j., franco, l., lucchetti, p., godoy, s., chavero, a., cáceres, a, nani, l. agosto 2007"
"Boletín Enlaces N° 9. Newsletter informativo Proyecto Estructurante del SICyC. Bellini Saibene, Y. Zubillaja, J., Franco, L., Lucchetti, P., Godoy, S., Chavero, A., Cáceres, A, Nani, L. Septiembre 2007",2007,Newsletter,Popular science articles,,,"boletín enlaces n° 9. newsletter informativo proyecto estructurante del sicyc. bellini saibene, y. zubillaja, j., franco, l., lucchetti, p., godoy, s., chavero, a., cáceres, a, nani, l. septiembre 2007"
Boletín RIAN La Pampa - San Luis - Abril 2007 - Nro 37,2007,Newsletter,Popular science articles,https://inta.gob.ar/documentos/boletin-rian-la-pampa-san-luis-abril-2007-nro-37,,boletín rian la pampa - san luis - abril 2007 - nro 37
Boletín RIAN La Pampa - San Luis - Agosto y Septiembre 2007 - Nro 40,2007,Newsletter,Popular science articles,https://inta.gob.ar/documentos/boletin-rian-la-pampa-san-luis-Agosto-Septiembre-2007-40,,boletín rian la pampa - san luis - agosto y septiembre 2007 - nro 40
Boletín RIAN La Pampa - San Luis - Enero 2007 - Nro 34,2007,Newsletter,Popular science articles,https://inta.gob.ar/documentos/boletin-rian-la-pampa-san-luis-Enero-2007-34,,boletín rian la pampa - san luis - enero 2007 - nro 34
Boletín RIAN La Pampa - San Luis - Febrero 2007 - Nro 35,2007,Newsletter,Popular science articles,https://inta.gob.ar/documentos/boletin-rian-la-pampa-san-luis-Febrero-2007-35,,boletín rian la pampa - san luis - febrero 2007 - nro 35
Boletín RIAN La Pampa - San Luis - Junio 2007 - Nro 39,2007,Newsletter,Popular science articles,https://inta.gob.ar/documentos/boletin-rian-la-pampa-san-luis-Junio-2007-39,,boletín rian la pampa - san luis - junio 2007 - nro 39
Boletín RIAN La Pampa - San Luis - Marzo 2007 - Nro 36,2007,Newsletter,Popular science articles,https://inta.gob.ar/documentos/boletin-rian-la-pampa-san-luis-marzo-2007-nro-36,,boletín rian la pampa - san luis - marzo 2007 - nro 36
Boletín RIAN La Pampa - San Luis - Mayo 2007 - Nro 38,2007,Newsletter,Popular science articles,https://inta.gob.ar/documentos/boletin-rian-la-pampa-san-luis-mayo-2007-nro-38,,boletín rian la pampa - san luis - mayo 2007 - nro 38
Boletín RIAN La Pampa - San Luis - Noviembre 2007 - Nro 41,2007,Newsletter,Popular science articles,https://inta.gob.ar/documentos/boletin-rian-la-pampa-san-luis-noviembre-2007-nro-41,,boletín rian la pampa - san luis - noviembre 2007 - nro 41
Boletín RIAN La Pampa - San Luis - Noviembre 2007 - Nro 42,2007,Newsletter,Popular science articles,https://inta.gob.ar/documentos/boletin-rian-la-pampa-san-luis-noviembre-2007-nro-42,,boletín rian la pampa - san luis - noviembre 2007 - nro 42
Boletín RIAN La Pampa - San Luis - Noviembre 2007 - Nro 44,2007,Newsletter,Popular science articles,https://inta.gob.ar/documentos/boletin-rian-la-pampa-san-luis-Noviembre-2007-44,,boletín rian la pampa - san luis - noviembre 2007 - nro 44
Boletín RIAN La Pampa - San Luis - Octubre 2007 - Nro 43,2007,Newsletter,Popular science articles,https://inta.gob.ar/documentos/boletin-rian-la-pampa-san-luis-Octubre-2007-43,,boletín rian la pampa - san luis - octubre 2007 - nro 43
"CD Interactivo SIG AgroRADAR 1999-2004. Daitsch, Nicolas; Bellini, Yanina; Lucchetti, Pablo; Caldera, Juan; Ramos, Lucas; Lorda, Héctor; Roberto Zinda; Cepeda, Jorge; Pezzola, Alejandro. Boletín de Divulgación Técnica Nº 92. ISSN:0325-2132. Junio 2007 - Ediciones INTA",2007,Journals,Journals,https://inta.gob.ar/documentos/cd-interactivo-sig-agroradar-1999-2004,,"cd interactivo sig agroradar 1999-2004. daitsch, nicolas; bellini, yanina; lucchetti, pablo; caldera, juan; ramos, lucas; lorda, héctor; roberto zinda; cepeda, jorge; pezzola, alejandro. boletín de divulgación técnica nº 92. issn:0325-2132. junio 2007 - ediciones inta"
"Delegación de técnicos venezolanos. Bellini, Yanina; Lorda, Héctor. Horizonte agropecuario Nº 74. Noviembre de 2007.",2007,Popular science articles,Popular science articles,,,"delegación de técnicos venezolanos. bellini, yanina; lorda, héctor. horizonte agropecuario nº 74. noviembre de 2007."
"Implementacion de un sistema de información geoespacial en recursos naturales. Mercuri,P.; Bordignon,F.; Cruzate,G.; Bellini,Y.; Ramos,L. Congreso de la asociación española de teledetección, Mar del Plata. Argentina. 2007.",2007,"En Congresos, Seminarios, Simposios y Jornadas Internacionales",International Conferences,,,"implementacion de un sistema de información geoespacial en recursos naturales. mercuri,p.; bordignon,f.; cruzate,g.; bellini,y.; ramos,l. congreso de la asociación española de teledetección, mar del plata. argentina. 2007."
"Inventario De Malezas En El Cultivo De Girasol En La Provincia De La Pampa. Montoya, J., Berhongaray, G., Pérez, A., Títolo, D., Troiani, H., Roberto, Z.,Ramos, L. y Bellini, Y. Actas IV Congreso Argentino de Girasol. ASAGIR. Mayo 2007.",2007,"En Congresos, Seminarios, Simposios y Jornadas Nacionales",National Conferences,,,"inventario de malezas en el cultivo de girasol en la provincia de la pampa. montoya, j., berhongaray, g., pérez, a., títolo, d., troiani, h., roberto, z.,ramos, l. y bellini, y. actas iv congreso argentino de girasol. asagir. mayo 2007."
"“Caracterización tecnológica y productiva del cultivo de girasol para la provincia de La Pampa”. Belmonte, M. L.; Fernández, M. D.; Bellini Saibene, Y.; Lorda, H. O.; Schaab, L. R.; y Fernández, J. C. Junio 2008. Capítulo 2 de la Publicación Técnica 72. ISSN: 0325-2132. El cultivo de girasol en la región semiárida pampeana. Editores: Quiroga, Alberto; Pérez Fernández, J.",2008,Journals,Journals,,,"“caracterización tecnológica y productiva del cultivo de girasol para la provincia de la pampa”. belmonte, m. l.; fernández, m. d.; bellini saibene, y.; lorda, h. o.; schaab, l. r.; y fernández, j. c. junio 2008. capítulo 2 de la publicación técnica 72. issn: 0325-2132. el cultivo de girasol en la región semiárida pampeana. editores: quiroga, alberto; pérez fernández, j."
"AgroSys N° 11. Boletín Informativo Grupo de Sistemas-Información y Comunicación de la EEA Anguil. Bellini Saibene, Y. Lucchetti, P.A, Ferreyra C.A. Caldera, JC, Ramos, L., Fernandez, MD, Schaab, L, Etchart, F. Garro, RJA. Febrero 2008",2008,Newsletter,Popular science articles,,,"agrosys n° 11. boletín informativo grupo de sistemas-información y comunicación de la eea anguil. bellini saibene, y. lucchetti, p.a, ferreyra c.a. caldera, jc, ramos, l., fernandez, md, schaab, l, etchart, f. garro, rja. febrero 2008"
"AgroSys N° 12. Boletín Informativo Grupo de Sistemas-Información y Comunicación de la EEA Anguil. Bellini Saibene, Y. Lucchetti, P.A, Ferreyra C.A. Caldera, JC, Ramos, L., Fernandez, MD, Schaab, L, Etchart, F. Garro, RJA. Marzo 2008",2008,Newsletter,Popular science articles,,,"agrosys n° 12. boletín informativo grupo de sistemas-información y comunicación de la eea anguil. bellini saibene, y. lucchetti, p.a, ferreyra c.a. caldera, jc, ramos, l., fernandez, md, schaab, l, etchart, f. garro, rja. marzo 2008"
"AgroSys N° 13. Boletín Informativo Grupo de Sistemas-Información y Comunicación de la EEA Anguil. Bellini Saibene, Y. Lucchetti, P.A, Ferreyra C.A. Caldera, JC, Ramos, L., Fernandez, MD, Schaab, L, Etchart, F. Garro, RJA. Abril 2008.",2008,Newsletter,Popular science articles,,,"agrosys n° 13. boletín informativo grupo de sistemas-información y comunicación de la eea anguil. bellini saibene, y. lucchetti, p.a, ferreyra c.a. caldera, jc, ramos, l., fernandez, md, schaab, l, etchart, f. garro, rja. abril 2008."
"AgroSys N° 14. Boletín Informativo Grupo de Sistemas-Información y Comunicación de la EEA Anguil. Bellini Saibene, Y. Lucchetti, P.A, Ferreyra C.A. Caldera, JC, Ramos, L., Fernandez, MD, Schaab, L, Etchart, F. Garro, RJA. Mayo 2008",2008,Newsletter,Popular science articles,,,"agrosys n° 14. boletín informativo grupo de sistemas-información y comunicación de la eea anguil. bellini saibene, y. lucchetti, p.a, ferreyra c.a. caldera, jc, ramos, l., fernandez, md, schaab, l, etchart, f. garro, rja. mayo 2008"
"AgroSys N° 15. Boletín Informativo Grupo de Sistemas-Información y Comunicación de la EEA Anguil. Bellini Saibene, Y. Lucchetti, P.A, Ferreyra C.A. Caldera, JC, Ramos, L., Fernandez, MD, Schaab, L, Etchart, F. Garro, RJA. Abril 2017.",2008,Newsletter,Popular science articles,,,"agrosys n° 15. boletín informativo grupo de sistemas-información y comunicación de la eea anguil. bellini saibene, y. lucchetti, p.a, ferreyra c.a. caldera, jc, ramos, l., fernandez, md, schaab, l, etchart, f. garro, rja. abril 2017."
"AgroSys N° 16. Boletín Informativo Grupo de Sistemas-Información y Comunicación de la EEA Anguil. Bellini Saibene, Y. Lucchetti, P.A, Ferreyra C.A. Caldera, JC, Ramos, L., Fernandez, MD, Schaab, L, Etchart, F. Garro, RJA. Junio 2008",2008,Newsletter,Popular science articles,,,"agrosys n° 16. boletín informativo grupo de sistemas-información y comunicación de la eea anguil. bellini saibene, y. lucchetti, p.a, ferreyra c.a. caldera, jc, ramos, l., fernandez, md, schaab, l, etchart, f. garro, rja. junio 2008"
"AgroSys N° 17. Boletín Informativo Grupo de Sistemas-Información y Comunicación de la EEA Anguil. Bellini Saibene, Y. Lucchetti, P.A, Ferreyra C.A. Caldera, JC, Ramos, L., Fernandez, MD, Schaab, L, Etchart, F. Garro, RJA. Septiembre 2008",2008,Newsletter,Popular science articles,,,"agrosys n° 17. boletín informativo grupo de sistemas-información y comunicación de la eea anguil. bellini saibene, y. lucchetti, p.a, ferreyra c.a. caldera, jc, ramos, l., fernandez, md, schaab, l, etchart, f. garro, rja. septiembre 2008"
"Aplicación de la Metodología Q para la Evaluación de Proyectos de Intervención. Experiencias Centro Regional La Pampa-San Luis. R. Bonelli, Bertella, E., Benitez, R., Albarracin, M., Aurand, S., Frasier I ,Fontana, L.,. Iacovino R., Kent F., Bellini Y., Galli M., Benitez N., Colazo R., Reichert H., Bonatti R., Frigerio K., Churín N., Pereira M., Montiel E., Echeverría, J., Torrado, J. XIV Jornadas Nacionales de Extensión Rural y VI del MERCOSUR. San Miguel de Tucumán, 8 al 10 de octubre de 2008.",2008,"En Congresos, Seminarios, Simposios y Jornadas Nacionales",National Conferences,,,"aplicación de la metodología q para la evaluación de proyectos de intervención. experiencias centro regional la pampa-san luis. r. bonelli, bertella, e., benitez, r., albarracin, m., aurand, s., frasier i ,fontana, l.,. iacovino r., kent f., bellini y., galli m., benitez n., colazo r., reichert h., bonatti r., frigerio k., churín n., pereira m., montiel e., echeverría, j., torrado, j. xiv jornadas nacionales de extensión rural y vi del mercosur. san miguel de tucumán, 8 al 10 de octubre de 2008."
"Boletín Enlaces N° 13. Newsletter informativo Proyecto Estructurante del SICyC. Bellini Saibene, Y. Zubillaja, J., Franco, L., Lucchetti, P., Godoy, S., Chavero, A., Cáceres, A, Nani, L. Febrero 2008",2008,Newsletter,Popular science articles,,,"boletín enlaces n° 13. newsletter informativo proyecto estructurante del sicyc. bellini saibene, y. zubillaja, j., franco, l., lucchetti, p., godoy, s., chavero, a., cáceres, a, nani, l. febrero 2008"
"Boletín Enlaces N° 14. Newsletter informativo Proyecto Estructurante del SICyC. Bellini Saibene, Y. Zubillaja, J., Franco, L., Lucchetti, P., Godoy, S., Chavero, A., Cáceres, A, Nani, L. Marzo 208",2008,Newsletter,Popular science articles,,,"boletín enlaces n° 14. newsletter informativo proyecto estructurante del sicyc. bellini saibene, y. zubillaja, j., franco, l., lucchetti, p., godoy, s., chavero, a., cáceres, a, nani, l. marzo 208"
"Boletín Enlaces N° 15. Newsletter informativo Proyecto Estructurante del SICyC. Bellini Saibene, Y. Zubillaja, J., Franco, L., Lucchetti, P., Godoy, S., Chavero, A., Cáceres, A, Nani, L. Abril 2008",2008,Newsletter,Popular science articles,,,"boletín enlaces n° 15. newsletter informativo proyecto estructurante del sicyc. bellini saibene, y. zubillaja, j., franco, l., lucchetti, p., godoy, s., chavero, a., cáceres, a, nani, l. abril 2008"
Boletín RIAN La Pampa - San Luis - Agosto 2008- Nro 53,2008,Newsletter,Popular science articles,https://inta.gob.ar/documentos/boletin-rian-la-pampa-san-luis-agosto-2008-53,,boletín rian la pampa - san luis - agosto 2008- nro 53
Boletín RIAN La Pampa - San Luis - Diciembre 2007 - Enero 2008- Nro 46,2008,Newsletter,Popular science articles,https://inta.gob.ar/documentos/boletin-rian-la-pampa-san-luis-diciembre-2007-enero-2008-nro-46,,boletín rian la pampa - san luis - diciembre 2007 - enero 2008- nro 46
Boletín RIAN La Pampa - San Luis - Enero 2008- Nro 45,2008,Newsletter,Popular science articles,https://inta.gob.ar/documentos/boletin-rian-la-pampa-san-luis-enero-2008-45,,boletín rian la pampa - san luis - enero 2008- nro 45
Boletín RIAN La Pampa - San Luis - Junio-Julio 2008- Nro 50,2008,Newsletter,Popular science articles,https://inta.gob.ar/documentos/boletin-rian-la-pampa-san-luis-junio-julio-2008-50,,boletín rian la pampa - san luis - junio-julio 2008- nro 50
Boletín RIAN La Pampa - San Luis - Marzo-Abril 2008- Nro 48,2008,Newsletter,Popular science articles,https://inta.gob.ar/documentos/boletin-rian-la-pampa-san-luis-marzo-abril-2008-48,,boletín rian la pampa - san luis - marzo-abril 2008- nro 48
Boletín RIAN La Pampa - San Luis - Mayo 2008- Nro 49,2008,Newsletter,Popular science articles,https://inta.gob.ar/documentos/boletin-rian-la-pampa-san-luis-mayo-2008-49,,boletín rian la pampa - san luis - mayo 2008- nro 49
Boletín RIAN La Pampa - San Luis - Noviembre 2008- Nro 58,2008,Newsletter,Popular science articles,https://inta.gob.ar/documentos/boletin-rian-la-pampa-san-luis-noviembre-2008-nro-58,,boletín rian la pampa - san luis - noviembre 2008- nro 58
Boletín RIAN La Pampa - San Luis - Octubre 2008 - Nro 56,2008,Newsletter,Popular science articles,https://inta.gob.ar/documentos/boletin-rian-la-pampa-san-luis-Octubre-2008-56,,boletín rian la pampa - san luis - octubre 2008 - nro 56
Boletín RIAN La Pampa - San Luis - Septiembre - Octubre 2008- Nro 57,2008,Newsletter,Popular science articles,https://inta.gob.ar/documentos/boletin-rian-la-pampa-san-luis-septiembre-octubre-2008-57,,boletín rian la pampa - san luis - septiembre - octubre 2008- nro 57
Boletín RIAN La Pampa - San Luis - Septiembre 2008 - Nro 51,2008,Newsletter,Popular science articles,https://inta.gob.ar/documentos/boletin-rian-la-pampa-san-luis-Septiembre-2008-51,,boletín rian la pampa - san luis - septiembre 2008 - nro 51
Boletín RIAN La Pampa - San Luis - Septiembre 2008 - Nro 52,2008,Newsletter,Popular science articles,https://inta.gob.ar/documentos/boletin-rian-la-pampa-san-luis-Septiembre-2008-52,,boletín rian la pampa - san luis - septiembre 2008 - nro 52
Boletín RIAN La Pampa - San Luis - Septiembre 2008 - Nro 54,2008,Newsletter,Popular science articles,https://inta.gob.ar/documentos/boletin-rian-la-pampa-san-luis-Septiembre-2008-54,,boletín rian la pampa - san luis - septiembre 2008 - nro 54
Boletín RIAN La Pampa - San Luis - Septiembre 2008 - Nro 55,2008,Newsletter,Popular science articles,https://inta.gob.ar/documentos/boletin-rian-la-pampa-san-luis-Septiembre-2008-55,,boletín rian la pampa - san luis - septiembre 2008 - nro 55
"Catálogo de datos Geoespaciales del Instituto Nacional de Tecnología Agropecuaria. Ramos, L.; Mercuri, P.; Bellini Saibene, Y.; Pizarro, M. J. Anales de la 37 JAIIO – JII – AgroInformática – Cadenas de abastecimiento. 8 a 12 de Octubre de 2008. ISSN: 1850-2849.",2008,"En Congresos, Seminarios, Simposios y Jornadas Nacionales",National Conferences,https://inta.gob.ar/documentos/catalogo-de-datos-geoespaciales-del-instituto-nacional-de-tecnologia-agropecuaria,,"catálogo de datos geoespaciales del instituto nacional de tecnología agropecuaria. ramos, l.; mercuri, p.; bellini saibene, y.; pizarro, m. j. anales de la 37 jaiio – jii – agroinformática – cadenas de abastecimiento. 8 a 12 de octubre de 2008. issn: 1850-2849."
"Desarrollo de un Sistema de Gestión Apícola. Bellini Saibene, Yanina; Caldera, Juan Marcelo; Balbarrey, Germán; Lucchetti, Pablo; Caldentey, Laura; Ferreyra, Carlos; Garro, Ricardo. Anales de la 37 JAIIO – JII – AgroInformática – Cadenas de abastecimiento. 8 a 12 de Octubre de 2008. ISSN: 1850-2849.",2008,"En Congresos, Seminarios, Simposios y Jornadas Nacionales",National Conferences,https://inta.gob.ar/node/361,,"desarrollo de un sistema de gestión apícola. bellini saibene, yanina; caldera, juan marcelo; balbarrey, germán; lucchetti, pablo; caldentey, laura; ferreyra, carlos; garro, ricardo. anales de la 37 jaiio – jii – agroinformática – cadenas de abastecimiento. 8 a 12 de octubre de 2008. issn: 1850-2849."
"Descripción de las zonas y subzonas agroecológicas RIAP. Área de Influencia de la EEA Anguil. Lorda, H.; Roberto Z.; Bellini Saibene, Y.; Sipowicz, A.; Belmonte M.L. Boletín de Divulgación Técnica Nº 96. ISSN: 0325-2167. Octubre 2008 - Ediciones INTA",2008,Journals,Journals,https://inta.gob.ar/documentos/descripcion-de-las-zonas-y-subzonas-agroecologicas-riap-area-de-influencia-de-la-eea-anguil,,"descripción de las zonas y subzonas agroecológicas riap. área de influencia de la eea anguil. lorda, h.; roberto z.; bellini saibene, y.; sipowicz, a.; belmonte m.l. boletín de divulgación técnica nº 96. issn: 0325-2167. octubre 2008 - ediciones inta"
"Hacia una Biblioteca Digital Agropecuaria. Fernandez, D; Bellini Saibene, Y.; Ferreyra, C; Ayala, A; Caldera, J. Anales de la 37 JAIIO – JII – AgroInformática – Cadenas de abastecimiento. 8 a 12 de Octubre de 2008. ISSN: 1850-2849.",2008,"En Congresos, Seminarios, Simposios y Jornadas Nacionales",National Conferences,https://inta.gob.ar/documentos/hacia-una-biblioteca-digital-agropecuaria,,"hacia una biblioteca digital agropecuaria. fernandez, d; bellini saibene, y.; ferreyra, c; ayala, a; caldera, j. anales de la 37 jaiio – jii – agroinformática – cadenas de abastecimiento. 8 a 12 de octubre de 2008. issn: 1850-2849."
"Red de Estaciones Meterológicas Automáticas de la Estación Experimental Agropecuaria Anguil, La Pampa. Bellini Saibene, Y.; Fernandez, D.; Casagrande G.; Lucchetti, P. Anales de la 37 JAIIO – JII – AgroInformática – Cadenas de abastecimiento. 8 a 12 de Octubre de 2008. ISSN: 1850-2849.",2008,"En Congresos, Seminarios, Simposios y Jornadas Nacionales",National Conferences,https://inta.gob.ar/documentos/red-de-estaciones-meterologicas-automaticas-de-la-estacion-experimental-agropecuaria-anguil-la-pampa,,"red de estaciones meterológicas automáticas de la estación experimental agropecuaria anguil, la pampa. bellini saibene, y.; fernandez, d.; casagrande g.; lucchetti, p. anales de la 37 jaiio – jii – agroinformática – cadenas de abastecimiento. 8 a 12 de octubre de 2008. issn: 1850-2849."
"Red Termopluviométrica de la Red de Información Agropecuaria Pampeana. Bellini Saibene, Y.; Schaab, L.; Ramos, L.; Fernandez, D.; Casagrande, G.; Lucchetti, P; Lemes, D. Anales de la 37 JAIIO – JII – AgroInformática – Cadenas de abastecimiento. 8 a 12 de Octubre de 2008. ISSN: 1850-2849.",2008,"En Congresos, Seminarios, Simposios y Jornadas Nacionales",National Conferences,https://inta.gob.ar/documentos/red-termopluviometrica-de-la-red-de-informacion-agropecuaria-pampeana-0,,"red termopluviométrica de la red de información agropecuaria pampeana. bellini saibene, y.; schaab, l.; ramos, l.; fernandez, d.; casagrande, g.; lucchetti, p; lemes, d. anales de la 37 jaiio – jii – agroinformática – cadenas de abastecimiento. 8 a 12 de octubre de 2008. issn: 1850-2849."
"Relevamiento de malezas en cultivos de girasol de la provincia de La Pampa y zonas limítrofes. Montoya, J.C.; Berhongaray, G.; Pérez, A.; Títolo, D.; Troiani, H.; Roberto, Z.; Ramos, L.; Bellini Saibene. Boletín de Divulgación Técnica Nº 93. ISSN: 0325-2167. Noviembre 2008- Ediciones INTA.",2008,Journals,Journals,https://inta.gob.ar/documentos/relevamiento-de-malezas-en-cultivos-de-girasol-de-la-provincia-de-la-pampa-y-zonas-limitrofes,,"relevamiento de malezas en cultivos de girasol de la provincia de la pampa y zonas limítrofes. montoya, j.c.; berhongaray, g.; pérez, a.; títolo, d.; troiani, h.; roberto, z.; ramos, l.; bellini saibene. boletín de divulgación técnica nº 93. issn: 0325-2167. noviembre 2008- ediciones inta."
"Sistema de Información “Informe Agronómico Mensual. Bellini Saibene, Y.; Schaab, L.; Ramos, L.; Fernandez, D.; Caldera, J.; Lucchetti, P; Lorda, H; Lemes, D. Anales de la 37 JAIIO – JII – AgroInformática – Cadenas de abastecimiento. 8 a 12 de Octubre de 2008. ISSN: 1850-2849.",2008,"En Congresos, Seminarios, Simposios y Jornadas Nacionales",National Conferences,https://inta.gob.ar/documentos/sistema-de-informacion-informe-agronomico-mensual,,"sistema de información “informe agronómico mensual. bellini saibene, y.; schaab, l.; ramos, l.; fernandez, d.; caldera, j.; lucchetti, p; lorda, h; lemes, d. anales de la 37 jaiio – jii – agroinformática – cadenas de abastecimiento. 8 a 12 de octubre de 2008. issn: 1850-2849."
"Un Sistema de Información para el Inventario de Malezas en Girasol en la Provincia de La Pampa. Bellini Saibene, Y.; Ramos, L.; Montoya, J.C; Roberto, Z.; Titolo, D.; Berhongaray, G; Perez, A. Anales de la 37 JAIIO – JII – AgroInformática – Cadenas de abastecimiento. 8 a 12 de Octubre de 2008. ISSN: 1850-2849.",2008,"En Congresos, Seminarios, Simposios y Jornadas Nacionales",National Conferences,https://inta.gob.ar/node/1304,,"un sistema de información para el inventario de malezas en girasol en la provincia de la pampa. bellini saibene, y.; ramos, l.; montoya, j.c; roberto, z.; titolo, d.; berhongaray, g; perez, a. anales de la 37 jaiio – jii – agroinformática – cadenas de abastecimiento. 8 a 12 de octubre de 2008. issn: 1850-2849."
"“Sistema móvil para carga de datos del informe agronómico mensual del RIAN.” Herrera Germán, Escobar Guillermo, Schaab Lucas, Ramos Lucas, Bellini Saibene Yanina. Anales del Congreso Argentino de AgroInformática 2009. ISSN: 1852-4850. Editor: SADIO. 24 y 25 de Agosto de 2009. Mar del Plata.",2009,"En Congresos, Seminarios, Simposios y Jornadas Nacionales",National Conferences,https://inta.gob.ar/documentos/sistema-movil-para-carga-de-datos-del-informe-agronomico-mensual-del-rian,,"“sistema móvil para carga de datos del informe agronómico mensual del rian.” herrera germán, escobar guillermo, schaab lucas, ramos lucas, bellini saibene yanina. anales del congreso argentino de agroinformática 2009. issn: 1852-4850. editor: sadio. 24 y 25 de agosto de 2009. mar del plata."
"Alarmas Agropecuarias a Teléfonos Celulares. Bellini Saibene, Yanina; Suarez, Armando; Schaab, Lucas; Figueruelo Andrea. Anales del Congreso Argentino de AgroInformática 2009. ISSN: 1852-4850. 24 y 25 de Agosto de 2009. Mar del Plata.",2009,"En Congresos, Seminarios, Simposios y Jornadas Nacionales",National Conferences,,,"alarmas agropecuarias a teléfonos celulares. bellini saibene, yanina; suarez, armando; schaab, lucas; figueruelo andrea. anales del congreso argentino de agroinformática 2009. issn: 1852-4850. 24 y 25 de agosto de 2009. mar del plata."
Algodón. Manual de Campo,2009,Colaboración,Book Chapters,https://inta.gob.ar/documentos/algodon-manual-de-campo,,algodón. manual de campo
Boletín RIAN La Pampa - San Luis - Abril 2009- Nro 64,2009,Newsletter,Popular science articles,https://inta.gob.ar/documentos/boletin-rian-la-pampa-san-luis-abril-2009-64,,boletín rian la pampa - san luis - abril 2009- nro 64
Boletín RIAN La Pampa - San Luis - Agosto 2009- Nro 67,2009,Newsletter,Popular science articles,https://inta.gob.ar/documentos/boletin-rian-la-pampa-san-luis-agosto-2009-67,,boletín rian la pampa - san luis - agosto 2009- nro 67
Boletín RIAN La Pampa - San Luis - Agosto-Septiembre 2009- Nro 69,2009,Newsletter,Popular science articles,https://inta.gob.ar/documentos/boletin-rian-la-pampa-san-luis-agosto-septiembre-2009-nro-69,,boletín rian la pampa - san luis - agosto-septiembre 2009- nro 69
Boletín RIAN La Pampa - San Luis - Diciembre 2008- Nro 59,2009,Newsletter,Popular science articles,https://inta.gob.ar/documentos/boletin-rian-la-pampa-san-luis-diciembre-2008-nro-59,,boletín rian la pampa - san luis - diciembre 2008- nro 59
Boletín RIAN La Pampa - San Luis - Enero-Febrero 2009- Nro 60,2009,Newsletter,Popular science articles,https://inta.gob.ar/documentos/boletin-rian-la-pampa-san-luis-enero-febrero-2009-nro-60,,boletín rian la pampa - san luis - enero-febrero 2009- nro 60
Boletín RIAN La Pampa - San Luis - Febrero 2009- Nro 61,2009,Newsletter,Popular science articles,https://inta.gob.ar/documentos/boletin-rian-la-pampa-san-luis-febrero-2009-nro-61,,boletín rian la pampa - san luis - febrero 2009- nro 61
Boletín RIAN La Pampa - San Luis - Julio 2009- Nro 66,2009,Newsletter,Popular science articles,https://inta.gob.ar/documentos/boletin-rian-la-pampa-san-luis-julio-2009-66,,boletín rian la pampa - san luis - julio 2009- nro 66
Boletín RIAN La Pampa - San Luis - Julio-Agosto 2009- Nro 68,2009,Newsletter,Popular science articles,https://inta.gob.ar/documentos/copy_of_boletin-rian-la-pampa-san-luis-julio-agosto-2009-68,,boletín rian la pampa - san luis - julio-agosto 2009- nro 68
Boletín RIAN La Pampa - San Luis - Junio-Julio 2009- Nro 65,2009,Newsletter,Popular science articles,https://inta.gob.ar/documentos/boletin-rian-la-pampa-san-luis-junio-julio-2009-65,,boletín rian la pampa - san luis - junio-julio 2009- nro 65
Boletín RIAN La Pampa - San Luis - Marzo 2009- Nro 62,2009,Newsletter,Popular science articles,https://inta.gob.ar/documentos/boletin-rian-la-pampa-san-luis-marzo-2009-nro-62,,boletín rian la pampa - san luis - marzo 2009- nro 62
Boletín RIAN La Pampa - San Luis - Marzo 2009- Nro 63,2009,Newsletter,Popular science articles,https://inta.gob.ar/documentos/boletin-rian-la-pampa-san-luis-marzo-2009-nro-63,,boletín rian la pampa - san luis - marzo 2009- nro 63
Boletín RIAN La Pampa - San Luis - Noviembre 2009- Nro 72,2009,Newsletter,Popular science articles,https://inta.gob.ar/documentos/boletin-rian-la-pampa-san-luis-noviembre-2009-72,,boletín rian la pampa - san luis - noviembre 2009- nro 72
Boletín RIAN La Pampa - San Luis - Octubre 2009- Nro 71,2009,Newsletter,Popular science articles,https://inta.gob.ar/documentos/boletin-rian-la-pampa-san-luis-octubre-2009-71,,boletín rian la pampa - san luis - octubre 2009- nro 71
Boletín RIAN La Pampa - San Luis - Septiembre 2009- Nro 70,2009,Newsletter,Popular science articles,https://inta.gob.ar/documentos/boletin-rian-la-pampa-san-luis-septiembre-2009-70,,boletín rian la pampa - san luis - septiembre 2009- nro 70
"Profesionales venezolanos en Anguil. En Nuevo ABC Rural. Septiembre 2009. Nº13. Año VIII, Nº 97. Pág. 58. Belmonte, ML, Bellini, Y",2009,Popular science articles,Popular science articles,,,"profesionales venezolanos en anguil. en nuevo abc rural. septiembre 2009. nº13. año viii, nº 97. pág. 58. belmonte, ml, bellini, y"
"Se mejoran los controles de las plagas. Ing. Agr. Armando Suarez, Ing. Agr. Andrea Figuerelo, Lic. Yanina Bellini Saibene. Horizonte Agropecuario Nº 81. Marzo 2009. ISSN: 0327-3180.",2009,Popular science articles,Popular science articles,,,"se mejoran los controles de las plagas. ing. agr. armando suarez, ing. agr. andrea figuerelo, lic. yanina bellini saibene. horizonte agropecuario nº 81. marzo 2009. issn: 0327-3180."
"Segunda Capacitación Internacional de la RIAN. Lic. Yanina Bellini Saibene, Ings. Agrs. Laura Belmonte, Héctor Lorda. Horizonte Agropecuario Nº 83. Septiembre 2009. ISSN: 0327-3180.",2009,Popular science articles,Popular science articles,,,"segunda capacitación internacional de la rian. lic. yanina bellini saibene, ings. agrs. laura belmonte, héctor lorda. horizonte agropecuario nº 83. septiembre 2009. issn: 0327-3180."
"Alarmas Agropecuarias a Teléfonos Celulares. Bellini Saibene Yanina, Suarez Armando, Schaab Lucas, Figueruelo Andrea. 4to Simposio de Informática en el Estado. ISSN: 1851-2526. 30 de Agosto al 3 de Septiembre de 2010.",2010,"En Congresos, Seminarios, Simposios y Jornadas Nacionales",National Conferences,https://inta.gob.ar/documentos/alarmas-agropecuarias-a-telefonos-celulares,,"alarmas agropecuarias a teléfonos celulares. bellini saibene yanina, suarez armando, schaab lucas, figueruelo andrea. 4to simposio de informática en el estado. issn: 1851-2526. 30 de agosto al 3 de septiembre de 2010."
Boletín RIAN La Pampa - San Luis - Agosto 2010- Nro 78,2010,Newsletter,Popular science articles,https://inta.gob.ar/documentos/boletin-rian-la-pampa-san-luis-agosto-2010-78,,boletín rian la pampa - san luis - agosto 2010- nro 78
Boletín RIAN La Pampa - San Luis - Agosto 2010- Nro 79,2010,Newsletter,Popular science articles,https://inta.gob.ar/documentos/boletin-rian-la-pampa-san-luis-agosto-2010-79,,boletín rian la pampa - san luis - agosto 2010- nro 79
Boletín RIAN La Pampa - San Luis - Diciembre 2009- Nro 73,2010,Newsletter,Popular science articles,https://inta.gob.ar/documentos/boletin-rian-la-pampa-san-luis-diciembre-2009-73,,boletín rian la pampa - san luis - diciembre 2009- nro 73
Boletín RIAN La Pampa - San Luis - Enero 2010- Nro 74,2010,Newsletter,Popular science articles,https://inta.gob.ar/documentos/boletin-rian-la-pampa-san-luis-enero-2010-74,,boletín rian la pampa - san luis - enero 2010- nro 74
Boletín RIAN La Pampa - San Luis - Febrero 2010- Nro 75,2010,Newsletter,Popular science articles,https://inta.gob.ar/documentos/boletin-rian-la-pampa-san-luis-febrero-2010-75,,boletín rian la pampa - san luis - febrero 2010- nro 75
Boletín RIAN La Pampa - San Luis - Junio-Julio 2010- Nro 77,2010,Newsletter,Popular science articles,https://inta.gob.ar/documentos/boletin-rian-la-pampa-san-luis-junio-julio-2010-77,,boletín rian la pampa - san luis - junio-julio 2010- nro 77
Boletín RIAN La Pampa - San Luis - Mayo-Junio 2010- Nro 76,2010,Newsletter,Popular science articles,https://inta.gob.ar/documentos/boletin-rian-la-pampa-san-luis-mayo-junio-2010-76,,boletín rian la pampa - san luis - mayo-junio 2010- nro 76
Boletín RIAN La Pampa - San Luis - Noviembre-Diciembre 2010- Nro 82,2010,Newsletter,Popular science articles,https://inta.gob.ar/documentos/boletin-rian-la-pampa-san-luis-noviembre-diciembre-2010-nro-82,,boletín rian la pampa - san luis - noviembre-diciembre 2010- nro 82
Boletín RIAN La Pampa - San Luis - Octubre 2010- Nro 81,2010,Newsletter,Popular science articles,https://inta.gob.ar/documentos/boletin-rian-la-pampa-san-luis-octubre-2010-nro-81,,boletín rian la pampa - san luis - octubre 2010- nro 81
Boletín RIAN La Pampa - San Luis - Septiembre 2010- Nro 80,2010,Newsletter,Popular science articles,https://inta.gob.ar/documentos/copy_of_boletin-rian-la-pampa-san-luis-septiembre-2010-80,,boletín rian la pampa - san luis - septiembre 2010- nro 80
"Caracterización tecnológica y productiva de trigo para La Pampa y San Luis. Belmonte, ML, Fuentes, ME, Bellini,Y. Horizonte Agropecuario Nº 85. Abril 2010. ISSN: 0327-3180. Ediciones INTA.",2010,Popular science articles,Popular science articles,,,"caracterización tecnológica y productiva de trigo para la pampa y san luis. belmonte, ml, fuentes, me, bellini,y. horizonte agropecuario nº 85. abril 2010. issn: 0327-3180. ediciones inta."
"Información para la gestión del sistema de transferencia y extensión del INTA. Bellini Saibene, Yanina; Malvido, Agustina; Caldera, Juan. 4to Simposio de Informática en el Estado (SIE). ISSN: 1851-2526. 30 de Agosto al 3 de Septiembre de 2010.",2010,"En Congresos, Seminarios, Simposios y Jornadas Nacionales",National Conferences,,,"información para la gestión del sistema de transferencia y extensión del inta. bellini saibene, yanina; malvido, agustina; caldera, juan. 4to simposio de informática en el estado (sie). issn: 1851-2526. 30 de agosto al 3 de septiembre de 2010."
Radar meteorológico en la EEA Anguil,2010,Articulo de Divulgación,Popular science articles,https://inta.gob.ar/documentos/radar-meteorologico-en-la-eea-anguil,,radar meteorológico en la eea anguil
"RADAR Meteorológico en la EEA Anguil. Lic. Yanina Bellini Saibene, Ing. Agr. Guillermo Casagrande. Horizonte Agropecuario Nº 85. Abril 2010. ISSN: 0327-3180. Ediciones INTA.",2010,Popular science articles,Popular science articles,,,"radar meteorológico en la eea anguil. lic. yanina bellini saibene, ing. agr. guillermo casagrande. horizonte agropecuario nº 85. abril 2010. issn: 0327-3180. ediciones inta."
"Sistema de Información “Informe de Estado Hídrico de Suelos”. Bellini Saibene, Y.; Schaab, L.; Ramos, L.; Fuentes M.; Belmonte L. Segundo Congreso Argentino de Agro informática. ISSN: 1852-4850. Editor: SADIO. 30 de Agosto al 3 de Septiembre de 2010.",2010,"En Congresos, Seminarios, Simposios y Jornadas Nacionales",National Conferences,,,"sistema de información “informe de estado hídrico de suelos”. bellini saibene, y.; schaab, l.; ramos, l.; fuentes m.; belmonte l. segundo congreso argentino de agro informática. issn: 1852-4850. editor: sadio. 30 de agosto al 3 de septiembre de 2010."
Anuario RIAN-RIAP 2005-2006. Bellini Saibene Yanina; Schaab Lucas; Lucas Ramos; Belmonte Laura; Fuentes María Elena. Boletín de Divulgación Técnica Nº 101. Febrero 2011. ISSN 0325-2167. Ediciones INTA.,2011,Journals,Journals,,,anuario rian-riap 2005-2006. bellini saibene yanina; schaab lucas; lucas ramos; belmonte laura; fuentes maría elena. boletín de divulgación técnica nº 101. febrero 2011. issn 0325-2167. ediciones inta.
Anuario RIAN-RIAP 2006-2007. Bellini Saibene Yanina; Schaab Lucas; Lucas Ramos; Belmonte Laura; Fuentes María Elena. Boletín de Divulgación Técnica Nº 102. Febrero 2011. ISSN 0325-2167. Ediciones INTA.,2011,Journals,Journals,https://inta.gob.ar/documentos/anuario-rian-riap-2006-2007,,anuario rian-riap 2006-2007. bellini saibene yanina; schaab lucas; lucas ramos; belmonte laura; fuentes maría elena. boletín de divulgación técnica nº 102. febrero 2011. issn 0325-2167. ediciones inta.
Anuario RIAN-RIAP 2007-2008. Bellini Saibene Yanina; Schaab Lucas; Lucas Ramos; Belmonte Laura; Fuentes María Elena. Boletín de Divulgación Técnica Nº 103. Marzo 2011. ISSN 0325-2167. Ediciones INTA.,2011,Journals,Journals,https://inta.gob.ar/documentos/sistema-multimedial-anuario-rian-2007-2008,,anuario rian-riap 2007-2008. bellini saibene yanina; schaab lucas; lucas ramos; belmonte laura; fuentes maría elena. boletín de divulgación técnica nº 103. marzo 2011. issn 0325-2167. ediciones inta.
Anuario RIAN-RIAP 2008-2009. Bellini Saibene Yanina; Schaab Lucas; Lucas Ramos; Belmonte Laura; Fuentes María Elena. Boletín de Divulgación Técnica Nº 104. Junio 2011. ISSN 0325-2167. Ediciones INTA.,2011,Journals,Journals,https://inta.gob.ar/documentos/anuario-rian-riap-2008-2009,,anuario rian-riap 2008-2009. bellini saibene yanina; schaab lucas; lucas ramos; belmonte laura; fuentes maría elena. boletín de divulgación técnica nº 104. junio 2011. issn 0325-2167. ediciones inta.
Anuario RIAN-RIAP 2009-2010. Bellini Saibene Yanina; Schaab Lucas; Lucas Ramos; Belmonte Laura; Fuentes María Elena. Boletín de Divulgación Técnica Nº 105. Octubre 2011. ISSN 0325-2167. Ediciones INTA.,2011,Journals,Journals,https://inta.gob.ar/documentos/anuario-rian-riap-2009-2010,,anuario rian-riap 2009-2010. bellini saibene yanina; schaab lucas; lucas ramos; belmonte laura; fuentes maría elena. boletín de divulgación técnica nº 105. octubre 2011. issn 0325-2167. ediciones inta.
Boletín RIAN La Pampa - San Luis - Agosto 2011- Nro 86,2011,Newsletter,Popular science articles,https://inta.gob.ar/documentos/boletin-rian-la-pampa-san-luis-agosto-2011-nro-86,,boletín rian la pampa - san luis - agosto 2011- nro 86
Boletín RIAN La Pampa - San Luis - Diciembre 2010-Enero 2011- Nro 83,2011,Newsletter,Popular science articles,https://inta.gob.ar/documentos/boletin-rian-la-pampa-san-luis-diciembre-2010-enero-2011-nro-83,,boletín rian la pampa - san luis - diciembre 2010-enero 2011- nro 83
Boletín RIAN La Pampa - San Luis - Julio 2011- Nro 85,2011,Newsletter,Popular science articles,https://inta.gob.ar/documentos/boletin-rian-la-pampa-san-luis-julio-2011-nro-85,,boletín rian la pampa - san luis - julio 2011- nro 85
Boletín RIAN La Pampa - San Luis - Junio 2011- Nro 84,2011,Newsletter,Popular science articles,https://inta.gob.ar/documentos/boletin-rian-la-pampa-san-luis-junio-2011-nro-84,,boletín rian la pampa - san luis - junio 2011- nro 84
Boletín RIAN La Pampa - San Luis - Noviembre 2011- Nro 89,2011,Newsletter,Popular science articles,https://inta.gob.ar/documentos/boletin-rian-la-pampa-san-luis-noviembre-2011-nro-89,,boletín rian la pampa - san luis - noviembre 2011- nro 89
Boletín RIAN La Pampa - San Luis - Octubre 2011- Nro 88,2011,Newsletter,Popular science articles,https://inta.gob.ar/documentos/boletin-rian-la-pampa-san-luis-octubre-2011-nro-88,,boletín rian la pampa - san luis - octubre 2011- nro 88
Boletín RIAN La Pampa - San Luis - Septiembre 2011- Nro 87,2011,Newsletter,Popular science articles,https://inta.gob.ar/documentos/boletin-rian-la-pampa-san-luis-septiembre-2011-nro-87,,boletín rian la pampa - san luis - septiembre 2011- nro 87
"Caracterización económica-productiva de los sistemas productivos preponderantes de la provincia de La Pampa, Argentina. Iturrioz Gabriela, Lorda Héctor, Bellini Saibene Yanina, Torrado Roberto, Taié Armando, Caldera Juan. III CONGRESO REGIONAL DE ECONOMIA AGRARIA. Valdivia, Chile. 9 al 11 de noviembre de 2011.",2011,"En Congresos, Seminarios, Simposios y Jornadas Internacionales",International Conferences,,,"caracterización económica-productiva de los sistemas productivos preponderantes de la provincia de la pampa, argentina. iturrioz gabriela, lorda héctor, bellini saibene yanina, torrado roberto, taié armando, caldera juan. iii congreso regional de economia agraria. valdivia, chile. 9 al 11 de noviembre de 2011."
Desarrollo de un sistema de gestión apícola,2011,Tesis,Book,https://inta.gob.ar/documentos/desarrollo-de-un-sistema-de-gestion-apicola,,desarrollo de un sistema de gestión apícola
"El uso de AgroTICs para generar las cartas agroclimáticas de la provincia de La Pampa. Bellini Saibene, Yanina; Ramos, Lucas; Casagrande, Guillermo; Vergara Graciela. Tercer Congreso Argentino de Agro informática. ISSN: 1852-4850. Editor: SADIO. 30 y 31 de Agosto de 2011.",2011,"En Congresos, Seminarios, Simposios y Jornadas Nacionales",National Conferences,https://inta.gob.ar/documentos/el-uso-de-agrotics-para-generar-las-cartas-agroclimaticas-de-la-provincia-de-la-pampa,,"el uso de agrotics para generar las cartas agroclimáticas de la provincia de la pampa. bellini saibene, yanina; ramos, lucas; casagrande, guillermo; vergara graciela. tercer congreso argentino de agro informática. issn: 1852-4850. editor: sadio. 30 y 31 de agosto de 2011."
"Manuales de campo de la RIAN para dispositivos móviles. Herrera, Germán; Escobar, Guillermo; Schaab, Lucas; Bellini Saibene, Yanina; Caldera, Juan; Ramos, Lucas. Tercer Congreso Argentino de Agro informática. ISSN: 1852-4850. Editor: SADIO. 30 y 31 de Agosto de 2011.",2011,"En Congresos, Seminarios, Simposios y Jornadas Nacionales",National Conferences,https://inta.gob.ar/documentos/manuales-de-campo-de-la-rian-para-dispositivos-moviles,,"manuales de campo de la rian para dispositivos móviles. herrera, germán; escobar, guillermo; schaab, lucas; bellini saibene, yanina; caldera, juan; ramos, lucas. tercer congreso argentino de agro informática. issn: 1852-4850. editor: sadio. 30 y 31 de agosto de 2011."
Metodología utilizada para el manejo de la información en AgroRADAR,2011,Articulo de Divulgación,Popular science articles,https://inta.gob.ar/documentos/metodologia-utilizada-para-el-manejo-de-la-informacion-en-agroradar,,metodología utilizada para el manejo de la información en agroradar
"Minería de datos: el que busca, encuentra. Bellini Saibene, Yanina. Horizonte Agropecuario Pampeano-Puntano. Julio 2011. ISSN 0327-3180. Ediciones INTA.",2011,Popular science articles,Popular science articles,,,"minería de datos: el que busca, encuentra. bellini saibene, yanina. horizonte agropecuario pampeano-puntano. julio 2011. issn 0327-3180. ediciones inta."
Trigo. Manual de campo,2011,Colaboración,Book Chapters,https://inta.gob.ar/documentos/trigo-manual-de-campo,,trigo. manual de campo
Yerba mate. Manual de campo,2011,Colaboración,Book Chapters,https://inta.gob.ar/documentos/yerba-mate-manual-de-campo,,yerba mate. manual de campo
Boletín RIAN La Pampa - San Luis - Agosto 2012- Nro 91,2012,Newsletter,Popular science articles,https://inta.gob.ar/documentos/boletin-rian-la-pampa-san-luis-septiembre-2012-nro-91,,boletín rian la pampa - san luis - agosto 2012- nro 91
Boletín RIAN La Pampa - San Luis - Diciembre 2012- Nro 94,2012,Newsletter,Popular science articles,https://inta.gob.ar/documentos/boletin-rian-la-pampa-san-luis-diciembre-2012-nro-94,,boletín rian la pampa - san luis - diciembre 2012- nro 94
Boletín RIAN La Pampa - San Luis - Junio 2012- Nro 90,2012,Newsletter,Popular science articles,https://inta.gob.ar/documentos/boletin-rian-la-pampa-san-luis-junio-2012-nro-90,,boletín rian la pampa - san luis - junio 2012- nro 90
Boletín RIAN La Pampa - San Luis - Octubre 2012- Nro 93,2012,Newsletter,Popular science articles,https://inta.gob.ar/documentos/boletin-rian-la-pampa-san-luis-octubre-2012-nro-93,,boletín rian la pampa - san luis - octubre 2012- nro 93
Boletín RIAN La Pampa - San Luis - Septiembre 2012- Nro 92,2012,Newsletter,Popular science articles,https://inta.gob.ar/documentos/boletin-rian-la-pampa-san-luis-septiembre-2012-nro-92,,boletín rian la pampa - san luis - septiembre 2012- nro 92
El Trigo en la Vidriera,2012,Articulo de Divulgación,Popular science articles,https://inta.gob.ar/documentos/el-trigo-en-la-vidriera,,el trigo en la vidriera
"Identificación de granizo con la utilización de variables polarimetricas de los radares de Paraná y Anguil, el radar de Pergamino y daño en cultivos. Romina Nahir Mezher, Santiago Banchero y Yanina Bellini. CongreMet XI. XI Congreso Argentino de Meteorología. 28 de Mayo al 1 de Junio de 2012. Mendoza, Argentina.",2012,"En Congresos, Seminarios, Simposios y Jornadas Nacionales",National Conferences,,,"identificación de granizo con la utilización de variables polarimetricas de los radares de paraná y anguil, el radar de pergamino y daño en cultivos. romina nahir mezher, santiago banchero y yanina bellini. congremet xi. xi congreso argentino de meteorología. 28 de mayo al 1 de junio de 2012. mendoza, argentina."
"Radar Meteorológico INTA. Bellini Yanina, Casagrande Guillermo. Revista 365. Pág. 18 y 19. Abril del 2012.",2012,Popular science articles,Popular science articles,,,"radar meteorológico inta. bellini yanina, casagrande guillermo. revista 365. pág. 18 y 19. abril del 2012."
Boletín RIAN La Pampa - San Luis - Enero 2013- Nro 95,2013,Newsletter,Popular science articles,https://inta.gob.ar/documentos/boletin-rian-la-pampa-san-luis-enero-2013-nro-95,,boletín rian la pampa - san luis - enero 2013- nro 95
Boletín RIAN La Pampa - San Luis - Febrero 2013- Nro 96,2013,Newsletter,Popular science articles,https://inta.gob.ar/documentos/boletin-rian-la-pampa-san-luis-febrero-2013-nro-96,,boletín rian la pampa - san luis - febrero 2013- nro 96
Boletín RIAN La Pampa - San Luis - Febrero 2013- Nro 97,2013,Newsletter,Popular science articles,https://inta.gob.ar/documentos/boletin-rian-la-pampa-san-luis-febrero-2013-nro-97,,boletín rian la pampa - san luis - febrero 2013- nro 97
Boletín RIAN La Pampa - San Luis - Julio 2013- Nro 98,2013,Newsletter,Popular science articles,https://inta.gob.ar/documentos/boletin-rian-la-pampa-san-luis-febrero-2013-nro-97,,boletín rian la pampa - san luis - julio 2013- nro 98
Boletín RIAN La Pampa - San Luis - Noviembre 2013- Nro 100,2013,Newsletter,Popular science articles,https://inta.gob.ar/documentos/boletin-rian-la-pampa-san-luis-noviembre-2013-nro-100,,boletín rian la pampa - san luis - noviembre 2013- nro 100
Boletín RIAN La Pampa - San Luis - Octubre-Noviembre 2013- Nro 99,2013,Newsletter,Popular science articles,https://inta.gob.ar/documentos/boletin-rian-la-pampa-san-luis-febrero-2013-nro-97,,boletín rian la pampa - san luis - octubre-noviembre 2013- nro 99
"Identificación de Sistemas Productivos Preponderantes en una zona de la provincia de La Pampa utilizando técnicas de DataMining. Bellini Saibene, Yanina; Iturrioz, Gabriela, Lorda, Héctor. Anales Congreso Argentino de AgroInformática 2013. ISSN: 1852-4850. Editor: SADIO. 16 al 20 de Septiembre de 2013, Córdoba.",2013,"En Congresos, Seminarios, Simposios y Jornadas Nacionales",National Conferences,https://inta.gob.ar/documentos/identificacion-de-sistemas-productivos-preponderantes-en-una-zona-de-la-provincia-de-la-pampa-utilizando-tecnicas-de-datamining,,"identificación de sistemas productivos preponderantes en una zona de la provincia de la pampa utilizando técnicas de datamining. bellini saibene, yanina; iturrioz, gabriela, lorda, héctor. anales congreso argentino de agroinformática 2013. issn: 1852-4850. editor: sadio. 16 al 20 de septiembre de 2013, córdoba."
Boletín RIAN La Pampa - San Luis - Enero 2014- Nro 101,2014,Newsletter,Popular science articles,https://inta.gob.ar/documentos/boletin-rian-la-pampa-san-luis-enero-2014-nro-101,,boletín rian la pampa - san luis - enero 2014- nro 101
Boletín RIAN La Pampa - San Luis - Febrero 2014- Nro 102,2014,Newsletter,Popular science articles,https://inta.gob.ar/documentos/boletin-rian-la-pampa-san-luis-febrero-2014-nro-102,,boletín rian la pampa - san luis - febrero 2014- nro 102
Boletín RIAN La Pampa - San Luis - Mayo 2014- Nro 105,2014,Newsletter,Popular science articles,https://inta.gob.ar/documentos/boletin-rian-la-pampa-san-luis-mayo-2014-nro-105,,boletín rian la pampa - san luis - mayo 2014- nro 105
"Desarrollo y uso de herramientas libres para la explotación de datos de los radares meteorológicos del INTA. Yanina Bellini Saibene, Martín Volpaccio, Santiago Banchero, Romina Mezher. Anales del 6º Congreso Argentino de AgroInformática. ISSN: 1852-4850. Editor: SADIO. 1 al 5 de Septiembre de 2014 - Facultad de Ingenieria - Universidad de Palermo.",2014,"En Congresos, Seminarios, Simposios y Jornadas Nacionales",National Conferences,https://inta.gob.ar/documentos/desarrollo-y-uso-de-herramientas-libres-para-la-explotacion-de-datos-de-los-radares-meteorologicos-del-inta,,"desarrollo y uso de herramientas libres para la explotación de datos de los radares meteorológicos del inta. yanina bellini saibene, martín volpaccio, santiago banchero, romina mezher. anales del 6º congreso argentino de agroinformática. issn: 1852-4850. editor: sadio. 1 al 5 de septiembre de 2014 - facultad de ingenieria - universidad de palermo."
"Red de radares de INTA. Bellini, Yanina; Belmonte, Laura. Horizonte Agropecuario Pampeano-Puntano 103. Octubre 2014. ISSN 0327-3180. Ediciones INTA.",2014,Popular science articles,Popular science articles,,,"red de radares de inta. bellini, yanina; belmonte, laura. horizonte agropecuario pampeano-puntano 103. octubre 2014. issn 0327-3180. ediciones inta."
"Sistema de Información del Seguimiento Semanal de los Sistemas de Producción. Lucas Ramos, Yanina Bellini Saibene. Anales del 6º Congreso Argentino de AgroInformática. ISSN: 1852-4850. Editor: SADIO. 1 al 5 de Septiembre de 2014 - Facultad de Ingenieria - Universidad de Palermo.",2014,"En Congresos, Seminarios, Simposios y Jornadas Nacionales",National Conferences,https://inta.gob.ar/documentos/sistema-de-informacion-del-seguimiento-semanal-de-los-sistemas-de-produccion,,"sistema de información del seguimiento semanal de los sistemas de producción. lucas ramos, yanina bellini saibene. anales del 6º congreso argentino de agroinformática. issn: 1852-4850. editor: sadio. 1 al 5 de septiembre de 2014 - facultad de ingenieria - universidad de palermo."
"“Encuesta tecnológica de los sistemas ganaderos bovinos de carne. Caracterización de la Ganadería Bovina de San Luis.” Rossanigo Carlos, Arano Arturo, Bellini Saibene Yanina y Fernández Darío. Capítulo de la publicación Información técnica Nº 190. ISSN 0327-425X. Ediciones INTA. Diciembre de 2015.",2015,Journals,Journals,,,"“encuesta tecnológica de los sistemas ganaderos bovinos de carne. caracterización de la ganadería bovina de san luis.” rossanigo carlos, arano arturo, bellini saibene yanina y fernández darío. capítulo de la publicación información técnica nº 190. issn 0327-425x. ediciones inta. diciembre de 2015."
Clasificación de granizo en superficie usando técnicas de minería de datos y datos de radar meteorológico. ASAI.,2015,"En Congresos, Seminarios, Simposios y Jornadas Nacionales",National Conferences,https://inta.gob.ar/documentos/clasificacion-de-granizo-en-superficie-usando-tecnicas-de-mineria-de-datos-y-datos-de-radar-meteorologico,,clasificación de granizo en superficie usando técnicas de minería de datos y datos de radar meteorológico. asai.
"Classification of hail on the ground using Data Mining techniques and weather radar data. Bellini Saibene, Yanina Noemí; Volpacchio, Martín.16º Argentine Symposium on Artificial Intelligence. ISSN: 1850-2784. Argentina 31 de Agosto de 2015. Rosario, Santa Fe, Argentina.",2015,"En Congresos, Seminarios, Simposios y Jornadas Nacionales",National Conferences,,,"classification of hail on the ground using data mining techniques and weather radar data. bellini saibene, yanina noemí; volpacchio, martín.16º argentine symposium on artificial intelligence. issn: 1850-2784. argentina 31 de agosto de 2015. rosario, santa fe, argentina."
"Desarrollo de software para el procesamiento y análisis de datos de la red de radares meteorológicos del INTA. Bellini Saibene, Y., Banchero, S., Mezher, R., Volpacchio, M.  XII Congreso Argentino de Meteorología. CONGREMET XII. 26 al 29 de Mayo de 2015. Mar del Plata, Argentina.",2015,"En Congresos, Seminarios, Simposios y Jornadas Nacionales",National Conferences,https://inta.gob.ar/documentos/desarrollo-de-software-para-el-procesamiento-y-analisis-de-datos-de-la-red-de-radares-meterologicos-de-inta,,"desarrollo de software para el procesamiento y análisis de datos de la red de radares meteorológicos del inta. bellini saibene, y., banchero, s., mezher, r., volpacchio, m.  xii congreso argentino de meteorología. congremet xii. 26 al 29 de mayo de 2015. mar del plata, argentina."
Firma de convenio entre el INTA y el Instituto Liceo Informático,2015,Noticia,Blog post,https://inta.gob.ar/noticias/firma-de-convenio-entre-el-inta-y-el-instituto-liceo-informatico,,firma de convenio entre el inta y el instituto liceo informático
GeoINTA. Aprovechando los mapas del INTA en la web. Horizonte Agropecuario Pampeano-Puntano. Nº 106. Septiembre de 2015. ISSN: 0327-3180. Ediciones INTA.,2015,Popular science articles,Popular science articles,,,geointa. aprovechando los mapas del inta en la web. horizonte agropecuario pampeano-puntano. nº 106. septiembre de 2015. issn: 0327-3180. ediciones inta.
"Hacia una Arquitectura de Procesamiento de Datos del RADAR Meteorológico de INTA Anguil. Diván, Mario; Bellini Saibene, Yanina; Martín, María de los Angeles; Belmonte, María Laura; Lafuente, Guillermo; Caldera, Juan Marcelo. 9º Simposio Argentino de Informática en el Estado (SIE). ISSN: 1851-2526. 2 al 4 de Septiembre de 2015. Santa Fé.",2015,"En Congresos, Seminarios, Simposios y Jornadas Nacionales",National Conferences,,,"hacia una arquitectura de procesamiento de datos del radar meteorológico de inta anguil. diván, mario; bellini saibene, yanina; martín, maría de los angeles; belmonte, maría laura; lafuente, guillermo; caldera, juan marcelo. 9º simposio argentino de informática en el estado (sie). issn: 1851-2526. 2 al 4 de septiembre de 2015. santa fé."
"HAR (HAIL-Archive): desarrollo de un sistema de información y base de datos sobre granizo en la región semiárida pampeana central. Bellini Saibene, Y., Caldera, J.M., Volpacchio, M. XII Congreso Argentino de Meteorología. CONGREMET XII. 26 al 29 de Mayo de 2015. Mar del Plata, Argentina.",2015,"En Congresos, Seminarios, Simposios y Jornadas Nacionales",National Conferences,https://inta.gob.ar/documentos/har-hail-archive-desarrollo-de-un-sistema-de-informacion-y-base-de-datos-sobre-granizo-en-la-region-semiarida-pampeana-central,,"har (hail-archive): desarrollo de un sistema de información y base de datos sobre granizo en la región semiárida pampeana central. bellini saibene, y., caldera, j.m., volpacchio, m. xii congreso argentino de meteorología. congremet xii. 26 al 29 de mayo de 2015. mar del plata, argentina."
Horizonte agropecuario pampeano - puntano Nº 106 Septiembre de 2015,2015,Articulo de Divulgación,Popular science articles,https://inta.gob.ar/documentos/horizonte-agropecuario-pampeano-puntano-no-106-septiembre-de-2015,,horizonte agropecuario pampeano - puntano nº 106 septiembre de 2015
Horizonte agropecuario pampeano - puntano Nº 107 diciembre de 2015,2015,Articulo de Divulgación,Popular science articles,https://inta.gob.ar/documentos/horizonte-agropecuario-pampeano-puntano-no-107-diciembre-de-2015,,horizonte agropecuario pampeano - puntano nº 107 diciembre de 2015
"Síntesis de una Arquitectura de Procesamiento de Datos del RADAR Meteorológico de INTA Anguil. Diván, Mario; Bellini Saibene, Yanina; Martín, María de los Angeles; Belmonte, María Laura; Lafuente, Guillermo; Caldera, Juan Marcelo. AGRANDA. Simposio Argentino de GRANdes DAtos (1st edition). 1 y 2 de Septiembre de 2015. ISSN 2451-7569.",2015,"En Congresos, Seminarios, Simposios y Jornadas Nacionales",National Conferences,,,"síntesis de una arquitectura de procesamiento de datos del radar meteorológico de inta anguil. diván, mario; bellini saibene, yanina; martín, maría de los angeles; belmonte, maría laura; lafuente, guillermo; caldera, juan marcelo. agranda. simposio argentino de grandes datos (1st edition). 1 y 2 de septiembre de 2015. issn 2451-7569."
"Towards an Data Processing Architecture for the Meteorological Radar of the INTA Anguil. Diván, Mario; Bellini Saibene, Yanina; Martín, María de los Angeles; Belmonte, María Laura; Lafuente, Guillermo; Caldera, Juan Marcelo. DMIA 2015 (International Workshop on Data Mining with Industrial Applications). Paraguay. 14-16 de Septiembre de 2015.",2015,"En Congresos, Seminarios, Simposios y Jornadas Internacionales",International Conferences,,,"towards an data processing architecture for the meteorological radar of the inta anguil. diván, mario; bellini saibene, yanina; martín, maría de los angeles; belmonte, maría laura; lafuente, guillermo; caldera, juan marcelo. dmia 2015 (international workshop on data mining with industrial applications). paraguay. 14-16 de septiembre de 2015."
"Aplicación de geotecnologías para el mapeo de la agricultura urbana: el caso PROHUERTA en la ciudad de Santa Rosa, La Pampa. M. Castro , A. Farana , P. V. Ermini, Y. Bellini Saibene. 3º Jornadas de Tecnología de Información Geográfica del Sur Argentino. Universidad Nacional del Sur. Bahía Blanca, Argentina. 24-26 de Agosto 2016.",2016,"En Congresos, Seminarios, Simposios y Jornadas Nacionales",National Conferences,,,"aplicación de geotecnologías para el mapeo de la agricultura urbana: el caso prohuerta en la ciudad de santa rosa, la pampa. m. castro , a. farana , p. v. ermini, y. bellini saibene. 3º jornadas de tecnología de información geográfica del sur argentino. universidad nacional del sur. bahía blanca, argentina. 24-26 de agosto 2016."
Congreso Argentino de AgroInformática (CAI) 2016: Resultados,2016,Noticia,Blog post,https://inta.gob.ar/documentos/congreso-argentino-de-agroinformatica-cai-2016-resultados,,congreso argentino de agroinformática (cai) 2016: resultados
"Dispositivos móviles: llevando la oficina al campo. Bellini Saibene, Yanina; Herrera, Germán. Horizonte Agropecuario Pampeano-Puntano. Nº 107. Febrero 2016. 2015-2016. ISSN: 0327-3180. Ediciones INTA.",2016,Popular science articles,Popular science articles,,,"dispositivos móviles: llevando la oficina al campo. bellini saibene, yanina; herrera, germán. horizonte agropecuario pampeano-puntano. nº 107. febrero 2016. 2015-2016. issn: 0327-3180. ediciones inta."
El aporte de las TIC al sector agropecuario: Congreso Argentino de AgroInformática 2016,2016,Noticia,Blog post,https://inta.gob.ar/noticias/el-aporte-de-las-tic-al-sector-agropecuario-congreso-argentino-de-agroinformatica-2016,,el aporte de las tic al sector agropecuario: congreso argentino de agroinformática 2016
El aporte de las TIC al sector agropecuario: Congreso Argentino de AgroInformática 2016,2016,Noticia,Blog post,https://inta.gob.ar/noticias/el-aporte-de-las-tic-al-sector-agropecuario-congreso-argentino-de-agroinformatica-2016,,el aporte de las tic al sector agropecuario: congreso argentino de agroinformática 2016
Espacio de intercambio en la información geográfica,2016,Noticia,Blog post,https://inta.gob.ar/noticias/espacio-de-intercambio-en-la-informacion-geografica,,espacio de intercambio en la información geográfica
"Evaluación de proyectos de extensión: desde una perspectiva de legitimación hasta la participación de los actores. Torrado, Juan; Albarracin, Belen; Delgreco, Luisina; Epuñam, Flavia; Bellini Saibene, Yanina. XVIII Jornadas Nacionales de Extensión Rural y X del Mercosur. Organizadas por Asociación Argentina de Extensión rural, INTA y Universidad Nacional Comahue. Facultad de ciencias Agrarias. Cinco Saltos-Rio Negro. 9 al 11 de Noviembre de 2016.",2016,"En Congresos, Seminarios, Simposios y Jornadas Nacionales",National Conferences,,,"evaluación de proyectos de extensión: desde una perspectiva de legitimación hasta la participación de los actores. torrado, juan; albarracin, belen; delgreco, luisina; epuñam, flavia; bellini saibene, yanina. xviii jornadas nacionales de extensión rural y x del mercosur. organizadas por asociación argentina de extensión rural, inta y universidad nacional comahue. facultad de ciencias agrarias. cinco saltos-rio negro. 9 al 11 de noviembre de 2016."
GeoINTA: aprovechando los mapas del INTA en Internet.,2016,Articulo de Divulgación,Popular science articles,https://inta.gob.ar/documentos/geointa-aprovechando-los-mapas-del-inta-en-internet,,geointa: aprovechando los mapas del inta en internet.
"GeoINTA: compartiendo datos por medio de la Infraestructura de Datos Espaciales del INTA. Banchero Santiago, Bellini Saibene, Yanina. Anales 10º Simposio Argentino de Informática en el Estado (SIE). ISSN: 1851-2526. 7 de Septiembre de 2016.",2016,"En Congresos, Seminarios, Simposios y Jornadas Nacionales",National Conferences,https://inta.gob.ar/documentos/geointa-compartiendo-datos-por-medio-de-la-infraestructura-de-datos-espaciales-del-inta,,"geointa: compartiendo datos por medio de la infraestructura de datos espaciales del inta. banchero santiago, bellini saibene, yanina. anales 10º simposio argentino de informática en el estado (sie). issn: 1851-2526. 7 de septiembre de 2016."
"GeoINTA: la infraestructura de datos espaciales del INTA en La Pampa. Y. Bellini Saibene, L. Ramos, M. Fuentes, J. Caldera, P. Lucchetti. 3º Jornadas de Tecnología de Información Geográfica del Sur Argentino. Universidad Nacional del Sur. Bahía Blanca, Argentina. 24 al 26 de Agosto 2016.",2016,"En Congresos, Seminarios, Simposios y Jornadas Nacionales",National Conferences,https://inta.gob.ar/documentos/geointa-la-infraestructura-de-datos-espaciales-del-inta-en-la-pampa,,"geointa: la infraestructura de datos espaciales del inta en la pampa. y. bellini saibene, l. ramos, m. fuentes, j. caldera, p. lucchetti. 3º jornadas de tecnología de información geográfica del sur argentino. universidad nacional del sur. bahía blanca, argentina. 24 al 26 de agosto 2016."
Geotecnologías aplicadas a los estudios territoriales en La Pampa,2016,Noticia,Blog post,https://inta.gob.ar/noticias/geotecnologias-aplicadas-a-los-estudios-territoriales-en-la-pampa,,geotecnologías aplicadas a los estudios territoriales en la pampa
Hackatón de AgroDatos: mención para la EEA Anguil,2016,Noticia,Blog post,https://inta.gob.ar/documentos/hackaton-de-agrodatos-mencion-para-la-eea-anguil,,hackatón de agrodatos: mención para la eea anguil
Horizonte agropecuario pampeano - puntano Nº 109 Septiembre de 2016,2016,Articulo de Divulgación,Popular science articles,https://inta.gob.ar/documentos/horizonte-agropecuario-pampeano-puntano-no-109-septiembre-de-2016,,horizonte agropecuario pampeano - puntano nº 109 septiembre de 2016
Horizonte agropecuario pampeano - puntano Nº 110 Diciembre de 2016,2016,Articulo de Divulgación,Popular science articles,https://inta.gob.ar/documentos/horizonte-agropecuario-pampeano-puntano-no-110-diciembre-de-2016,,horizonte agropecuario pampeano - puntano nº 110 diciembre de 2016
La EEA Anguil en el Congreso Argentino de Agroinformática,2016,Noticia,Blog post,https://inta.gob.ar/noticias/la-eea-anguil-en-el-congreso-argentino-de-agroinformatica,,la eea anguil en el congreso argentino de agroinformática
"Mirando desde el cielo: la industria espacial al servicio del agro. Bellini Saibene, Yanina. Horizonte Agropecuario Pampeano-Puntano. Nº 110. Diciembre 2016. 2016. ISSN: 0327-3180. Ediciones INTA.",2016,Popular science articles,Popular science articles,,,"mirando desde el cielo: la industria espacial al servicio del agro. bellini saibene, yanina. horizonte agropecuario pampeano-puntano. nº 110. diciembre 2016. 2016. issn: 0327-3180. ediciones inta."
"Monitoreo de los indicadores del programa ProHuerta en el área del caldenal y oeste árido de la provincia de La Pampa. M.E. Fuentes, Y.N. Bellini, J.Caldera. 3º Jornadas de Tecnología de Información Geográfica del Sur Argentino. Universidad Nacional del Sur. Bahía Blanca, Argentina. 24 al 26 de Agosto 2016.",2016,"En Congresos, Seminarios, Simposios y Jornadas Nacionales",National Conferences,https://inta.gob.ar/documentos/monitoreo-de-indicadores-del-programa-prohuerta-en-el-area-del-caldenal-y-oeste-arido-de-la-provincia-de-la-pampa,,"monitoreo de los indicadores del programa prohuerta en el área del caldenal y oeste árido de la provincia de la pampa. m.e. fuentes, y.n. bellini, j.caldera. 3º jornadas de tecnología de información geográfica del sur argentino. universidad nacional del sur. bahía blanca, argentina. 24 al 26 de agosto 2016."
"Pelear hasta por jugar. Argentinas en los Juegos Olímpicos. Bellini Alejandra, Bellini Saibene, Yanina. Suplemento Caldenia. Diario La Arena. 3 de Abril de 2016. Páginas 4 y 5.",2016,Popular science articles,Popular science articles,,,"pelear hasta por jugar. argentinas en los juegos olímpicos. bellini alejandra, bellini saibene, yanina. suplemento caldenia. diario la arena. 3 de abril de 2016. páginas 4 y 5."
"Propuesta para una Infraestructura de Datos Agropecuarios del Instituto Nacional de Tecnología Agropecuaria (INTA). Bellini Saibene, Yanina. Contribuciones Simposio Argentino de Grandes Datos (AGRANDA) 2016. ISSN: 2451-7569. 6 de Septiembre de 2016.",2016,"En Congresos, Seminarios, Simposios y Jornadas Nacionales",National Conferences,https://inta.gob.ar/documentos/propuesta-para-una-infraestructura-de-datos-agropecuarios-del-instituto-nacional-de-tecnologia-agropecuaria-inta,,"propuesta para una infraestructura de datos agropecuarios del instituto nacional de tecnología agropecuaria (inta). bellini saibene, yanina. contribuciones simposio argentino de grandes datos (agranda) 2016. issn: 2451-7569. 6 de septiembre de 2016."
RadINTA: Facilitando el uso de la red de radares de INTA mediante el desarrollo de herramientas libres,2016,Noticia,Blog post,https://inta.gob.ar/documentos/radinta-facilitando-el-uso-de-la-red-de-radares-de-inta-mediante-el-desarrollo-de-herramientas-libres,,radinta: facilitando el uso de la red de radares de inta mediante el desarrollo de herramientas libres
"RadINTA: Facilitando el uso de la red de radares de INTA mediante el desarrollo de herramientas libres. Y. Bellini Saibene, S. Banchero. 3º Jornadas de Tecnología de Información Geográfica del Sur Argentino. Universidad Nacional del Sur. Bahía Blanca, Argentina. 24 al 26 de Agosto 2016.",2016,"En Congresos, Seminarios, Simposios y Jornadas Nacionales",National Conferences,,,"radinta: facilitando el uso de la red de radares de inta mediante el desarrollo de herramientas libres. y. bellini saibene, s. banchero. 3º jornadas de tecnología de información geográfica del sur argentino. universidad nacional del sur. bahía blanca, argentina. 24 al 26 de agosto 2016."
Reconocimiento Nacional para GeoINTA,2016,Noticia,Blog post,https://inta.gob.ar/noticias/reconocimiento-nacional-para-geointa,,reconocimiento nacional para geointa
"Sistema de Información y base de datos para el inventario de recursos naturales de La Pampa. Bellini Saibene, Yanina; Calera, Juan. Horizonte Agropecuario Pampeano-Puntano. Nº 109. Septiembre 2016. 2016. ISSN: 0327-3180. Ediciones INTA.",2016,Popular science articles,Popular science articles,https://inta.gob.ar/documentos/sistema-de-informacion-y-base-de-datos-para-el-inventario-de-recursos-naturales-de-la-pampa,,"sistema de información y base de datos para el inventario de recursos naturales de la pampa. bellini saibene, yanina; calera, juan. horizonte agropecuario pampeano-puntano. nº 109. septiembre 2016. 2016. issn: 0327-3180. ediciones inta."
"Sistema de Información y base de datos para el inventario de recursos naturales de La Pampa. Caldera, Juan; Peinetti, Raúl; Estelrich, Daniel; Chirino, Claudia; Bellini Saibene, Yanina; Lorda, Marcos. Anales 8º Congreso Argentino de AgroInformática (CAI) 2016. ISSN: 1852-4850. 5 y 6 de Septiembre de 2016.",2016,"En Congresos, Seminarios, Simposios y Jornadas Nacionales",National Conferences,,,"sistema de información y base de datos para el inventario de recursos naturales de la pampa. caldera, juan; peinetti, raúl; estelrich, daniel; chirino, claudia; bellini saibene, yanina; lorda, marcos. anales 8º congreso argentino de agroinformática (cai) 2016. issn: 1852-4850. 5 y 6 de septiembre de 2016."
Sobre estrellas y semillas: la industria espacial al servicio de Agro,2016,Articulo de Divulgación,Popular science articles,https://inta.gob.ar/documentos/sobre-estrellas-y-semillas-la-industria-espacial-al-servicio-de-agro,Si,sobre estrellas y semillas: la industria espacial al servicio de agro
"Sobre estrellas y semillas: la industria espacial al servicio del agro. Bellini Saibene, Yanina. Suplemento La Arena del Campo. Diario La Arena. 17 de Septiembre de 2016.",2016,Popular science articles,Popular science articles,,Si,"sobre estrellas y semillas: la industria espacial al servicio del agro. bellini saibene, yanina. suplemento la arena del campo. diario la arena. 17 de septiembre de 2016."
Sobre estrellas y semillas. La industria espacial al servicio del agro.,2016,Blog post,Blog post,,Si,sobre estrellas y semillas. la industria espacial al servicio del agro.
"“Breve introducción a las tormentas de granizo, el daño en cultivo, los radares meteorológicos y las técnicas de Minería de Datos”. Bellini Saibene, Yanina. en Radar Meteorológico de la EEA Anguil. Contribuciones para su uso en el sector agropecuario. Publicación Técnica Nº 105. Mayo 2017. ISSN 0325-2132. Ediciones INTA.",2017,Journals,Journals,,,"“breve introducción a las tormentas de granizo, el daño en cultivo, los radares meteorológicos y las técnicas de minería de datos”. bellini saibene, yanina. en radar meteorológico de la eea anguil. contribuciones para su uso en el sector agropecuario. publicación técnica nº 105. mayo 2017. issn 0325-2132. ediciones inta."
"“Clasificación de daño en cultivos por granizo utilizando técnicas de Data Mining”. Bellini Saibene, Yanina. en Radar Meteorológico de la EEA Anguil. Contribuciones para su uso en el sector agropecuario. Publicación Técnica Nº 105. Mayo 2017. ISSN 0325-2132. Ediciones INTA.",2017,Journals,Journals,,,"“clasificación de daño en cultivos por granizo utilizando técnicas de data mining”. bellini saibene, yanina. en radar meteorológico de la eea anguil. contribuciones para su uso en el sector agropecuario. publicación técnica nº 105. mayo 2017. issn 0325-2132. ediciones inta."
"“Clasificación de sistemas ganaderos preponderantes para estimar emisiones de gases de efecto invernadero”. Lozza, Anabella; Bellini Saibene, Yanina. (2017). Resumen 40° Congreso Argentino de Producción Animal. Revista Argentina de Producción Animal Vol 37 Supl. 1: 173-243. Pp 189. ISSN: 0326-0550.",2017,Journals,Journals,,,"“clasificación de sistemas ganaderos preponderantes para estimar emisiones de gases de efecto invernadero”. lozza, anabella; bellini saibene, yanina. (2017). resumen 40° congreso argentino de producción animal. revista argentina de producción animal vol 37 supl. 1: 173-243. pp 189. issn: 0326-0550."
"“Estimación de ocurrencia de granizo en superficie mediante datos de radar meteorológico utilizando técnicas de Data Mining”. Bellini Saibene, Yanina en Radar Meteorológico de la EEA Anguil. Contribuciones para su uso en el sector agropecuario. Publicación Técnica Nº 105. Mayo 2017. ISSN 0325-2132. Ediciones INTA.",2017,Journals,Journals,,,"“estimación de ocurrencia de granizo en superficie mediante datos de radar meteorológico utilizando técnicas de data mining”. bellini saibene, yanina en radar meteorológico de la eea anguil. contribuciones para su uso en el sector agropecuario. publicación técnica nº 105. mayo 2017. issn 0325-2132. ediciones inta."
"“HAR (HAIL ARCHIVE): sistema de información para registrar eventos de granizo, sus efectos en superficie y los datos de radares meteorológicos en la región pampeana central”. Bellini Saibene, Yanina, Caldera, Juan. en Radar Meteorológico de la EEA Anguil. Contribuciones para su uso en el sector agropecuario. Publicación Técnica Nº 105. Mayo 2017. ISSN 0325-2132. Ediciones INTA.",2017,Journals,Journals,https://inta.gob.ar/documentos/har-hail-archive-desarrollo-de-un-sistema-de-informacion-y-base-de-datos-sobre-granizo-en-la-region-semiarida-pampeana-central,,"“har (hail archive): sistema de información para registrar eventos de granizo, sus efectos en superficie y los datos de radares meteorológicos en la región pampeana central”. bellini saibene, yanina, caldera, juan. en radar meteorológico de la eea anguil. contribuciones para su uso en el sector agropecuario. publicación técnica nº 105. mayo 2017. issn 0325-2132. ediciones inta."
"“Identificación de granizo y daño en cultivos con la utilización de variables polarimétricas de los radares de Paraná y Anguil”. Mezher, R.;Banchero S.;Bellini Saibene, Y. en Radar Meteorológico de la EEA Anguil. Contribuciones para su uso en el sector agropecuario. Publicación Técnica Nº 105. Mayo 2017. ISSN 0325-2132. Ediciones INTA.",2017,Journals,Journals,,,"“identificación de granizo y daño en cultivos con la utilización de variables polarimétricas de los radares de paraná y anguil”. mezher, r.;banchero s.;bellini saibene, y. en radar meteorológico de la eea anguil. contribuciones para su uso en el sector agropecuario. publicación técnica nº 105. mayo 2017. issn 0325-2132. ediciones inta."
"“RadINTA: un conjunto de herramientas de software libre para facilitar la explotación de datos de los radares meteorológicos del INTA”. Bellini Saibene, Yanina; Banchero, Santiago; Mezher, Romina; Caldera, Juan. en Radar Meteorológico de la EEA Anguil. Contribuciones para su uso en el sector agropecuario. Publicación Técnica Nº 105. Mayo 2017. ISSN 0325-2132. Ediciones INTA.",2017,Journals,Journals,,,"“radinta: un conjunto de herramientas de software libre para facilitar la explotación de datos de los radares meteorológicos del inta”. bellini saibene, yanina; banchero, santiago; mezher, romina; caldera, juan. en radar meteorológico de la eea anguil. contribuciones para su uso en el sector agropecuario. publicación técnica nº 105. mayo 2017. issn 0325-2132. ediciones inta."
“RadINTA: un set de herramientas libres para facilitar la explotación de datos de la red de radares meteorológicos del INTA”. Aceptado como Capítulo 1 del libro “Las Geotecnologías en los Procesos Ambientales” del Departamento de Geografía y Turismo de la Universidad Nacional del Sur. En edición.,2017,Book Chapters,Book Chapters,,,“radinta: un set de herramientas libres para facilitar la explotación de datos de la red de radares meteorológicos del inta”. aceptado como capítulo 1 del libro “las geotecnologías en los procesos ambientales” del departamento de geografía y turismo de la universidad nacional del sur. en edición.
"“RadINTA: un set de herramientas libres para facilitar la explotación de datos de la red de radares meterológicos del INTA”. Capítulo 1 del libro “Las Geotecnologías en los Procesos Ambientales”. Bellini Saibene, Yanina; Banchero, Santiago; Mezher, Romina; Caldera, Juan. . ISBN: 978-987-655-173-. Editorial de la Universidad Nacional del Sur. Ediuns. Fecha publicación: 12/2017. 252 p.",2017,Book Chapters,Book Chapters,,,"“radinta: un set de herramientas libres para facilitar la explotación de datos de la red de radares meterológicos del inta”. capítulo 1 del libro “las geotecnologías en los procesos ambientales”. bellini saibene, yanina; banchero, santiago; mezher, romina; caldera, juan. . isbn: 978-987-655-173-. editorial de la universidad nacional del sur. ediuns. fecha publicación: 12/2017. 252 p."
AgroTICs: llevando la informática al campo,2017,Noticia,Blog post,https://inta.gob.ar/noticias/agrotics-llevando-la-informatica-al-campo,,agrotics: llevando la informática al campo
Caracterización de sistemas productivos pampeanos,2017,Noticia,Blog post,https://inta.gob.ar/noticias/caracterizacion-de-sistemas-productivos-pampeanos,,caracterización de sistemas productivos pampeanos
Charlas sobre herramientas para el manejo de datos agropecuarios,2017,Noticia,Blog post,https://inta.gob.ar/noticias/charlas-sobre-herramientas-para-el-manejo-de-datos-agropecuarios,,charlas sobre herramientas para el manejo de datos agropecuarios
"Clasificación de sistemas productivos preponderantes ganaderos para estimar gases de efecto invernadero.  Lozza, Anabella, Bellini Saibene, Yanina. 40 Congreso Argentino de Producción Animal. Noviembre de 2017. Poster.",2017,"En Congresos, Seminarios, Simposios y Jornadas Nacionales",National Conferences,,,"clasificación de sistemas productivos preponderantes ganaderos para estimar gases de efecto invernadero.  lozza, anabella, bellini saibene, yanina. 40 congreso argentino de producción animal. noviembre de 2017. poster."
"Clasificación de Sistemas Productivos Preponderantes utilizando técnicas de agrupamiento para la estimación de emisiones de Gases de Efecto Invernadero Contribuciones 9º Congreso Argentino de AgroInformática (CAI) 2017. ISSN: 2525- 0949. 7 y 8 de Septiembre de 2017. (151-164). Córdoba, Argentina.",2017,"En Congresos, Seminarios, Simposios y Jornadas Nacionales",National Conferences,,,"clasificación de sistemas productivos preponderantes utilizando técnicas de agrupamiento para la estimación de emisiones de gases de efecto invernadero contribuciones 9º congreso argentino de agroinformática (cai) 2017. issn: 2525- 0949. 7 y 8 de septiembre de 2017. (151-164). córdoba, argentina."
Especialistas en AgroTics de INTA dictaron un Taller de Procesamiento de Datos en la Universidad de La Pampa,2017,Noticia,Blog post,https://inta.gob.ar/noticias/especialistas-en-agrotics-de-inta-dictaron-un-taller-de-procesamiento-de-datos-en-la-universidad-de-la-pampa,,especialistas en agrotics de inta dictaron un taller de procesamiento de datos en la universidad de la pampa
Hacia una Arquitectura de Procesamiento de Datos del RADAR Meteorológico de INTA Anguil,2017,Journals,Journals,https://inta.gob.ar/documentos/hacia-una-arquitectura-de-procesamiento-de-datos-del-radar-meteorologico-de-inta-anguil-1,,hacia una arquitectura de procesamiento de datos del radar meteorológico de inta anguil
"Hacia una Guía Digital Móvil para la identificación y manejo sustentable de los pastizales naturales Contribuciones 9º Congreso Argentino de AgroInformática (CAI) 2017. ISSN: 2525- 0949. 7 y 8 de Septiembre de 2017. (226-238). Córdoba, Argentina.",2017,"En Congresos, Seminarios, Simposios y Jornadas Nacionales",National Conferences,,,"hacia una guía digital móvil para la identificación y manejo sustentable de los pastizales naturales contribuciones 9º congreso argentino de agroinformática (cai) 2017. issn: 2525- 0949. 7 y 8 de septiembre de 2017. (226-238). córdoba, argentina."
"Monitoreo de los indicadores del programa Prohuerta en la provincia de La Pampa. M.E. Fuentes, Y.N. Bellini Saibene , J.Caldera, A. Muguiro, J.C. Hernandez. 1º Encuentro Nacional sobre PERIURBANOS E INTERFASES CRÍTICAS, 2ª Reunión Científica del PNNAT y 3ra Reunión de la Red PERIURBAN. 12, 13 y 14 de Septiembre de 2017. Córdoba, Argentina.",2017,"En Congresos, Seminarios, Simposios y Jornadas Nacionales",National Conferences,,,"monitoreo de los indicadores del programa prohuerta en la provincia de la pampa. m.e. fuentes, y.n. bellini saibene , j.caldera, a. muguiro, j.c. hernandez. 1º encuentro nacional sobre periurbanos e interfases críticas, 2ª reunión científica del pnnat y 3ra reunión de la red periurban. 12, 13 y 14 de septiembre de 2017. córdoba, argentina."
"Mujeres en la ciencia y la tecnología. Bellini Saibene, Yanina. La Arena del Campo. 14 de Octubre de 2017.",2017,Popular science articles,Popular science articles,,,"mujeres en la ciencia y la tecnología. bellini saibene, yanina. la arena del campo. 14 de octubre de 2017."
"Otra visión sobre los incendios. Fuentes, María Elena; Bellini Saibene, Yanina. La Arena del Campo. 29 de Abril de 2017.",2017,Popular science articles,Popular science articles,,,"otra visión sobre los incendios. fuentes, maría elena; bellini saibene, yanina. la arena del campo. 29 de abril de 2017."
Página de Facebook “INTA Anguil”: pasos a seguir para acceder efectivamente a toda la información,2017,Noticia,Blog post,https://inta.gob.ar/noticias/pagina-de-facebook-inta-anguil-pasos-a-seguir-para-acceder-efectivamente-a-toda-la-informacion,,página de facebook “inta anguil”: pasos a seguir para acceder efectivamente a toda la información
"ProHuerta y redes sociales: análisis de estrategias comunicacionales del programa en la provincia de La Pampa. A. M. Lagomarsino; Y. N. Bellini Saibene. 1º Encuentro Nacional sobre PERIURBANOS E INTERFASES CRÍTICAS, 2ª Reunión Científica del PNNAT y 3ra Reunión de la Red PERIURBAN. 12, 13 y 14 de Septiembre de 2017. Córdoba, Argentina.",2017,"En Congresos, Seminarios, Simposios y Jornadas Nacionales",National Conferences,,,"prohuerta y redes sociales: análisis de estrategias comunicacionales del programa en la provincia de la pampa. a. m. lagomarsino; y. n. bellini saibene. 1º encuentro nacional sobre periurbanos e interfases críticas, 2ª reunión científica del pnnat y 3ra reunión de la red periurban. 12, 13 y 14 de septiembre de 2017. córdoba, argentina."
"ProHuerta y redes sociales: hacia un análisis y propuesta de estrategias comunicacionales del programa en la provincia de La Pampa. Lagomarsino Andrea, Bellini Saibene, Yanina. XXIII JORNADAS DE INVESTIGACIÓN DE LA FACULTAD DE CIENCIAS HUMANAS “Investigar en Ciencias Sociales y Humanas en el contexto actual”. 5 y 6 de octubre de 2017, General Pico, La Pampa.",2017,"En Congresos, Seminarios, Simposios y Jornadas Nacionales",National Conferences,,,"prohuerta y redes sociales: hacia un análisis y propuesta de estrategias comunicacionales del programa en la provincia de la pampa. lagomarsino andrea, bellini saibene, yanina. xxiii jornadas de investigación de la facultad de ciencias humanas “investigar en ciencias sociales y humanas en el contexto actual”. 5 y 6 de octubre de 2017, general pico, la pampa."
Radar meteorológico de la EEA Anguil. Contribuciones para su uso en el sector agropecuario,2017,Noticia,Blog post,https://inta.gob.ar/documentos/radar-meteorologico-de-la-eea-anguil-contribuciones-para-su-uso-en-el-sector-agropecuario,,radar meteorológico de la eea anguil. contribuciones para su uso en el sector agropecuario
"Relevamiento de la agricultura periurbana en el área metropolitana de Santa Rosa-Toay. H.O. Lorda , D. Moglie , J.Caldera , N. Dominguez , F. De Durana , Y.N. Bellini. 1º Encuentro Nacional sobre PERIURBANOS E INTERFASES CRÍTICAS, 2ª Reunión Científica del PNNAT y 3ra Reunión de la Red PERIURBAN. 12, 13 y 14 de Septiembre de 2017. Córdoba, Argentina.",2017,"En Congresos, Seminarios, Simposios y Jornadas Nacionales",National Conferences,,,"relevamiento de la agricultura periurbana en el área metropolitana de santa rosa-toay. h.o. lorda , d. moglie , j.caldera , n. dominguez , f. de durana , y.n. bellini. 1º encuentro nacional sobre periurbanos e interfases críticas, 2ª reunión científica del pnnat y 3ra reunión de la red periurban. 12, 13 y 14 de septiembre de 2017. córdoba, argentina."
Resultados del 9º Congreso de AgroInformática (2017),2017,Noticia,Blog post,https://inta.gob.ar/documentos/resultados-del-9o-congreso-de-agroinformatica-2017,,resultados del 9º congreso de agroinformática (2017)
Seminario interno: el valor del acceso al conocimiento digitalizado en la toma de decisiones,2017,Noticia,Blog post,https://inta.gob.ar/noticias/seminario-interno-el-valor-del-acceso-al-conocimiento-digitalizado-en-la-toma-de-decisiones,,seminario interno: el valor del acceso al conocimiento digitalizado en la toma de decisiones
Una nueva edición del Congreso Argentino de AgroInformática (CAI) donde la EEA Anguil es protagonista,2017,Noticia,Blog post,https://inta.gob.ar/noticias/una-nueva-edicion-del-congreso-argentino-de-agroinformatica-cai-donde-la-eea-anguil-es-protagonista,,una nueva edición del congreso argentino de agroinformática (cai) donde la eea anguil es protagonista
Una visión de los incendios en La Pampa con herramientas satelitales,2017,Articulo de Divulgación,Popular science articles,https://inta.gob.ar/documentos/una-vision-de-los-incendios-en-la-pampa-con-herramientas-satelitales,,una visión de los incendios en la pampa con herramientas satelitales
"“Clasificación de Sistemas Productivos Preponderantes utilizando técnicas de agrupamiento para la estimación de emisiones de Gases de Efecto Invernadero”. LOZZA, Anabella; BELLINI SAIBENE, Yanina; LORDA, Héctor. Revista Eletrônica Argentina-Brasil de Tecnologias da Informação e da Comunicação, [S.l.], v. 1, n. 8, abr. 2018. ISSN 2446-7634. Disponível em: <https://revistas.setrem.com.br/index.php/reabtic/article/view/295>. Acesso em: 19 maio 2018. doi: http://dx.doi.org/10.5281/zenodo.1228469.",2018,Journals,Journals,https://inta.gob.ar/documentos/clasificacion-de-sistemas-productivos-preponderantes-utilizando-tecnicas-de-agrupamiento-para-la-estimacion-de-emisiones-de-gases-de-efecto-invernadero,,"“clasificación de sistemas productivos preponderantes utilizando técnicas de agrupamiento para la estimación de emisiones de gases de efecto invernadero”. lozza, anabella; bellini saibene, yanina; lorda, héctor. revista eletrônica argentina-brasil de tecnologias da informação e da comunicação, [s.l.], v. 1, n. 8, abr. 2018. issn 2446-7634. disponível em: <https://revistas.setrem.com.br/index.php/reabtic/article/view/295>. acesso em: 19 maio 2018. doi: http://dx.doi.org/10.5281/zenodo.1228469."
10 años del Congreso de AgroInformática,2018,Noticia,Blog post,https://inta.gob.ar/noticias/10-anos-del-congreso-de-agroinformatica,,10 años del congreso de agroinformática
Análisis de la tormenta del 10 de Diciembre en La Pampa utilizando el RADAR Meteorológico,2018,Articulo de Divulgación,Popular science articles,https://inta.gob.ar/documentos/analisis-de-la-tormenta-del-10-de-diciembre-en-la-pampa-utilizando-el-radar-meteorologico,,análisis de la tormenta del 10 de diciembre en la pampa utilizando el radar meteorológico
"Cambio climático y ganadería bovina: desafíos y oportunidades. Lozza, Anabella, Bellini Saibene, Yanina. Informe Ganadero Nº 941. Ano 36. Buenos Aires. Abril 27 de 2018.",2018,Popular science articles,Popular science articles,,,"cambio climático y ganadería bovina: desafíos y oportunidades. lozza, anabella, bellini saibene, yanina. informe ganadero nº 941. ano 36. buenos aires. abril 27 de 2018."
"Caracterización de las principales especies forrajeras de un pastizal natural al este del Departamento Loventué (La Pampa). Poey, M.S., Stefanazzi, I.N., Molina, M.J., Breit, M.A., Torrado, J.J., Lux, J.M., Bellini Saibene, Y., y Loza, A. VIII Congreso Nacional sobre Manejo de Pastizales Naturales- IV Congreso del Mercosur sobre Manejo de Pastizales Naturales. 15,16 y 17 de Mayo de 2018. La Rioja, Argentina. Aceptado para Poster.",2018,"En Congresos, Seminarios, Simposios y Jornadas Internacionales",International Conferences,,,"caracterización de las principales especies forrajeras de un pastizal natural al este del departamento loventué (la pampa). poey, m.s., stefanazzi, i.n., molina, m.j., breit, m.a., torrado, j.j., lux, j.m., bellini saibene, y., y loza, a. viii congreso nacional sobre manejo de pastizales naturales- iv congreso del mercosur sobre manejo de pastizales naturales. 15,16 y 17 de mayo de 2018. la rioja, argentina. aceptado para poster."
"Caracterización de las principales especies forrajeras de un pastizal natural al sur del Departamento Loventué (La Pampa). Poey, M.S., Stefanazzi, I.N., Molina, M.J., Breit, M.A., Torrado, J.J., Lux, J.M., Bellini Saibene, Y., y Lozza, A. VIII Congreso Nacional sobre Manejo de Pastizales Naturales- IV Congreso del Mercosur sobre Manejo de Pastizales Naturales. 15,16 y 17 de Mayo de 2018. La Rioja, Argentina. Aceptado para Poster.",2018,"En Congresos, Seminarios, Simposios y Jornadas Internacionales",International Conferences,,,"caracterización de las principales especies forrajeras de un pastizal natural al sur del departamento loventué (la pampa). poey, m.s., stefanazzi, i.n., molina, m.j., breit, m.a., torrado, j.j., lux, j.m., bellini saibene, y., y lozza, a. viii congreso nacional sobre manejo de pastizales naturales- iv congreso del mercosur sobre manejo de pastizales naturales. 15,16 y 17 de mayo de 2018. la rioja, argentina. aceptado para poster."
"Comparación de características de emisiones de gases de efecto invernadero entre cuatro sistemas ganaderos predominates. Bellini Saibene, Yanina.  Lozza, Anabella. Horizonte Agropecuario Pampeano-Puntano. Nº 114. Mayo 2018. 2016. ISSN: 0327-3180. Ediciones INTA.",2018,Popular science articles,Popular science articles,,,"comparación de características de emisiones de gases de efecto invernadero entre cuatro sistemas ganaderos predominates. bellini saibene, yanina.  lozza, anabella. horizonte agropecuario pampeano-puntano. nº 114. mayo 2018. 2016. issn: 0327-3180. ediciones inta."
Concurso por los 10 años del Congreso de AgroInformática,2018,Noticia,Blog post,https://inta.gob.ar/noticias/concurso-por-los-10-anos-del-congreso-de-agroinformatica,,concurso por los 10 años del congreso de agroinformática
Horizonte agropecuaria pampeano puntano Nº 114 Mayo 2018,2018,Articulo de Divulgación,Popular science articles,https://inta.gob.ar/documentos/horizonte-agropecuaria-pampeano-puntano-no-114-mayo-2018,,horizonte agropecuaria pampeano puntano nº 114 mayo 2018
Introducción a las nuevas tecnologías. Zinda Roberto; Lorena Carreño; Celeste Martínez Uncal; Yanina Noemí Bellini Saibene. “Introducción a las nuevas tecnologías”. Capítulo 1 del libro “Potencialidades de las nuevas tecnologías en el agropampeano”. ISBN 978-987-521-949-6. Ediciones INTA. Septiembre de 2018.,2018,Book Chapters,Book Chapters,https://inta.gob.ar/documentos/potencialidades-de-las-nuevas-tecnologias-en-el-agropampeano,,introducción a las nuevas tecnologías. zinda roberto; lorena carreño; celeste martínez uncal; yanina noemí bellini saibene. “introducción a las nuevas tecnologías”. capítulo 1 del libro “potencialidades de las nuevas tecnologías en el agropampeano”. isbn 978-987-521-949-6. ediciones inta. septiembre de 2018.
Oferta hídrica y problemática de escasez en la cuenca del rio colorado. Roberto Mariano; Fernanda Gaspari; Yanina Bellini. 5º Congreso Pampeano del Agua. Marzo de 2018. Aceptado para Exposición Oral.,2018,"En Congresos, Seminarios, Simposios y Jornadas Nacionales",National Conferences,,,oferta hídrica y problemática de escasez en la cuenca del rio colorado. roberto mariano; fernanda gaspari; yanina bellini. 5º congreso pampeano del agua. marzo de 2018. aceptado para exposición oral.
"Oportunidades ante el cambio climático. Lozza, Anabella, Bellini Saibene, Yanina. La Arena del Campo. 20 de Enero de 2018.",2018,Popular science articles,Popular science articles,,,"oportunidades ante el cambio climático. lozza, anabella, bellini saibene, yanina. la arena del campo. 20 de enero de 2018."
Resultados del 10º Congreso Argentino de AgroInformática 2018,2018,Noticia,Blog post,https://inta.gob.ar/documentos/resultados-del-10o-congreso-argentino-de-agroinformatica-2018,,resultados del 10º congreso argentino de agroinformática 2018
Se desarrolló en Santa Rosa el primer workshop de Inundaciones,2018,Noticia,Blog post,https://inta.gob.ar/noticias/se-desarrollo-en-santa-rosa-el-primer-workshop-de-inundaciones,,se desarrolló en santa rosa el primer workshop de inundaciones
Alumnos del Liceo Informático visitaron INTA Anguil,2019,Noticia,Blog post,https://inta.gob.ar/noticias/alumnos-del-liceo-informatico-visitaron-inta-anguil,Si,alumnos del liceo informático visitaron inta anguil
"Análise das Tendências de pesquisa no Congresso de Agroinformática da Argentina: um estudo regional. Alfredo Parteli Gomes, Bruno Ernesto Techera da Motta, Sandro da Silva Camargo, Yanina Bellini Saibene. Congreso Argentino de AgroInformática 2019",2019,"En Congresos, Seminarios, Simposios y Jornadas Nacionales",National Conferences,http://170.210.201.137/pdfs/cai/CAI-18.pdf,,"análise das tendências de pesquisa no congresso de agroinformática da argentina: um estudo regional. alfredo parteli gomes, bruno ernesto techera da motta, sandro da silva camargo, yanina bellini saibene. congreso argentino de agroinformática 2019"
Análisis de la participación de la mujer en la informática aplicada al sector agropecuario en Argentina. Yanina Bellini Saibene and Marina Cock. LatinR 2019.,2019,"En Congresos, Seminarios, Simposios y Jornadas Internacionales",International Conferences,https://github.com/LatinR/presentaciones-LatinR2019/blob/master/presentaciones/LatinR2019_paper_49.pdf,,análisis de la participación de la mujer en la informática aplicada al sector agropecuario en argentina. yanina bellini saibene and marina cock. latinr 2019.
Análisis de las precipitaciones del 19 de agosto en La Pampa utilizando el Radar meteorológico,2019,Articulo de Divulgación,Popular science articles,https://inta.gob.ar/documentos/analisis-de-las-precipitaciones-del-19-de-agosto-en-la-pampa-utilizando-el-radar-meteorologico,Si,análisis de las precipitaciones del 19 de agosto en la pampa utilizando el radar meteorológico
Campaña de Twitter de R-Ladies IWD 2019. Explicando el proyecto de twitter para el IWD 2019,2019,Blog post,Blog post,,Si,campaña de twitter de r-ladies iwd 2019. explicando el proyecto de twitter para el iwd 2019
Comunidades de práctica en américa latina. Mesa temática. BLatinR 2019.,2019,"En Congresos, Seminarios, Simposios y Jornadas Internacionales",International Conferences,https://github.com/LatinR/presentaciones-LatinR2019#mesa-tem%C3%A1tica-comunidades---presentaci%C3%B3n-laura-acion,,comunidades de práctica en américa latina. mesa temática. blatinr 2019.
Congreso Argentino de Agroinformática 2019 - Prórroga para presentar trabajos,2019,Noticia,Blog post,https://inta.gob.ar/noticias/congreso-argentino-de-agroinformatica-2019-prorroga-para-presentar-trabajos,,congreso argentino de agroinformática 2019 - prórroga para presentar trabajos
"Conjunto de datos de imágenes etiquetadas para el desarrollo de aplicaciones de reconocimiento de patrones en el cultivo de girasol. Alexandra Dillchneider, Javier Berger, Yanina Bellini Saibene, Elke Noellemeyer. Congreso Argentino de AgroInformática 2019",2019,"En Congresos, Seminarios, Simposios y Jornadas Nacionales",National Conferences,http://170.210.201.137/pdfs/cai/CAI-29.pdf,,"conjunto de datos de imágenes etiquetadas para el desarrollo de aplicaciones de reconocimiento de patrones en el cultivo de girasol. alexandra dillchneider, javier berger, yanina bellini saibene, elke noellemeyer. congreso argentino de agroinformática 2019"
"Conjunto de datos de resultados de la Red Nacional de Cultivares de Girasol de INTA. Juan Marcelo Caldera, Daniel Funaro, Lucio García, Julian Muñoz, Joaquin Seitz, Yanina Noemi Bellini Saibene. Congreso Argentino de AgroInformática 2019",2019,"En Congresos, Seminarios, Simposios y Jornadas Nacionales",National Conferences,http://170.210.201.137/pdfs/cai/CAI-28.pdf,,"conjunto de datos de resultados de la red nacional de cultivares de girasol de inta. juan marcelo caldera, daniel funaro, lucio garcía, julian muñoz, joaquin seitz, yanina noemi bellini saibene. congreso argentino de agroinformática 2019"
"Evaluación del desempeño de productos satelitales para estimar evapotranspiración en la región pampeana (Argentina). Miguel Nolasco, Silvina Sayago, Gustavo Ovando, Yanina Bellini, Maria Laura Belmonte, Mónica Bocco. Congreso Argentino de AgroInformática 2019",2019,"En Congresos, Seminarios, Simposios y Jornadas Nacionales",National Conferences,http://170.210.201.137/pdfs/cai/CAI-02.pdf,,"evaluación del desempeño de productos satelitales para estimar evapotranspiración en la región pampeana (argentina). miguel nolasco, silvina sayago, gustavo ovando, yanina bellini, maria laura belmonte, mónica bocco. congreso argentino de agroinformática 2019"
"Eventos meteorológicos que contribuyeron a excesos hídricos en La Pampa y su impacto en las actividades agropecuarias. de La Pampa. Una mirada multidisciplinar. Eventos meteorológicos que contribuyeron a excesos hídricos en La Pampa y su impacto en las actividades agropecuarias. Capítulo 3 en el libro Las inundaciones en el Noreste de la provincia de La Pampa. Una mirada multidisciplinar. EdUNLPam. ISBN: 978-950-863-355-2Belmonte, M.; Gattinoni, N.; Godoy, A.; Bellini Saibene, Y.; Fuentes, M.",2019,Book Chapters,Book Chapters,,,"eventos meteorológicos que contribuyeron a excesos hídricos en la pampa y su impacto en las actividades agropecuarias. de la pampa. una mirada multidisciplinar. eventos meteorológicos que contribuyeron a excesos hídricos en la pampa y su impacto en las actividades agropecuarias. capítulo 3 en el libro las inundaciones en el noreste de la provincia de la pampa. una mirada multidisciplinar. edunlpam. isbn: 978-950-863-355-2belmonte, m.; gattinoni, n.; godoy, a.; bellini saibene, y.; fuentes, m."
Generando una nube de palabras con R,2019,Blog post,Blog post,,Si,generando una nube de palabras con r
"Geo tecnologías para el seguimiento de inundaciones en La Pampa. Geo tecnologías para el seguimiento de inundaciones en La Pampa. Capítulo 10 en el libro Las inundaciones en el Noreste de la provincia de La Pampa. Una mirada multidisciplinar. EdUNLPam. ISBN: 978-950-863-355-2 Bellini Saibene, Y.; Julio César Fernández",2019,Book Chapters,Book Chapters,,,"geo tecnologías para el seguimiento de inundaciones en la pampa. geo tecnologías para el seguimiento de inundaciones en la pampa. capítulo 10 en el libro las inundaciones en el noreste de la provincia de la pampa. una mirada multidisciplinar. edunlpam. isbn: 978-950-863-355-2 bellini saibene, y.; julio césar fernández"
Horizonte agropecuario pampeano puntano Nº 117,2019,Articulo de Divulgación,Popular science articles,https://inta.gob.ar/documentos/horizonte-agropecuario-pampeano-puntano-no-117,Si,horizonte agropecuario pampeano puntano nº 117
"Insights from the recent R community development and growth in Latin America. useR2019. 2019. Toulouse, France. L. Acion, Y. Bellini Saibene, E. Campitelli, P. Corrales, F. D'Andrea, N. da Silva, G. de Queiroz, D. Kozlowski, R. Quiroga",2019,Journals,Journals,,,"insights from the recent r community development and growth in latin america. user2019. 2019. toulouse, france. l. acion, y. bellini saibene, e. campitelli, p. corrales, f. d'andrea, n. da silva, g. de queiroz, d. kozlowski, r. quiroga"
"Insights from the recent R user community development and growth in Latin America. L Ación, Y Bellini, E Campitelli, P Corrales, F D’Andrea, N da Silva, G de Queiroz, D Kozlowski, R Quiroga. useR2019. 2019. Toulouse, France.",2019,"En Congresos, Seminarios, Simposios y Jornadas Internacionales",International Conferences,,,"insights from the recent r user community development and growth in latin america. l ación, y bellini, e campitelli, p corrales, f d’andrea, n da silva, g de queiroz, d kozlowski, r quiroga. user2019. 2019. toulouse, france."
IWD 2019 Twitter Action.,2019,Blog post,Blog post,,Si,iwd 2019 twitter action.
La Ciencia de Datos al servicio del Agro,2019,Blog post,Blog post,,Si,la ciencia de datos al servicio del agro
Nueva Convocatoria del Congreso Argentino de Agroinformatica 2019,2019,Noticia,Blog post,https://inta.gob.ar/noticias/nueva-convocatoria-del-congreso-argentino-de-agroinformatica-2019,Si,nueva convocatoria del congreso argentino de agroinformatica 2019
"Quién es Quién en la Agroinformática Argentina. Congreso Argentino de AgroInformática 2019. Sandro da Silva Camargo, Leonardo Bidese de Pinho, Yanina Bellini Saibene.",2019,"En Congresos, Seminarios, Simposios y Jornadas Nacionales",National Conferences,http://170.210.201.137/pdfs/cai/CAI-06.pdf,,"quién es quién en la agroinformática argentina. congreso argentino de agroinformática 2019. sandro da silva camargo, leonardo bidese de pinho, yanina bellini saibene."
"R para Ciencia de Datos. Marcela Alfaro, Mónica Alonso, Fernando Álvarez, Zulemma Bazurto, Yanina Bellini, Juliana Benítez, María Paula Caldas, Elio Campitelli, Florencia D’Andrea, Rocío Espada, Joshua Kunst, Patricia Loto, Pamela Matías, Lina Moreno, Paola Prieto, Riva Quiroga, Lucía Rodríguez, Mauricio Vargas, Daniela Vázquez, Melina Vidoni, Roxana N. Villafañe.",2019,Translations,Translations,https://es.r4ds.hadley.nz/,,"r para ciencia de datos. marcela alfaro, mónica alonso, fernando álvarez, zulemma bazurto, yanina bellini, juliana benítez, maría paula caldas, elio campitelli, florencia d’andrea, rocío espada, joshua kunst, patricia loto, pamela matías, lina moreno, paola prieto, riva quiroga, lucía rodríguez, mauricio vargas, daniela vázquez, melina vidoni, roxana n. villafañe."
Resultados del 11º Congreso de AgroInformática 2019,2019,Noticia,Blog post,https://inta.gob.ar/documentos/resultados-del-11o-congreso-de-agroinformatica-2019,Si,resultados del 11º congreso de agroinformática 2019
Se firmó un convenio de colaboración con la Facultad de Agronomía,2019,Noticia,Blog post,https://inta.gob.ar/noticias/se-firmo-un-convenio-de-colaboracion-con-la-facultad-de-agronomia,Si,se firmó un convenio de colaboración con la facultad de agronomía
Seminario INTA Anguil: Técnicas de Análisis de Redes Sociales para estudiar la colaboración científica,2019,Noticia,Blog post,https://inta.gob.ar/noticias/seminario-inta-anguil-tecnicas-de-analisis-de-redes-sociales-para-estudiar-la-colaboracion-cientifica,,seminario inta anguil: técnicas de análisis de redes sociales para estudiar la colaboración científica
¿Cómo armar salas pequeñas en Zoom?,2020,Blog post,Blog post,,Si,¿cómo armar salas pequeñas en zoom?
¿Porqué necesitas tener una página web personal?,2020,Blog post,Blog post,,Si,¿porqué necesitas tener una página web personal?
A crazy year in review,2020,Blog post,Blog post,,Si,a crazy year in review
Adaptando el material de MetaDocencia para el Centro Regional La Pampa - San Luis,2020,Blog post,Blog post,,Si,adaptando el material de metadocencia para el centro regional la pampa - san luis
"Análisis de la participación de la mujer en 10 años del Congreso de Agroinformática en Argentina. Electronic Journal of SADIO. Edición Especial sobre los 10 años del Congreso Argentino de Agroinformática Vol. 19 Núm. ISSN 1514-6774. Argentina. Bellini Saibene, Y., Cock, M., & Lozza, A.",2020,Journals,Journals,,,"análisis de la participación de la mujer en 10 años del congreso de agroinformática en argentina. electronic journal of sadio. edición especial sobre los 10 años del congreso argentino de agroinformática vol. 19 núm. issn 1514-6774. argentina. bellini saibene, y., cock, m., & lozza, a."
"Birds of a feather, drawn together",2020,Blog post,Blog post,,Si,"birds of a feather, drawn together"
Building capacities to teach data science in Latin America,2020,Blog post,Blog post,,Si,building capacities to teach data science in latin america
Cambiando el diseño visual de los tutoriales,2020,Blog post,Blog post,,Si,cambiando el diseño visual de los tutoriales
"Communities of Practice in Latin America: R and Friends. L. Acion, N. Alarcón, M. Alfaro Córdoba, Z. Bazurto Blacio, Y. Bellini Saibene, M. Benítez Saldívar, E. Campitelli, O. Castillo, J. Chávez, L. Collado Torres, P. Corrales, et al. useR2020. St. Louis, USA",2020,"En Congresos, Seminarios, Simposios y Jornadas Internacionales",International Conferences,,,"communities of practice in latin america: r and friends. l. acion, n. alarcón, m. alfaro córdoba, z. bazurto blacio, y. bellini saibene, m. benítez saldívar, e. campitelli, o. castillo, j. chávez, l. collado torres, p. corrales, et al. user2020. st. louis, usa"
Cómo colaborar con MetaDocencia,2020,Blog post,Blog post,,Si,cómo colaborar con metadocencia
Compartiendo trabajo en tiempo real durante tu clase,2020,Blog post,Blog post,,Si,compartiendo trabajo en tiempo real durante tu clase
Compartir material educativo y mantener la autoría.,2020,Blog post,Blog post,,Si,compartir material educativo y mantener la autoría.
Comunidades de Práctica en América Latina. R y Colegas,2020,Blog post,Blog post,,Si,comunidades de práctica en américa latina. r y colegas
Configurando opciones de seguridad en Zoom,2020,Blog post,Blog post,,Si,configurando opciones de seguridad en zoom
Convocatoria a la Jornadas Argentinas de Informática 2020,2020,Noticia,Blog post,https://inta.gob.ar/noticias/convocatoria-a-la-jornadas-argentinas-de-informatica-2020,Si,convocatoria a la jornadas argentinas de informática 2020
"Cosechando Datos. Desarrollos para la agricultura en la era digital. Electronic Journal of SADIO. Edición Especial sobre los 10 años del Congreso Argentino de Agrolnformática Vol. 19 Núm. ISSN 1514-6774. 2020. Argentina. Bellini Saibene, Y., Caldera, J., & Ramos, L.",2020,Journals,Journals,,,"cosechando datos. desarrollos para la agricultura en la era digital. electronic journal of sadio. edición especial sobre los 10 años del congreso argentino de agrolnformática vol. 19 núm. issn 1514-6774. 2020. argentina. bellini saibene, y., caldera, j., & ramos, l."
Creando una página web bilingüe en R,2020,Blog post,Blog post,,Si,creando una página web bilingüe en r
Desarrollando capacidades para enseñar ciencia de datos en América Latina,2020,Blog post,Blog post,,Si,desarrollando capacidades para enseñar ciencia de datos en américa latina
"Diez Años del Congreso Argentino de Agroinformática: Un Análisis Histórico del Alcance Geográfico y Redes de Colaboración. Electronic Journal of SADIO. Edición Especial sobre los 10 años del Congreso Argentino de Agroinformática Vol.19 Núm. ISSN 1514-6774. Argentina. da Silva Camargo, S., Bidese de Pinho, L., Bosch, M., Machado, C., & Bellini Saibene, Y.",2020,Journals,Journals,,,"diez años del congreso argentino de agroinformática: un análisis histórico del alcance geográfico y redes de colaboración. electronic journal of sadio. edición especial sobre los 10 años del congreso argentino de agroinformática vol.19 núm. issn 1514-6774. argentina. da silva camargo, s., bidese de pinho, l., bosch, m., machado, c., & bellini saibene, y."
El balance de un año loco,2020,Blog post,Blog post,,Si,el balance de un año loco
El pizarrón en la virtualidad. Whiteboard.fi,2020,Blog post,Blog post,,Si,el pizarrón en la virtualidad. whiteboard.fi
Generando tutoriales interactivos con el paquete learnr,2020,Blog post,Blog post,,Si,generando tutoriales interactivos con el paquete learnr
Informe de granizo en La Pampa,2020,Articulo de Divulgación,Popular science articles,https://inta.gob.ar/documentos/informe-de-granizo-en-la-pampa,Si,informe de granizo en la pampa
Informe de la tormenta de viento del día 18 de Diciembre de 2020 en La Pampa.,2020,Articulo de Divulgación,Popular science articles,https://inta.gob.ar/documentos/informe-de-la-tormenta-de-viento-del-dia-18-de-diciembre-de-2020-en-la-pampa,Si,informe de la tormenta de viento del día 18 de diciembre de 2020 en la pampa.
"Investigadora de INTA Anguil participa de Metadociencia, un proyecto para capacitar a docentes en educación virtual",2020,Noticia,Blog post,https://inta.gob.ar/noticias/investigadora-de-inta-anguil-participa-de-metadociencia-un-proyecto-para-capacitar-a-docentes-en-educacion-virtual-0,Si,"investigadora de inta anguil participa de metadociencia, un proyecto para capacitar a docentes en educación virtual"
Latin American communities and organizations useR!2020 video,2020,Blog post,Blog post,,Si,latin american communities and organizations user!2020 video
Mapas conceptuales en un tutorial interactivo,2020,Blog post,Blog post,,Si,mapas conceptuales en un tutorial interactivo
"Meet MetaDocencia: Volunteer Community Building for Teaching in Spanish, Online, and on Short Notice. Open Education Conference 2020. Nicolas Palopoli, Elio Campitelli, Laura Acion, Paola Corrales, Yanina Bellini Saibene.",2020,"En Congresos, Seminarios, Simposios y Jornadas Internacionales",International Conferences,,,"meet metadocencia: volunteer community building for teaching in spanish, online, and on short notice. open education conference 2020. nicolas palopoli, elio campitelli, laura acion, paola corrales, yanina bellini saibene."
Nuestro primer mes enseñando a enseñar,2020,Blog post,Blog post,,Si,nuestro primer mes enseñando a enseñar
Nueva Convocatoria para el Congreso Argentino de Agroinformatica 2020,2020,Noticia,Blog post,https://inta.gob.ar/noticias/nueva-convocatoria-para-el-congreso-argentino-de-agroinformatica-2020,Si,nueva convocatoria para el congreso argentino de agroinformatica 2020
Obtaining RStudio certification. A shared path.,2020,Blog post,Blog post,,Si,obtaining rstudio certification. a shared path.
Obteniendo la certificación de RStudio. Un camino compartido.,2020,Blog post,Blog post,,Si,obteniendo la certificación de rstudio. un camino compartido.
Our first month teaching to teach,2020,Blog post,Blog post,,Si,our first month teaching to teach
Packaging interactive tutorials,2020,Blog post,Blog post,,Si,packaging interactive tutorials
Primeros pasos de Git con R,2020,Blog post,Blog post,,Si,primeros pasos de git con r
"R-Ladies Global, a worldwide organisation to promote gender diversity in the R community. Yanina Bellini Saibene, Claudia Vitolo, Erin LeDell, Hannah Frick y Laura Acion. EGU General Assembly 2020. On-Line (Viena). https://doi.org/10.5194/egusphere-egu2020-20530.",2020,"En Congresos, Seminarios, Simposios y Jornadas Internacionales",International Conferences,,,"r-ladies global, a worldwide organisation to promote gender diversity in the r community. yanina bellini saibene, claudia vitolo, erin ledell, hannah frick y laura acion. egu general assembly 2020. on-line (viena). https://doi.org/10.5194/egusphere-egu2020-20530."
Receta para un video de fin de año,2020,Blog post,Blog post,,Si,receta para un video de fin de año
Recipe for a year-end video,2020,Blog post,Blog post,,Si,recipe for a year-end video
Recursos digitales para la enseñanza y el aprendizaje colaborativo online,2020,Blog post,Blog post,,Si,recursos digitales para la enseñanza y el aprendizaje colaborativo online
Share educational material and maintain authorship.,2020,Blog post,Blog post,,Si,share educational material and maintain authorship.
Tutoriales interactivos y personas tipo,2020,Blog post,Blog post,,Si,tutoriales interactivos y personas tipo
Un día en la vida de un ayudante de clase on-line,2020,Blog post,Blog post,,Si,un día en la vida de un ayudante de clase on-line
Un mapa conceptual sobre {learnr},2020,Blog post,Blog post,,Si,un mapa conceptual sobre {learnr}
Un paquete para aprender ggplot2,2020,Blog post,Blog post,,Si,un paquete para aprender ggplot2
"“Precipitation estimations based on remote sensing compared with data from weather stations over agricultural region of Argentina pampas”. Ovando, Gustavo Gabriel; Sayago, Silvina; Bellini Saibene, Yanina Noemi; Belmonte, María Laura; Bocco, Mónica; Remote Sensing Applications: Society and Environment 23 : Article 100589. (August 2021). Elsevier. ISSN: 2021-08-01.",2021,Journals,Journals,,,"“precipitation estimations based on remote sensing compared with data from weather stations over agricultural region of argentina pampas”. ovando, gustavo gabriel; sayago, silvina; bellini saibene, yanina noemi; belmonte, maría laura; bocco, mónica; remote sensing applications: society and environment 23 : article 100589. (august 2021). elsevier. issn: 2021-08-01."
"{agromet}: un paquete en R para el análisis de datos meteorológicos. N. Gattinoni, P. Corrales, E. Campitelli, Y. Bellini, G. Rodriguez. ANALES DE CAI 2021. CONGRESO ARGENTINO DE AGROINFORMATICA (JAIIO). ISSN 2525-0949",2021,"En Congresos, Seminarios, Simposios y Jornadas Nacionales",National Conferences,http://50jaiio.sadio.org.ar/pdfs/cai/CAI-05.pdf,,"{agromet}: un paquete en r para el análisis de datos meteorológicos. n. gattinoni, p. corrales, e. campitelli, y. bellini, g. rodriguez. anales de cai 2021. congreso argentino de agroinformatica (jaiio). issn 2525-0949"
"agromet: un paquete para el análisis de datos meteorológicos - Natalia Gattinoni, Paola Corrales, Elio Campitelli, Yanina Bellini y Gabriel Rodriguez. Yanina Bellini Saibene. Actas de LatinR 2021. https://github.com/LatinR/presentaciones-LatinR2021",2021,"En Congresos, Seminarios, Simposios y Jornadas Internacionales",International Conferences,,,"agromet: un paquete para el análisis de datos meteorológicos - natalia gattinoni, paola corrales, elio campitelli, yanina bellini y gabriel rodriguez. yanina bellini saibene. actas de latinr 2021. https://github.com/latinr/presentaciones-latinr2021"
Application for The Capentries Executive Council 2021 elections,2021,Blog post,Blog post,,Si,application for the capentries executive council 2021 elections
Creando tu r-universe,2021,Blog post,Blog post,,Si,creando tu r-universe
Empaquetando tutoriales,2021,Blog post,Blog post,,Si,empaquetando tutoriales
Enseñando a enseñar entre comunidades en español,2021,Blog post,Blog post,,Si,enseñando a enseñar entre comunidades en español
"Enseñar Tecnología en Comunidad. Wilson, G. (2021). Enseñar tecnología en comunidad. Cómo crear y dar lecciones que funcionen y construir una comunidad docente a su alrededor [Teaching Tech Together. How to create and deliver lessons that work and build a teaching community around them] (Traducción al español: Y. Bellini Saibene, N. S. Morandeira, P. Corrales, L. Acion, M. Dermit, Y. Sosa, J. Benitez Saldivar, Z. Bazurto, S. Canelón, L. Canaviri Maydana, M. Alonso, A. Bellini, P. Minotti, R. Chirinos, P. Rojas, N. Stroud, R. N. Villafañe, P. Loto, A. L. Diedrich, Y. Terrazas-Carafa & L. Rodríguez Planes). https://teachtogether.tech/es/ (Trabajo original publicado en 2019).",2021,Translations,Translations,https://educarencomunidad.tech/,,"enseñar tecnología en comunidad. wilson, g. (2021). enseñar tecnología en comunidad. cómo crear y dar lecciones que funcionen y construir una comunidad docente a su alrededor [teaching tech together. how to create and deliver lessons that work and build a teaching community around them] (traducción al español: y. bellini saibene, n. s. morandeira, p. corrales, l. acion, m. dermit, y. sosa, j. benitez saldivar, z. bazurto, s. canelón, l. canaviri maydana, m. alonso, a. bellini, p. minotti, r. chirinos, p. rojas, n. stroud, r. n. villafañe, p. loto, a. l. diedrich, y. terrazas-carafa & l. rodríguez planes). https://teachtogether.tech/es/ (trabajo original publicado en 2019)."
Feliz día del padre,2021,Blog post,Blog post,,Si,feliz día del padre
"Hacia una red de práctica sobre comunidades de práctica. #noviembreHD. Cuarto congreso de la Asociación Argentina de Humanidades Digitales (AAHD). Humanidades Digitales en tiempos convulsos. AAHD - 2021 Vol. 1 - N° 1. Asociación Argentina de Humanidades Digitales, Buenos Aires. Yanina BELLINI SAIBENE, Rita MALANO, Silvia ENRÍQUEZ y Ricardo PLUSS (2021)",2021,Journals,Journals,,,"hacia una red de práctica sobre comunidades de práctica. #noviembrehd. cuarto congreso de la asociación argentina de humanidades digitales (aahd). humanidades digitales en tiempos convulsos. aahd - 2021 vol. 1 - n° 1. asociación argentina de humanidades digitales, buenos aires. yanina bellini saibene, rita malano, silvia enríquez y ricardo pluss (2021)"
Haciendo videos para nuestras clases,2021,Blog post,Blog post,,Si,haciendo videos para nuestras clases
Happy Father's Day,2021,Blog post,Blog post,,Si,happy father's day
INTA Anguil participa de Congreso Internacional sobre uso de R,2021,Noticia,Blog post,https://inta.gob.ar/noticias/inta-anguil-participa-de-congreso-internacional-sobre-uso-de-r,Si,inta anguil participa de congreso internacional sobre uso de r
La comunidad latinoamericana en useR! 2021,2021,Blog post,Blog post,,Si,la comunidad latinoamericana en user! 2021
Learnres. Un paquete de plantillas para tutoriales en español,2021,Blog post,Blog post,,Si,learnres. un paquete de plantillas para tutoriales en español
List of events in which I participated this year,2021,Blog post,Blog post,,Si,list of events in which i participated this year
Listado de directorios de mujeres oradoras,2021,Blog post,Blog post,,Si,listado de directorios de mujeres oradoras
Listado de eventos en los que participé este año,2021,Blog post,Blog post,,Si,listado de eventos en los que participé este año
Mi aplicación para las elecciones del Consejo Ejecutivo de The Capentries 2021,2021,Blog post,Blog post,,Si,mi aplicación para las elecciones del consejo ejecutivo de the capentries 2021
Missing narratives in discussions around diversity and inclusion in research software engineering - SeptembRSE,2021,Blog post,Blog post,,Si,missing narratives in discussions around diversity and inclusion in research software engineering - septembrse
Panel Narrativas faltantes en las discusiones sobre diversidad e inclusión en SeptembRSE,2021,Blog post,Blog post,,Si,panel narrativas faltantes en las discusiones sobre diversidad e inclusión en septembrse
"R-Ladies. Building, Growing, and Sustaining a Community  - WSDS 2021",2021,Blog post,Blog post,,Si,"r-ladies. building, growing, and sustaining a community  - wsds 2021"
"R-Ladies. Construir, hacer crecer y mantener una comunidad - WSDS 2021",2021,Blog post,Blog post,,Si,"r-ladies. construir, hacer crecer y mantener una comunidad - wsds 2021"
Recursos para armar charlas,2021,Blog post,Blog post,,Si,recursos para armar charlas
Recursos para explorar y aprender learnr,2021,Blog post,Blog post,,Si,recursos para explorar y aprender learnr
Resources to build talks,2021,Blog post,Blog post,,Si,resources to build talks
Teaching to teach between communities in Spanish,2021,Blog post,Blog post,,Si,teaching to teach between communities in spanish
The Latin America Community at useR! 2021,2021,Blog post,Blog post,,Si,the latin america community at user! 2021
Tipos de Documentación de acuerdo al nivel de conocimiento,2021,Blog post,Blog post,,Si,tipos de documentación de acuerdo al nivel de conocimiento
Tracking Impact and Measuring Success in Data Education Events,2021,Blog post,Blog post,,Si,tracking impact and measuring success in data education events
"Tracking Impact and Measuring Success in Data Education Events. E. Lescak,B. Duckles,Y. Yehudi,R. Shaikh,L. Alanis,C. Martinez,Y.Bellini,E. Plomp. CSVConf 2021.",2021,"En Congresos, Seminarios, Simposios y Jornadas Internacionales",International Conferences,,,"tracking impact and measuring success in data education events. e. lescak,b. duckles,y. yehudi,r. shaikh,l. alanis,c. martinez,y.bellini,e. plomp. csvconf 2021."
Un conjunto de paquetes para generar tutoriales interactivos para enseñar R. Yanina Bellini Saibene. Actas de LatinR 2021. https://github.com/LatinR/presentaciones-LatinR2021,2021,"En Congresos, Seminarios, Simposios y Jornadas Internacionales",International Conferences,,,un conjunto de paquetes para generar tutoriales interactivos para enseñar r. yanina bellini saibene. actas de latinr 2021. https://github.com/latinr/presentaciones-latinr2021
"useR! Knowledgebase. 2021. Sánchez-Tapia A, Tamir N, Moy Das S, Bellini Saibene Y, Joo R, Morandeira N, et al. Available from: https://rconf.gitlab.io/userknowledgebase/",2021,Book,Book,,,"user! knowledgebase. 2021. sánchez-tapia a, tamir n, moy das s, bellini saibene y, joo r, morandeira n, et al. available from: https://rconf.gitlab.io/userknowledgebase/"
Women Speaker Directory Listing,2021,Blog post,Blog post,,Si,women speaker directory listing
¿Cómo fue el 2021?,2022,Blog post,Blog post,,Si,¿cómo fue el 2021?
10 reglas para organizar un club de lectura (on-line) exitoso,2022,Blog post,Blog post,,Si,10 reglas para organizar un club de lectura (on-line) exitoso
10 reglas para organizar un Club de Lectura (on-line) exitoso (Alejandra Bellini and Yanina Noemi Bellini Saibene). LatinR 2022.,2022,"En Congresos, Seminarios, Simposios y Jornadas Internacionales",International Conferences,https://github.com/LatinR/presentaciones-LatinR2022/blob/main/papers/LatinR2022_propuesta_2983.pdf,,10 reglas para organizar un club de lectura (on-line) exitoso (alejandra bellini and yanina noemi bellini saibene). latinr 2022.
10 reglas para organizar un Club de Lectura (on-line) exitoso.,2022,Blog post,Blog post,,Si,10 reglas para organizar un club de lectura (on-line) exitoso.
10 reglas para organizar un Club de Lectura (on-line) exitoso. - Parte II,2022,Blog post,Blog post,,Si,10 reglas para organizar un club de lectura (on-line) exitoso. - parte ii
300 (three hundred),2022,Blog post,Blog post,,Si,300 (three hundred)
300 (trescientos),2022,Blog post,Blog post,,Si,300 (trescientos)
A map of my readers,2022,Blog post,Blog post,,Si,a map of my readers
Análisis de escenarios. ¿Qué podemos hacer cuando las cosas no van tan bien en el aula?,2022,Blog post,Blog post,,Si,análisis de escenarios. ¿qué podemos hacer cuando las cosas no van tan bien en el aula?
"Aprendizaje on-line sincrónico, asincrónico, bicrónico",2022,Blog post,Blog post,,Si,"aprendizaje on-line sincrónico, asincrónico, bicrónico"
Building inclusive communities. The Latin American R Community,2022,Blog post,Blog post,,Si,building inclusive communities. the latin american r community
Cada vez que enseño aprendo algo nuevo - Greg Wilson,2022,Blog post,Blog post,,Si,cada vez que enseño aprendo algo nuevo - greg wilson
Call for Tutorials - More resources,2022,Blog post,Blog post,,Si,call for tutorials - more resources
Call for Tutorials - The form,2022,Blog post,Blog post,,Si,call for tutorials - the form
Chat-based sprint meeting,2022,Blog post,Blog post,,Si,chat-based sprint meeting
Clase teórica on-line,2022,Blog post,Blog post,,Si,clase teórica on-line
Club de Lectura de Enseñar Tecnología en Comunidad,2022,Blog post,Blog post,,Si,club de lectura de enseñar tecnología en comunidad
Como determinar cuanto cobrar,2022,Blog post,Blog post,,Si,como determinar cuanto cobrar
Cómo ganarse la vida enseñando R (Yanina Noemi Bellini Saibene and Greg Wilson) . LatinR 2022.,2022,"En Congresos, Seminarios, Simposios y Jornadas Internacionales",International Conferences,https://github.com/LatinR/presentaciones-LatinR2022/blob/main/papers/LatinR2022_propuesta_1979.pdf,,cómo ganarse la vida enseñando r (yanina noemi bellini saibene and greg wilson) . latinr 2022.
Cómo participar en rOpenSci,2022,Blog post,Blog post,,Si,cómo participar en ropensci
Conclusiones del primer encuentro del Club de Lectura,2022,Blog post,Blog post,,Si,conclusiones del primer encuentro del club de lectura
Cosas que pasaron en las aulas virtuales y como las resolvimos - Entrega 1,2022,Blog post,Blog post,,Si,cosas que pasaron en las aulas virtuales y como las resolvimos - entrega 1
Cosas que pasaron en las aulas virtuales y como las resolvimos - Entrega 2,2022,Blog post,Blog post,,Si,cosas que pasaron en las aulas virtuales y como las resolvimos - entrega 2
Cosas que pasaron en las aulas virtuales y como las resolvimos - Entrega 3,2022,Blog post,Blog post,,Si,cosas que pasaron en las aulas virtuales y como las resolvimos - entrega 3
Cuarto Encuentro del Club de Lectura Enseñando Tecnología en Comunidad,2022,Blog post,Blog post,,Si,cuarto encuentro del club de lectura enseñando tecnología en comunidad
Dándote a conocer,2022,Blog post,Blog post,,Si,dándote a conocer
Empezando a enseñar,2022,Blog post,Blog post,,Si,empezando a enseñar
Enseñando programación,2022,Blog post,Blog post,,Si,enseñando programación
Gaps & Opportunities for Inclusive Multilingual Data Science,2022,Blog post,Blog post,,Si,gaps & opportunities for inclusive multilingual data science
Haciendo revisiones con GitHub,2022,Blog post,Blog post,,Si,haciendo revisiones con github
How 2021 went?,2022,Blog post,Blog post,,Si,how 2021 went?
How carpentries help me to teach to 300 students.Carpentry Con,2022,"En Congresos, Seminarios, Simposios y Jornadas Internacionales",International Conferences,,,how carpentries help me to teach to 300 students.carpentry con
How to Participate with rOpenSci,2022,Blog post,Blog post,,Si,how to participate with ropensci
Identidad visual 2022. Renovarnos con la misma esencia,2022,Blog post,Blog post,,Si,identidad visual 2022. renovarnos con la misma esencia
"Internal R packages for Open Science in Agrometeorology.Yanina Bellini Saibene, Natalia Gattinoni, Paola Corrales, Elio Campitelli y Gabriel Rodriguez. FOSDEM 2022.",2022,"En Congresos, Seminarios, Simposios y Jornadas Internacionales",International Conferences,,,"internal r packages for open science in agrometeorology.yanina bellini saibene, natalia gattinoni, paola corrales, elio campitelli y gabriel rodriguez. fosdem 2022."
"Introducing rOpenSci new Community Manager, Yanina Bellini Saibene",2022,Blog post,Blog post,,Si,"introducing ropensci new community manager, yanina bellini saibene"
La Guía del Viajero al Aprendizaje Automático Responsable,2022,Translations,Translations,https://yabellini.netlify.app/project/rml_es/,Si,la guía del viajero al aprendizaje automático responsable
Leyendo muchos archivos markdown de varias carpetas y extrayendo datos de su YAML,2022,Blog post,Blog post,,Si,leyendo muchos archivos markdown de varias carpetas y extrayendo datos de su yaml
"Mapas conceptuales, una herramienta de múltiples formas y usos",2022,Blog post,Blog post,,Si,"mapas conceptuales, una herramienta de múltiples formas y usos"
"MetaDocencia: enseñando a enseñar estadística y ciencia de datos online : Laura Ación, Yanina Bellini Saibene, Mine Dogucu, Nicolas Palopoli, Elio Campitelli, Paola Corrales, Patricia Loto",2022,"En Congresos, Seminarios, Simposios y Jornadas Internacionales",International Conferences,http://iase-web.org/icots/11/proceedings/pdfs/ICOTS11_285_ACIN.pdf?1669865550,,"metadocencia: enseñando a enseñar estadística y ciencia de datos online : laura ación, yanina bellini saibene, mine dogucu, nicolas palopoli, elio campitelli, paola corrales, patricia loto"
Metadocencia. Nurturing educators in Spanish-speaking research communities,2022,Blog post,Blog post,,Si,metadocencia. nurturing educators in spanish-speaking research communities
MiR Community Highlights. Yanina Bellini Saibene.,2022,Blog post,Blog post,,Si,mir community highlights. yanina bellini saibene.
Notas adhesivas cuando enseñas (on-line),2022,Blog post,Blog post,,Si,notas adhesivas cuando enseñas (on-line)
Organizando una clase práctica online,2022,Blog post,Blog post,,Si,organizando una clase práctica online
Organizing a practical class online,2022,Blog post,Blog post,,Si,organizing a practical class online
"Organizing inclusive conferences with the community (Rocio Joo, Andrea Sánchez-Tapia, Sara Mortara, Yanina Bellini Saibene, Heather Turner, Dorothea Hug Peter, Natalia Soledad Morandeira, Matt Bannert, Batool Almazrouq, Elizabeth Hare, Laura Ación, Juan Pablo Narváez-Gómez, Marcela Alfaro Córdoba, Federico Marini, Rita Giordano, Silvia Canelón,  Anicet Ebou, Adithi Upadhya, Joselyn Chávez and Janani Ravi). LatinR 2022.",2022,"En Congresos, Seminarios, Simposios y Jornadas Internacionales",International Conferences,https://github.com/LatinR/presentaciones-LatinR2022/blob/main/papers/LatinR2022_propuesta_5946.pdf,,"organizing inclusive conferences with the community (rocio joo, andrea sánchez-tapia, sara mortara, yanina bellini saibene, heather turner, dorothea hug peter, natalia soledad morandeira, matt bannert, batool almazrouq, elizabeth hare, laura ación, juan pablo narváez-gómez, marcela alfaro córdoba, federico marini, rita giordano, silvia canelón,  anicet ebou, adithi upadhya, joselyn chávez and janani ravi). latinr 2022."
Organizing Tutorials,2022,Blog post,Blog post,,Si,organizing tutorials
"Presentamos a la nueva Community Manager de rOpenSci, Yanina Bellini Saibene",2022,Blog post,Blog post,,Si,"presentamos a la nueva community manager de ropensci, yanina bellini saibene"
Quinto encuentro del Club de lectura. La pedagogía del contenido.,2022,Blog post,Blog post,,Si,quinto encuentro del club de lectura. la pedagogía del contenido.
Reunión de sprint por chat,2022,Blog post,Blog post,,Si,reunión de sprint por chat
Revisiting my 2022 to-don't list,2022,Blog post,Blog post,,Si,revisiting my 2022 to-don't list
Scenario analysis. What to do when thing do not go so well in the classroom?,2022,Blog post,Blog post,,Si,scenario analysis. what to do when thing do not go so well in the classroom?
"Septimo encuentro del Club de lectura. Comunidad, comunicación y reuniones",2022,Blog post,Blog post,,Si,"septimo encuentro del club de lectura. comunidad, comunicación y reuniones"
Sexto encuentro del Club de lectura. Enseñando en persona y on-line.,2022,Blog post,Blog post,,Si,sexto encuentro del club de lectura. enseñando en persona y on-line.
"Sistema de consulta de datos e información agrometeorológica y agroclimática para la provincia de La Pampa. Juan Pablo Ferrandez, Natalia Gatinoni, Romina Mezher, María José Pizarro, Lorena Verónica Carreño, Rosario Olguín Paez, María Laura Belmonte, Yanina Bellini Saibene. LatinR 2022.",2022,"En Congresos, Seminarios, Simposios y Jornadas Internacionales",International Conferences,https://github.com/LatinR/presentaciones-LatinR2022/blob/main/papers/LatinR2022_propuesta_8859.pdf,,"sistema de consulta de datos e información agrometeorológica y agroclimática para la provincia de la pampa. juan pablo ferrandez, natalia gatinoni, romina mezher, maría josé pizarro, lorena verónica carreño, rosario olguín paez, maría laura belmonte, yanina bellini saibene. latinr 2022."
Sticky notes when teaching (on-line),2022,Blog post,Blog post,,Si,sticky notes when teaching (on-line)
Tercer encuentro del Club de Lectura. Arquitectura cognitiva y aprendizaje Individual,2022,Blog post,Blog post,,Si,tercer encuentro del club de lectura. arquitectura cognitiva y aprendizaje individual
The Call for Tutorials Proposal,2022,Blog post,Blog post,,Si,the call for tutorials proposal
Traducción de los contenidos de MetaDocencia,2022,Blog post,Blog post,,Si,traducción de los contenidos de metadocencia
Un cambio de imagen y de estrategia de comunicación en Metadocencia,2022,Blog post,Blog post,,Si,un cambio de imagen y de estrategia de comunicación en metadocencia
Un club de lectura para seguir aprendiendo a enseñar,2022,Blog post,Blog post,,Si,un club de lectura para seguir aprendiendo a enseñar
Un mapa de mis lectores,2022,Blog post,Blog post,,Si,un mapa de mis lectores
Plans for the year,2024,Blog post,Blog post,,Si,plans for the year
Usando Apache Arrow para analizar el padron electoral argentino del 2011.,2024,Blog post,Blog post,,Si,usando apache arrow para analizar el padron electoral argentino del 2011.
Zenodo,2024,Blog post,Blog post,,Si,zenodo
Máquina nocional,2024,Blog post,Blog post,,Si,máquina nocional
Cooperative,2024,Blog post,Blog post,,Si,cooperative
Bring Your Own Data week for TidyTuesday,2024,Blog post,Blog post,,Si,bring your own data week for tidytuesday
Citizen science and governance models,2024,Blog post,Blog post,,Si,citizen science and governance models
SisINTAR. Un paquete para gestionar datos de perfiles de suelos de Argentina,2024,Blog post,Blog post,,Si,sisintar. un paquete para gestionar datos de perfiles de suelos de argentina
"Did you realize that we live in a reality where SciHub is illegal, and OpenAI is not?",2024,Blog post,Blog post,,Si,"did you realize that we live in a reality where scihub is illegal, and openai is not?"
Participación Latinoamérica en el Programa de Campeonas y Campeones de rOpenSci,2024,Blog post,Blog post,,,participación latinoamérica en el programa de campeonas y campeones de ropensci
rOpenSci 2023 Code of Conduct Transparency Report,2024,Blog post,Blog post,,,ropensci 2023 code of conduct transparency report
Learning to code in 30 lessons,2024,Blog post,Blog post,,Si,learning to code in 30 lessons
Primer encuentro. Aprendiendo a Programar en 30 lecciones,2024,Blog post,Blog post,,Si,primer encuentro. aprendiendo a programar en 30 lecciones
Introducing rOpenSci Champions - Cohort 2023-2024,2024,Blog post,Blog post,,,introducing ropensci champions - cohort 2023-2024
"Beautiful Code, Because We’re Worth It!",2024,Blog post,Blog post,,,"beautiful code, because we’re worth it!"
GitHub Stars 2024 Award,2024,Blog post,Blog post,,Si,github stars 2024 award
Segundo encuentro. Aprendiendo a Programar en 30 lecciones,2024,Blog post,Blog post,,Si,segundo encuentro. aprendiendo a programar en 30 lecciones
rOpenSci Code of Conduct Annual Review,2024,Blog post,Blog post,,,ropensci code of conduct annual review
Marketing Ideas For Your Package,2024,Blog post,Blog post,,,marketing ideas for your package
Tercer Encuentro. Aprendiendo a Programar en 30 lecciones,2024,Blog post,Blog post,,Si,tercer encuentro. aprendiendo a programar en 30 lecciones
rOpenSci Champions Pilot Year: Projects Wrap-Up,2024,Blog post,Blog post,,,ropensci champions pilot year: projects wrap-up
Cuarto Encuentro. Aprendiendo a Programar en 30 lecciones,2024,Blog post,Blog post,,Si,cuarto encuentro. aprendiendo a programar en 30 lecciones
Quinto Encuentro. Aprendiendo a Programar en 30 lecciones,2024,Blog post,Blog post,,Si,quinto encuentro. aprendiendo a programar en 30 lecciones
Romper las barreras lingüísticas en la ciencia de datos con glosario.,2024,Blog post,Blog post,,Si,romper las barreras lingüísticas en la ciencia de datos con glosario.
Evaluación de herramientas digitales e información remota en rotaciones de cultivos extensivos en la región semiárida,2024,Blog post,Blog post,,Si,evaluación de herramientas digitales e información remota en rotaciones de cultivos extensivos en la región semiárida
Sexto Encuentro. Aprendiendo a Programar en 30 lecciones,2024,Blog post,Blog post,,Si,sexto encuentro. aprendiendo a programar en 30 lecciones
Fostering Equity and Leadership: the rOpenSci Champions Program Selection Process,2024,Blog post,Blog post,,,fostering equity and leadership: the ropensci champions program selection process
Septimo Encuentro. Aprendiendo a Programar en 30 lecciones,2024,Blog post,Blog post,,Si,septimo encuentro. aprendiendo a programar en 30 lecciones
Octavo Encuentro. Aprendiendo a Programar en 30 lecciones,2024,Blog post,Blog post,,Si,octavo encuentro. aprendiendo a programar en 30 lecciones
Cancer,2024,Blog post,Blog post,,Si,cancer
Day 1. 3 reasons why you need to learn to teach effectively,2024,Blog post,Blog post,,Si,day 1. 3 reasons why you need to learn to teach effectively
Day 2. The 3 types of learners you need to know before starting teaching,2024,Blog post,Blog post,,Si,day 2. the 3 types of learners you need to know before starting teaching
Day 3. The Best Tools For Sparking ‘Aha’ Moments In Your Students,2024,Blog post,Blog post,,Si,day 3. the best tools for sparking ‘aha’ moments in your students
Day 4. Are Your Students Learning? How to check for learning as we’re teaching.,2024,Blog post,Blog post,,Si,day 4. are your students learning? how to check for learning as we’re teaching.
Day 5. From Learning to Choosing to Coding - How Our Memory Plays a Central Role,2024,Blog post,Blog post,,Si,day 5. from learning to choosing to coding - how our memory plays a central role
Day 6. The Best Way To Get Started Learning About Teaching to Code,2024,Blog post,Blog post,,Si,day 6. the best way to get started learning about teaching to code
"Day 7. We Learn Better Together, Community of Practice and Education.",2024,Blog post,Blog post,,Si,"day 7. we learn better together, community of practice and education."
Day 8. The Participatory Live Coding Framework: A Structured Approach for Programming Educators,2024,Blog post,Blog post,,Si,day 8. the participatory live coding framework: a structured approach for programming educators
Day 9. Distilling how to use Participatory Live Coding in-person and online - Tip 1,2024,Blog post,Blog post,,Si,day 9. distilling how to use participatory live coding in-person and online - tip 1
Noveno Encuentro. Aprendiendo a Programar en 30 lecciones,2024,Blog post,Blog post,,Si,noveno encuentro. aprendiendo a programar en 30 lecciones
Day 10. Distilling how to use Participatory Live Coding in-person and online - Tip 2,2024,Blog post,Blog post,,Si,day 10. distilling how to use participatory live coding in-person and online - tip 2
Day 11. Distilling how to use Participatory Live Coding in-person and online - Tip 3 y 4,2024,Blog post,Blog post,,Si,day 11. distilling how to use participatory live coding in-person and online - tip 3 y 4
Day 12. Distilling how to use Participatory Live Coding in-person and online - Tip 5,2024,Blog post,Blog post,,Si,day 12. distilling how to use participatory live coding in-person and online - tip 5
Day 13: Distilling how to use Participatory Live Coding in-person and online - Tip 6,2024,Blog post,Blog post,,Si,day 13: distilling how to use participatory live coding in-person and online - tip 6
Day 14: Distilling how to use Participatory Live Coding in-person and online - Tip 7 and 8,2024,Blog post,Blog post,,Si,day 14: distilling how to use participatory live coding in-person and online - tip 7 and 8
Day 15: Distilling how to use Participatory Live Coding in-person and online - Tip 9 and 10,2024,Blog post,Blog post,,Si,day 15: distilling how to use participatory live coding in-person and online - tip 9 and 10
Day 16: Debunking 4 Tenacious Educational Programming Myths for Better Teaching Outcomes,2024,Blog post,Blog post,,Si,day 16: debunking 4 tenacious educational programming myths for better teaching outcomes
Day 17: 2 Software Tools I Can’t Live Without For Creating Content in English,2024,Blog post,Blog post,,Si,day 17: 2 software tools i can’t live without for creating content in english
Day 18: Understanding Brain Plasticity: Highlights from Neuroscience in the School For The Pragmatic Teacher,2024,Blog post,Blog post,,Si,day 18: understanding brain plasticity: highlights from neuroscience in the school for the pragmatic teacher
Day 19: 6 Simple (But Effective) Learning Strategies I’d Give Anyone To Improve Their Learning,2024,Blog post,Blog post,,Si,day 19: 6 simple (but effective) learning strategies i’d give anyone to improve their learning
Day 20: The First-Time Online Programming Teacher Playbook.,2024,Blog post,Blog post,,Si,day 20: the first-time online programming teacher playbook.
Day 21: One Tool That Improves My Teaching and Students' Engagement.,2024,Blog post,Blog post,,Si,day 21: one tool that improves my teaching and students' engagement.
Day 22: The Best Way To Continue Improving Your Teaching: Feedback 101,2024,Blog post,Blog post,,Si,day 22: the best way to continue improving your teaching: feedback 101
Day 23. 1 Tip I Would Give Anyone Who Wanted To Ensure Students Engagement Online,2024,Blog post,Blog post,,Si,day 23. 1 tip i would give anyone who wanted to ensure students engagement online
Day 24. The Single Most Powerful Technique to Foster Students' Motivation in Programming Classes,2024,Blog post,Blog post,,Si,day 24. the single most powerful technique to foster students' motivation in programming classes
Day 25. 4 Quick Tips to Make Your Teaching More Accessible,2024,Blog post,Blog post,,Si,day 25. 4 quick tips to make your teaching more accessible
"Day 26. Education, Computers, and Power.",2024,Blog post,Blog post,,Si,"day 26. education, computers, and power."
Day 27. A Question About AI and Education I’ve Been Asking Myself Lately (And Why),2024,Blog post,Blog post,,Si,day 27. a question about ai and education i’ve been asking myself lately (and why)
Day 28: My 3 Favorite Newsletters For Learning #RStats,2024,Blog post,Blog post,,Si,day 28: my 3 favorite newsletters for learning #rstats
Day 29. Building Effective Tech Lessons 101. Learning by Example.,2024,Blog post,Blog post,,Si,day 29. building effective tech lessons 101. learning by example.
Day 30. 3 Things I Learned Writing Online Every Day For 30 Days In A Row.,2024,Blog post,Blog post,,Si,day 30. 3 things i learned writing online every day for 30 days in a row.
Two years and twelve projects as Community Manager at rOpenSci,2024,Blog post,Blog post,,Si,two years and twelve projects as community manager at ropensci
Dos años y doce proyectos en rOpenSci como Community Manager,2024,Blog post,Blog post,,Si,dos años y doce proyectos en ropensci como community manager
Project 1 - rOpenSci's Code of Conduct and Code of Conduct Committee,2024,Blog post,Blog post,,Si,project 1 - ropensci's code of conduct and code of conduct committee
El Codigo de Conducta en rOpenSci,2024,Blog post,Blog post,,Si,el codigo de conducta en ropensci
"Proyecto 3 - Dos años de escribir, dar charlar y enseñar con la comunidad de rOpenSci Community",2024,Blog post,Blog post,,Si,"proyecto 3 - dos años de escribir, dar charlar y enseñar con la comunidad de ropensci community"
"Project 3 - Two Years of Writing, Speaking, and Teaching with the rOpenSci Community",2024,Blog post,Blog post,,Si,"project 3 - two years of writing, speaking, and teaching with the ropensci community"
Using GitHub to plan community calls for rOpenSci,2024,Blog post,Blog post,,Si,using github to plan community calls for ropensci
Proyecto 2 - Las Estrellas del Universo R,2024,Blog post,Blog post,,Si,proyecto 2 - las estrellas del universo r
Project 2 - The Stars of R-Universe,2024,Blog post,Blog post,,Si,project 2 - the stars of r-universe
"Metrics, Impact and Community Management",2024,Blog post,Blog post,,,"metrics, impact and community management"
rOpenSci Community Collaboration Insight Using Social Networks Analysis,2024,Blog post,Blog post,,,ropensci community collaboration insight using social networks analysis
Una mirada retrospectiva al 2024,2024,Blog post,Blog post,,Si,una mirada retrospectiva al 2024
A Look Back at 2024,2024,Blog post,Blog post,,Si,a look back at 2024
Proyecto 4 - Eventos de la comunidad,2024,Blog post,Blog post,,Si,proyecto 4 - eventos de la comunidad
Project 4 - Community Events,2024,Blog post,Blog post,,Si,project 4 - community events
Measuring and Assessing Open Source Project Impact and Community Health. A CZI EOSS Community Call Resource,2024,Blog post,Blog post,,Si,measuring and assessing open source project impact and community health. a czi eoss community call resource
Adding Multiple choice quiz to Quarto Live Tutorials,2024,Blog post,Blog post,,Si,adding multiple choice quiz to quarto live tutorials
10 Simple Rules for Leadership Without Formal Authority. A resource for Open Source Leaders,2024,Blog post,Blog post,,Si,10 simple rules for leadership without formal authority. a resource for open source leaders
Managing an Open Source Project. A Checklist of Issues to Consider,2024,Blog post,Blog post,,Si,managing an open source project. a checklist of issues to consider
Skytorial and Linkedtorial 4 - Issues on GitHub,2025,Blog post,Blog post,,Si,skytorial and linkedtorial 4 - issues on github
Skytorial and Linkedtorial 3 - Repositories on GitHub,2025,Blog post,Blog post,,Si,skytorial and linkedtorial 3 - repositories on github
Skytorial and Linkedtorial 2: Your Profile on GitHub,2025,Blog post,Blog post,,Si,skytorial and linkedtorial 2: your profile on github
Skytorial and Linkedtorial 1: Introduction to GitHub for Researchers,2025,Blog post,Blog post,,Si,skytorial and linkedtorial 1: introduction to github for researchers
Nature Interview: Six questions to ask before jumping into a spreadsheet,2025,Blog post,Blog post,,Si,nature interview: six questions to ask before jumping into a spreadsheet
Nature Interview: Which programming language should I use? A guide for early-career researchers,2025,Blog post,Blog post,,Si,nature interview: which programming language should i use? a guide for early-career researchers
Trae tus propios datos - TidyTuesday 2025,2025,Blog post,Blog post,,Si,trae tus propios datos - tidytuesday 2025
GitHub Stars 2025 Award,2025,Blog post,Blog post,,Si,github stars 2025 award
Implementing Software Peer Review. Tips and Examples,2025,Blog post,Blog post,,Si,implementing software peer review. tips and examples
Reviewing the year gone,2023,Blog post,Blog post,,Si,reviewing the year gone
Mi primera Posit Conf en persona,2023,Blog post,Blog post,,Si,mi primera posit conf en persona
Maradona or Messi ?,2023,Blog post,Blog post,,Si,maradona or messi ?
"LatinR 2023, meeting again in person",2023,Blog post,Blog post,,Si,"latinr 2023, meeting again in person"
Mastodon Quick Start Guide,2023,Blog post,Blog post,,Si,mastodon quick start guide
Three currencies of payment for our work,2023,Blog post,Blog post,,Si,three currencies of payment for our work
Proyectos de GitHub para ordenar el trabajo,2023,Blog post,Blog post,,Si,proyectos de github para ordenar el trabajo
Multilingual Data Science. Part 2.,2023,Blog post,Blog post,,Si,multilingual data science. part 2.
Multilingual Data Science. Part 1.,2023,Blog post,Blog post,,Si,multilingual data science. part 1.
How To Use Videos In Your Classes,2023,Blog post,Blog post,,Si,how to use videos in your classes
Diez consejos rápidos para enseñar con programación (participativa) en vivo (en línea),2023,Blog post,Blog post,,Si,diez consejos rápidos para enseñar con programación (participativa) en vivo (en línea)
"DSxD Anthology Vol. 2. Our Environment. A collection of work by data designers, artists, and scientists",2023,Blog post,Blog post,,Si,"dsxd anthology vol. 2. our environment. a collection of work by data designers, artists, and scientists"
DEI Tip Sheet. Virtual event accessibility guiding questions.,2023,Blog post,Blog post,,Si,dei tip sheet. virtual event accessibility guiding questions.
Once años,2023,Blog post,Blog post,,Si,once años
Eleven years,2023,Blog post,Blog post,,Si,eleven years
What have I been reading?,2023,Blog post,Blog post,,Si,what have i been reading?
Why do I teach?,2023,Blog post,Blog post,,Si,why do i teach?
In pursuit of a VISA,2023,Blog post,Blog post,,Si,in pursuit of a visa
"Csv,Conf,v7 in Buenos Aires, Argentina",2023,Blog post,Blog post,,Si,"csv,conf,v7 in buenos aires, argentina"
A beautiful lesson,2023,Blog post,Blog post,,Si,a beautiful lesson
Daily routine,2023,Blog post,Blog post,,Si,daily routine
A year in The Carpentries' Executive Council,2023,Blog post,Blog post,,Si,a year in the carpentries' executive council
Puntapié inicial de nuestro programa de campeonas y campeones,2023,Blog post,Blog post,,Si,puntapié inicial de nuestro programa de campeonas y campeones
rOpenSci Champions Program Kick off,2023,Blog post,Blog post,,Si,ropensci champions program kick off
Pequeños científicos,2023,Blog post,Blog post,,Si,pequeños científicos
Little Scientists,2023,Blog post,Blog post,,Si,little scientists
Ten quick tips for teaching with (participatory) live coding (online),2023,Blog post,Blog post,,Si,ten quick tips for teaching with (participatory) live coding (online)
Call for Tutorials - Review,2023,Blog post,Blog post,,Si,call for tutorials - review
Expanding our Community through Multilingual Publishing,2023,Blog post,Blog post,,Si,expanding our community through multilingual publishing
Agrandando nuestra comunidad con publicaciones multi-idioma,2023,Blog post,Blog post,,Si,agrandando nuestra comunidad con publicaciones multi-idioma
TidyTuesday - Bring Your Own Data Week!,2023,Blog post,Blog post,,Si,tidytuesday - bring your own data week!
rOpenSci Code of Conduct Committee Templates,2025,Blog post,Blog post,,No,ropensci code of conduct committee templates
From Surviving to Thriving: A Convening to Reclaim and Sustain Open Science Communities,2025,Blog post,Blog post,,No,from surviving to thriving: a convening to reclaim and sustain open science communities
rOpenSci Champions Second Cohort: Projects Wrap-Up,2025,Blog post,Blog post,,No,ropensci champions second cohort: projects wrap-up
"Exploring Open Science, R Packages, and Research Software Development at the CSIDNet AGM 2025",2025,Blog post,Blog post,,No,"exploring open science, r packages, and research software development at the csidnet agm 2025"
Open Science with a Latin American Identity: Meet the New Cohort of the rOpenSci Champions Program,2025,Blog post,Blog post,,No,open science with a latin american identity: meet the new cohort of the ropensci champions program
Announcing New Stats Software Peer Review Editors: Emi Tanaka and Nima Hejazi,2025,Blog post,Blog post,,No,announcing new stats software peer review editors: emi tanaka and nima hejazi
Multilingual Publishing: Frequently Asked Questions,2025,Blog post,Blog post,,No,multilingual publishing: frequently asked questions
"New Mentoring Team, Same Open Science Spirit",2025,Blog post,Blog post,,No,"new mentoring team, same open science spirit"
Supporting rOpenSci Mentors with Practical Tools,2025,Blog post,Blog post,,No,supporting ropensci mentors with practical tools
rOpenSci Participation at NumFOCUS’ DISC Unconf,2025,Blog post,Blog post,,No,ropensci participation at numfocus’ disc unconf
rOpenSci Code of Conduct Annual Review,2025,Blog post,Blog post,,No,ropensci code of conduct annual review
Template To Handle Code of Conduct Incidents Reports,2025,Blog post,Blog post,,No,template to handle code of conduct incidents reports
rOpenSci Champions Program 2025: In Spanish!,2025,Blog post,Blog post,,No,ropensci champions program 2025: in spanish!
Coworking Mini-Hackathon for First-Time Contributors,2025,Blog post,Blog post,,No,coworking mini-hackathon for first-time contributors
rOpenSci 2024 Code of Conduct Transparency Report,2025,Blog post,Blog post,,No,ropensci 2024 code of conduct transparency report
Introducing the rOpenSci Localization and Translation Guidelines,2024,Blog post,Blog post,,No,introducing the ropensci localization and translation guidelines
Looking for Maintainers to Support First-Time Contributors,2024,Blog post,Blog post,,No,looking for maintainers to support first-time contributors
Fostering Open Science in Latin America: CZI Awards Funds for Sustainable Research Software Development,2024,Blog post,Blog post,,No,fostering open science in latin america: czi awards funds for sustainable research software development
"Metrics, Impact and Community Management",2024,Blog post,Blog post,,No,"metrics, impact and community management"
rOpenSci Community Collaboration Insight Using Social Networks Analysis,2024,Blog post,Blog post,,No,ropensci community collaboration insight using social networks analysis
Introducing rOpenSci Mentors - Cohort 2023-2024,2023,Blog post,Blog post,,No,introducing ropensci mentors - cohort 2023-2024
The rOpenSci Multiverse,2023,Blog post,Blog post,,No,the ropensci multiverse
How to Translate a Hugo Blog Post with Babeldown,2023,Blog post,Blog post,,No,how to translate a hugo blog post with babeldown
Attract Contributors with ‘help wanted’ Issues,2023,Blog post,Blog post,,No,attract contributors with ‘help wanted’ issues
Meeting the Stars of the R-Universe: The R-Universe Against Diseases.,2023,Blog post,Blog post,,No,meeting the stars of the r-universe: the r-universe against diseases.
Organizing Community Calls using GitHub,2023,Blog post,Blog post,,No,organizing community calls using github
rOpenSci Champions Pilot Year: Training Wrap-Up,2023,Blog post,Blog post,,No,ropensci champions pilot year: training wrap-up
Open Call for rOpenSci Champions Program Applications!,2023,Blog post,Blog post,,No,open call for ropensci champions program applications!
How do you measure the impact of a champions program?,2023,Blog post,Blog post,,No,how do you measure the impact of a champions program?
rOpenSci’s Communication Channels for Safe and Friendly Exchange,2023,Blog post,Blog post,,No,ropensci’s communication channels for safe and friendly exchange
"Meeting the Stars of the R-Universe: PEcAn, an Open Source Project to Take Care of the Planet",2023,Blog post,Blog post,,No,"meeting the stars of the r-universe: pecan, an open source project to take care of the planet"
Meeting the Stars of the R-Universe: Researching Our Brain with the Magic of the R-Universe,2023,Blog post,Blog post,,No,meeting the stars of the r-universe: researching our brain with the magic of the r-universe
Meeting the Stars of the R-universe: ThinkR’s Approach to Contributing to a Growing and Friendly R Community,2023,Blog post,Blog post,,No,meeting the stars of the r-universe: thinkr’s approach to contributing to a growing and friendly r community
rOpenSci Champions Program Kick off,2023,Blog post,Blog post,,No,ropensci champions program kick off
rOpenSci Code of Conduct Annual Review,2023,Blog post,Blog post,,No,ropensci code of conduct annual review
rOpenSci 2022 Code of Conduct Transparency Report,2023,Blog post,Blog post,,No,ropensci 2022 code of conduct transparency report
rOpenSci Localization and Translation Guidelines. Why and how we localize and translate our resources.,2023,Book,Book,,No,ropensci localization and translation guidelines. why and how we localize and translate our resources.
Guía de localización y traducción de rOpenSci. Cómo y porqué traducimos y localizamos nuestros recursos.,2023,Translations,Translations,,No,guía de localización y traducción de ropensci. cómo y porqué traducimos y localizamos nuestros recursos.
"Paquetes de rOpenSci: Desarrollo, mantenimiento y revisión por pares.",2024,Translations,Translations,,No,"paquetes de ropensci: desarrollo, mantenimiento y revisión por pares."
Divide and Conquer: From polar To the Polarverse,2023,Translations,Translations,,No,divide and conquer: from polar to the polarverse
Bridges and Communities. My Journey as an rOpenSci Champion,2025,Translations,Translations,,No,bridges and communities. my journey as an ropensci champion
"Revisión del software, perspectivas de un académico",2025,Translations,Translations,,No,"revisión del software, perspectivas de un académico"
"Código bonito, ¡porque lo valemos!",2024,Translations,Translations,,No,"código bonito, ¡porque lo valemos!"
Atraer colaboradores con issues de ‘se busca ayuda’,2023,Blog post,Blog post,,No,atraer colaboradores con issues de ‘se busca ayuda’
Evaluar la actividad en GitHub de los colaboradores,2022,Translations,Translations,,No,evaluar la actividad en github de los colaboradores
Todas las Formas de Editar o Analizar Programáticamente Documentos R Markdown / Quarto,2025,Translations,Translations,,No,todas las formas de editar o analizar programáticamente documentos r markdown / quarto
Edición multilingüe: preguntas frecuentes,2025,Blog post,Blog post,,No,edición multilingüe: preguntas frecuentes
rOpenSci Champions Program Mentor Guidelines v2.0,2024,Book,Book,,No,ropensci champions program mentor guidelines v2.0
Cómo vivir de la enseñanza - Empezando a enseñar,2022,Blog Post,Blog,https://yabellini.netlify.app/blog/page/4/,,
Cómo vivir de la enseñanza - Dandote a conocer,2022,Blog Post,Blog,https://yabellini.netlify.app/blog/2022_teaching-getting-paid_es/03-teaching-getting-paid/,,
Cómo vivir de la enseñanza - Como determinar cuanto cobrar,2022,Blog Post,Blog,https://yabellini.netlify.app/blog/2022_teaching-getting-paid_es/02-teaching-getting-paid/,,
Experiences teaching on-line - Organizing a practical class online,2022,Blog Post,Blog,https://yabellini.netlify.app/blog/2022_teaching_en/02-teaching/,,
Experiencias enseñando on-line - Organizando una clase práctica online,2022,Blog Post,Blog,https://yabellini.netlify.app/blog/2022_teaching_es/02-teaching/,,
Experiencias enseñando on-line - trecientos,2022,Blog Post,Blog,https://yabellini.netlify.app/blog/2022_teaching_es/01-teaching/,,
Metadocencia: Nurturing educators in Spanish-speaking research communities,2022,Blog Post,Blog,https://www.software.ac.uk/blog/2022-05-17-metadocencia-nurturing-educators-spanish-speaking-research-communities,,
Experiences teaching on-line - 300 (three hundred),2022,Blog Post,Blog,https://yabellini.netlify.app/blog/2022_teaching_en/01-teaching/,,
MiR Community Highlight: Yanina Noemí Bellini Saibene,2022,Blog Post,Blog,https://mircommunity.com/blog/mir-community-highlight-yanina-noem%C3%AD-bellini-saibene/,,
My participation at Gaps & Opportunities for Inclusive Multilingual Data Science,2022,Blog Post,Blog,https://yabellini.netlify.app/blog/2022_ttw_translations/,,
[Open Course] From Spreadsheets to R,2022,Open Source Project,Software,https://yabellini.netlify.app/courses/fromspreadsheettor/,,
[Open Course] - Ciencia de Datos para el Turismo,2022,Open Source Project,Software,https://yabellini.netlify.app/courses/cd_turismo_2021/,,
[Open Course] Introduction to interactive tutorials,2022,Open Source Project,Software,https://yabellini.netlify.app/courses/interactive_tutorials_intro/,,
[Open Course] - Version Control. Primeros pasos de Git con GitHub y R,2022,Open Source Project,Software,https://yabellini.netlify.app/courses/git_rstudio_course/,,
[Open Course] How to teach programming online,2022,Open Source Project,Software,https://yabellini.netlify.app/courses/teach_programming/,,
[Open Course] - Introducción al ABC para enseñar (y hacer otras cosas) online,2022,Open Source Project,Software,https://yabellini.netlify.app/courses/introalabc_corto/,,
[Open Course]-Introduction to online teaching essentials,2022,Open Source Project,Software,https://yabellini.netlify.app/courses/intro-abc-online/,,
Ten simple rules to host an inclusive conference,2022,Article,Article,https://journals.plos.org/ploscompbiol/article?id=10.1371/journal.pcbi.1010164#sec006,,
useR! Knowledgebase,2021,Open Source Project,Software,https://rconf.gitlab.io/userknowledgebase/main/index.html,,
Champions Program — A mentoring & training program for Scientific Open Source Champions,2022,Open Source Project,Software,https://ropensci.org/champions/,,
"Conociendo a las estrellas del universo R: comunidad R, intercambiar y aprender",2022,Blog Post,Blog,https://ropensci.org/blog/2022/11/23/r-universe-stars-1-es/,,
"Meeting the stars of the R-universe: R Community, Exchange and Learn",2022,Blog Post,Blog,https://ropensci.org/blog/2022/11/23/r-universe-stars-1-en/,,
Become a Mentor for rOpenSci Champions!,2022,Blog Post,Blog,https://ropensci.org/blog/2022/10/20/mentors-champions-program/,,
¡Anunciamos el programa de Campeones y Campeonas de rOpenSci!,2022,Blog Post,Blog,https://ropensci.org/blog/2022/09/22/launch-champions-program-es/,,
Announcing the rOpenSci Champions Program!,2022,Blog Post,Blog,https://ropensci.org/blog/2022/09/22/launch-champions-program/,,
rOpenSci Code of Conduct Update,2022,Blog Post,Blog,https://ropensci.org/blog/2022/07/12/coc-update/,,
Traducción al español de La Guía del Viajero al Aprendizaje Automático Responsable,2022,Open Source Project,Software,https://yabellini.netlify.app/project/rml_es/,,
MetaDocencia en una caja Paquete 1. Como enseñamos nuestros cursos,2022,Open Source Project,Software,https://yabellini.netlify.app/project/metadocenciaenunacaja/,,
learnR4free - Aprendiendo R gratis,2022,Open Source Project,Software,https://yabellini.netlify.app/project/learnr4free/,,
Cómo participar en rOpenSci,2021,Blog Post,Blog,https://ropensci.org/blog/2022/09/13/contributing-ropensci-es/,,
Red de radares de INTA,2020,Open Source Project,Software,https://github.com/INTA-Radar,,
AgroMet,2021,Open Source Project,Software,https://github.com/AgRoMeteorologiaINTA,,
Suelos del INTA,2021,Open Source Project,Software,https://github.com/INTA-Suelos,,
Enseñar Tecnología en Comunidad,2021,Open Source Project,Software,https://teachtogether.tech/,,
Twenty-four and a half years,2022,Blog Post,Blog,https://yabellini.netlify.app/blog/2022-12-21-inta/,,
Another lap around the Sun,2022,Blog Post,Blog,https://yabellini.netlify.app/blog/2022-12-31-year-in-review/,,
Otra vuelta al sol,2022,Blog Post,Blog,https://yabellini.netlify.app/blog/2022-12-31-year-in-review_es/,,
Multilingual Data Science: Ten Tips to Translate Science and Tech Content,2023,Article,Article,http://datasciencebydesign.org/blog/multilingual-data-science,,
Call for Tutorials - Review. Series Organizing Tutorials,2023,Blog Post,Blog,https://yabellini.netlify.app/blog/2022_tutorials_series/05-tutorials/,,
Canales de comunicación de rOpenSci: Twitter,2022,Blog Post,Blog,https://ropensci.org/es/blog/2022/11/16/mastodon-es/,,
rOpenSci’s Communication Channels: Twitter,2022,Blog Post,Blog,https://ropensci.org/blog/2022/11/16/mastodon-en/,,
Multilingual Publishing,2022,Open Source Project,Software,https://ropensci.org/multilingual-publishing/,,
"Aprender, ayudar y compartir. El método de ThinkR para crear una comunidad cada vez más grande y amigable de R",2023,Blog Post,Blog,https://ropensci.org/es/blog/2023/02/28/r-universe-stars-2-es/,,
"Enseigner, aider et partager. L’approche de ThinkR pour contribuer à la croissance d’une communauté R conviviale",2023,Blog Post,Blog,https://ropensci.org/fr/blog/2023/02/28/r-universe-stars-2-fr/,,
Conociendo a las estrellas del Universo R: Investigando nuestro cerebro con la magia del universo R,2023,Blog Post,Blog,https://ropensci.org/es/blog/2023/03/30/r-universe-stars-3-es/,,
"Conociendo a las estrellas del Universo R: PEcAn, un proyecto de código abierto para cuidar el planeta",2023,Blog Post,Blog,https://ropensci.org/es/blog/2023/06/06/r-universe-stars-4-es/,,
Los canales de comunicación de rOpenSci para un intercambio seguro y amigable,2023,Blog Post,Blog,https://ropensci.org/es/blog/2023/06/14/ropensci-communication-channels-es/,,
¡Convocatoria abierta para la presentación de candidaturas al Programa de Campeonas y Campeones de rOpenSci!,2023,Blog Post,Blog,https://ropensci.org/es/blog/2023/07/14/launch-champions-program-es/,,
[Open Course] Enseñando Tecnología en Comunidad,2023,Open Source Project,Software,https://yabellini.netlify.app/courses/t3es/,,
Mentorship Training and Orientation. rOpenSci Champions Program,2023,Open Source Project,Software,https://ropensci-training.github.io/ropensci-mentors/,,
[Open Course] De planillas de cálculo a R,2023,Open Source Project,Software,https://yabellini.netlify.app/courses/deplanillasdecalculoar/,,
DEI Tip Sheet: Virtual event accessibility guiding questions,2023,Article,Article,https://zenodo.org/record/8043909,,
[Open Course] - Gestión de Datos,2023,Open Source Project,Software,https://yabellini.github.io/gestiondedatos/,,
How to translate a Hugo blog post with babel down,2023,Blog Post,Blog,https://ropensci.org/blog/2023/09/26/how-to-translate-a-hugo-blog-post-with-babeldown/,,
Attract Contributors with 'help wanted' Issues,2023,Blog Post,Blog,https://ropensci.org/blog/2023/09/19/help-wanted/,,
Cómo traducir un artículo de blog de Hugo con Babeldown,2023,Blog Post,Blog,https://ropensci.org/es/blog/2023/09/26/c%C3%B3mo_traducir_una_entrada_de_blog_de_hugo_con_babeldown/,,
El multiverso de rOpenSci,2023,Blog Post,Blog,https://ropensci.org/es/blog/2023/11/06/r-universe-stars-finale-es/,,
Conociendo a las estrellas del Universo R: El universo R contra las enfermedades.,2023,Blog Post,Blog,https://ropensci.org/es/blog/2023/09/15/r-universe-stars-5-es/,,
rOpenSci Localization and Translation Guidelines Why and how we localize and translate our resources,2023,Article,Article,https://translationguide.ropensci.org/,,
Guía de localización y traducción de rOpenSci. Como y porque localizamos nuestros materiales.,2023,Article,Article,https://translationguide.ropensci.org/es/index.es.html,,
"Paquetes de rOpenSci: Desarrollo, mantenimiento y revisión por pares",2023,Article,Article,https://devdevguide.netlify.app/es/preface.es.html,,
Empowering Open Science: Donate to Support our Mission,2023,Blog Post,Blog,https://ropensci.org/blog/2023/11/21/donation-2023/,,
rstudio/learnr: learnr 0.11.5,2023,Open Source Project,Software,https://zenodo.org/records/8386725,,
R-LADIES GLOBAL AND R-LADIES CHICAGO RECEPTION AT POSIT CONF,2023,Blog Post,Blog,https://rladies.org/news/2023-10-09-positconf-chicago-meetup/,,
GLOBAL TEAM RECRUITING,2023,Blog Post,Blog,https://rladies.org/news/2023-04-11-global-team-recruiting/,,
Multilingual Data Science: Part 1,2023,Blog Post,Blog,https://www.software.ac.uk/blog/multilingual-data-science-part-1,,
Multilingual Data Science: Part 2,2023,Blog Post,Blog,https://www.software.ac.uk/blog/multilingual-data-science-part-2,,
Collaborative Lesson Development Training,2023,Open Source Project,Software,https://www.software.ac.uk/blog/collaborative-lesson-development-training,,
Topic Editor at Journal of Open Source Education,2023,Open Source Project,Software,https://jose.theoj.org/,,
Learning to code in 30 lessons. First lesson.,2024,Blog Post,Blog,https://yabellini.netlify.app/blog/2024_learningtocode/01-learningtocode/,,
Project 1 - rOpenSci’s Code of Conduct and Code of Conduct Committee,2024,Blog Post,Blog,https://yabellini.netlify.app/blog/2024-06-28-ropensci-2years-coc-en/,,
CSCCE Tech Case Study: Using GitHub to plan community calls for rOpenSci,2024,Article,Article,https://doi.org/10.5281/zenodo.12117430,,
Introducción al manejo de grandes volúmenes de datos y datos no estructurados,2024,Open Source Project,Software,https://yabellini.netlify.app/courses/datosmasivos/,,
Introduccion a la programacion II,2024,Open Source Project,Software,https://intro-programacion.netlify.app/,,
Developing Software Together using Git and GitHub,2024,Open Source Project,Software,https://yabellini.netlify.app/courses/git-developing-software-together/,,
Agro Reportes con R,2024,Open Source Project,Software,https://yabellini.netlify.app/courses/agroreportesconr/,,
Teaching Tech Together (2ed),2024,Open Source Project,Software,https://teachingtechtogether.netlify.app/,,
GitHub para investigador(a|e)s,2024,Open Source Project,Software,https://git4researchers-latinr2024.netlify.app/,,
10 Simple Rules for Leadership Without Formal Authority,2024,Article,Article,https://eoss-om-communitycalls.github.io/2024-08-27-10-simple-rules-for-leadership/,,
10 reglas simples para lograr liderazgo sin autoridad formal,2024,Article,Article,https://eoss-om-communitycalls.github.io/2024-08-27-10-simple-rules-for-leadership/es,,
Measuring and Assessing Open Source Project Impact and Community Health,2024,Article,Article,https://eoss-om-communitycalls.github.io/2024-09-26-measuring-open-source-project-impact/,,
Managing an Open Source Project,2024,Article,Article,https://eoss-om-communitycalls.github.io/2024-07-29-managing-an-oss-project/,,
Contributor to Glosario,2024,Open Source Project,Software,https://glosario.carpentries.org/es/,,
Contributor to base R translations,2024,Open Source Project,Software,https://contributor.r-project.org/translations/,,
"rOpenSci News Digest, October 2024",2024,Article,Article,https://ropensci.org/blog/2024/10/23/news-october-2024/,,
"rOpenSci News Digest, September 2024",2024,Article,Article,https://ropensci.org/blog/2024/09/27/news-september-2024/,,
"rOpenSci News Digest, August 2024",2024,Article,Article,https://ropensci.org/blog/2024/08/30/news-august-2024/,,
"rOpenSci News Digest, July 2024",2024,Article,Article,https://ropensci.org/blog/2024/07/19/news-july-2024/,,
"rOpenSci News Digest, June 2024",2024,Article,Article,https://ropensci.org/blog/2024/06/21/ropensci-news-june-2024/,,
"rOpenSci News Digest, May 2024",2024,Article,Article,https://ropensci.org/blog/2024/05/24/ropensci-news-may-2024/,,
"rOpenSci News Digest, April 2024",2024,Article,Article,https://ropensci.org/blog/2024/04/22/ropensci-news-april-2024/,,
"rOpenSci News Digest, March 2024",2024,Article,Article,https://ropensci.org/blog/2024/03/29/ropensci-news-march-2024/,,
"rOpenSci News Digest, February 2024",2024,Article,Article,https://ropensci.org/blog/2024/02/23/news-february-2024/,,
"rOpenSci News Digest, January 2024",2023,Article,Article,https://ropensci.org/blog/2024/01/25/news-january-2024/,,
Mastodon Quick Start Guide,2024,Article,Article,https://zenodo.org/records/14170125,,
Play Book for the rOpenSci Champions Program,2024,Open Source Project,Software,https://github.com/ropenscilabs/champions-program-playbook,,
Nueva cohorte del Programa de Campeon(a|e)s rOpenSci,2025,Blog Post,Blog,https://ropensci.org/es/blog/2025/03/10/campeones-america-latina/,,
Apoyar a los mentores y mentoras de rOpenSci con herramientas prácticas,2025,Blog Post,Blog,https://ropensci.org/es/blog/2025/04/08/mentoring-tools/,,
"Nuevo equipo de mentor(a|e)s, el mismo espíritu de ciencia abierta",2025,Blog Post,Blog,https://ropensci.org/es/blog/2025/06/05/mentors-2025/,,
Presentación de la Guía de localización y traducción de rOpenSci,2024,Blog Post,Blog,https://ropensci.org/es/blog/2024/12/17/guia-localizacion/,,
Publication multilingue : Questions fréquemment posées,2025,Blog Post,Blog,https://ropensci.org/fr/blog/2025/06/23/publication-multilingue-faq/,,
Ciencia abierta con identidad latinoamericana: conocé al nuevo grupo de personas y proyectos del Programa de Campeon(e|a)s de rOpenSci,2025,Blog Post,Blog,https://ropensci.org/es/blog/2025/07/03/champions-2025/,,
Reemplazando la torre de Babel: herramientas para documentos multilingües en R,2024,Article,Article,https://latinr.org/,,
inventarioRRNN. Un paquete de datos en R para abrir datos de recursos naturales de La Pampa.,2024,Article,Article,https://latinr.org/,,
Recognition Beyond Blog Post Authors,2025,Blog Post,Blog,https://ropensci.org/blog/2025/10/14/blog-roles/,,
Reconnaissance au-delà des auteur·rice·s de billets de blog,2025,Blog Post,Blog,https://ropensci.org/fr/blog/2025/10/14/reconnaissance-blog/,,
Reconociendo contribuciones más allá de la autoría en los artículos de blog,2025,Blog Post,Blog,https://ropensci.org/es/blog/2025/10/14/reconocimiento_blog/,,
Open Science & Open Source Ecosystem Map,2025,Article,Article,https://yabellini.github.io/opensiciencemapping/,,
Comment traduire un billet de blog Hugo avec Babeldown,2023,Blog Post,Blog,https://ropensci.org/fr/blog/2023/09/26/comment_traduire_un_billet_de_blog_hugo_avec_babeldown/,,
